key,source,Translation
Crude_Floor_Stone.Description,Un suelo sencillo compuesto de piedras sin pulir.,
Crude_Floor_Stone_V2.Description,Un suelo sencillo compuesto de piedras sin pulir.,
Fortress_Wall_Tiny.Description,Un bloque de piedra.,
Beorn_Wall_1x1_B.Description,Bloque de madera tallada con adornos.,
Advanced_Column_Wood_B.Description,Una columna de madera con un doble soporte decorativo.,
Fortress_Column_4m.Description,Una columna completa con un piso de altura.,
Elder_Wall_Corner.Description,Pieza para esquina de un muro de piedra con una base decorativa en ambos lados.,
Elder_Wall_Corner_V2.Description,Pieza para esquina de un muro de piedra con una base decorativa en ambos lados.,
Advanced_Column_Wood_A.Description,Una columna de madera con un soporte decorativo.,
Beorn_Floor_3x3_A.Description,Suelo de madera pequeño y decorado.,
Beorn_Floor_3x3_B.Description,Suelo de madera pequeño y decorado.,
Beorn_Floor_1x3_A.Description,Tablón de madera pequeño y decorado para el suelo.,
Beorn_Floor_1x3_B.Description,Tablón de madera pequeño y decorado para el suelo.,
RohanPack.Deco_Banner_A.Description,Un estandarte de tela decorativo como los que se usan en Meduseld.,
Deco_Banner_A.Description,Un estandarte de tela decorativo.,
Deco_Banner_A2.Description,Un estandarte de tela decorativo.,
Deco_Banner_B.Description,Un estandarte de tela decorativo.,
Deco_Banner_B2.Description,Un estandarte de tela decorativo.,
Deco_Banner_C.Description,Un estandarte de tela decorativo.,
Deco_Banner_C2.Description,Un estandarte de tela decorativo.,
Deco_Banner_D.Description,Un estandarte de tela decorativo.,
Deco_Banner_D2.Description,Un estandarte de tela decorativo.,
RohanPack.Deco_Banner_B.Description,"Una bandera de tela decorativa, como las que se usan en Meduseld.",
Deco_Banner_E.Description,Una bandera de tela decorativa.,
Deco_Banner_E2.Description,Una bandera de tela decorativa.,
Deco_Banner_F.Description,Una bandera de tela decorativa.,
Deco_Banner_F2.Description,Una bandera de tela decorativa.,
Deco_Banner_G.Description,Una bandera de tela decorativa.,
Deco_Banner_G2.Description,Una bandera de tela decorativa.,
Deco_Banner_H.Description,Una bandera de tela decorativa.,
Deco_Banner_H2.Description,Una bandera de tela decorativa.,
Elder_Wall_Corner_Crown.Description,Una moldura decorativa para esquinas.,
Advanced_Wall_DoorClosed.Description,Una puerta en un elegante muro de granito.,
Advanced_Column_Wood_B_Crown.Description,Un capitel con dos caras para una columna de madera.,
Crude_Stairs.Description,Un tramo de escaleras de madera sencillas.,
Advanced_Stairs_3mWide_2m_Wood.Description,Un tramo de escaleras de madera pulidas.,
Deco_TrollHide_Chair.Description,Trofeo funcional fabricado con los restos de un trol.,
Deco_TrollHide_Ottoman.Description,Trofeo funcional fabricado con los restos de un trol.,
Deco_TrollHide_Sofa.Description,Trofeo funcional fabricado con los restos de un trol.,
Advanced_Wall_Gold_Plain_B.Description,Un muro de granito chapado en oro y con patrones decorativos.,
Advanced_Wall_B.Description,Un muro de granito con detalles en la moldura.,
Advanced_Wall_C.Description,Un muro de granito con detalles en el ribete.,
Fortress_Column_8m.Description,Una gran columna con dos pisos de altura.,
Scaffolding_Balcony_B.Description,Una gran plataforma de madera construida sobre un muro.,
Elder_Window_B.Description,Una gran abertura para ventana en una piedra con grabados decorativos.,
Elder_Window_B_V2.Description,Una gran abertura para ventana en una piedra con grabados decorativos.,
Elder_Window_E.Description,Una gran abertura para ventana en una piedra con grabados decorativos.,
Advanced_Fence_Stone_1m.Description,Una pequeña barandilla de granito.,
Fortress_Stairs_2m.Description,Un largo tramo de escaleras de piedra cuidadosamente talladas.,
Advanced_Stairs_2m.Description,Un largo tramo de escaleras de madera cuidadosamente elaboradas.,
Advanced_Stairs_Railing_2m.Description,Un largo tramo de barandilla para escaleras.,
Crude_Wall_Short.Description,Un muro bajo de piedra.,
Elder_Slope_1m.Description,Un muro de piedra bajo con una inclinación en uno de sus lados.,
Beorn_Wall_1x3_B.Description,Segmento de muro de madera bajo con adornos tallados. ,
Beorn_Wall_1x3_C.Description,Segmento de muro de madera bajo con adornos. ,
Elder_Slope_Corner_2m.Description,Un bloque de piedra de tamaño mediano con inclinaciones a ambos lados.,
Deco_StatueDurin_lV.Description,Un monumento a Durin el Aliado.,
Deco_StatueDurin_l.Description,Un monumento a Durin el Inmortal.,
Deco_StatueDurin_lll.Description,Un monumento a Durin el Defensor.,
Deco_StatueDurin_Vl.Description,Un monumento a Durin el Perdido.,
Deco_StatueDurin_ll.Description,Un monumento a Durin el Abierto.,
Deco_StatueDurin_V.Description,Un monumento a Durin el Asesino.,
Advanced_Stairs_2mWide_4m_Wood.Description,Un tramo más estrecho de escaleras de madera pulidas.,
Advanced_Stairs_2mWide_4m_Stone.Description,Un tramo alto y estrecho de escaleras de piedra.,
Scaffolding_Platform_1x3x1m_Player.Description,Una estrecha viga de madera para crear estructuras.,
Advanced_Stairs_2mWide_2m_Stone.Description,Un tramo estrecho de escaleras de piedra.,
Scaffolding_Platform_1x3x3.Description,Una plataforma alta y estrecha,
Advanced_Wall_Doorframe.Description,Un arco de granito bien trabajado.,
Advanced_Floor_Gold.Description,Un elegante suelo que alterna baldosas de granito y oro.,
Advanced_Floor_Stone.Description,Un elegante suelo con baldosas de granito.,
Advanced_Floor_Stone_V2.Description,Un elegante suelo con baldosas de granito.,
Fortress_Wall_Thin.Description,"Un pilar de un muro de piedra, ideal para rellenar huecos.",
QuickPlatform.Description,Una plataforma fácil de construir que permite a los enanos llegar a distintos lugares.,
Statue_ElberethsBlessing_Buildable.Description,Un terrario elevado de estilo élfico que se utiliza para cultivar el ingrediente clave del lembas.,
Advanced_Fence_Stone.Description,Un segmento de una balaustrada de granito.,
Elder_Slope_2m.Description,Una sección de un muro de piedra grueso con una inclinación en uno de sus lados.,
Beorn_Roof_Slope1_200x100x100_A.Description,Segmento de techo para una cabaña de madera.,
Beorn_Roof_Slope1_200x100x200_A.Description,Segmento de techo para una cabaña de madera.,
Beorn_Roof_Slope1_200x100x300_A.Description,Segmento de techo para una cabaña de madera.,
Beorn_Roof_Slope1_200x200x100_A.Description,Segmento de techo para una cabaña de madera.,
Beorn_Roof_Slope1_200x200x200_A.Description,Segmento de techo para una cabaña de madera.,
Beorn_Roof_Slope1_200x200x300_A.Description,Segmento de techo para una cabaña de madera.,
Beorn_Roof_Slope1_200x300x100_A.Description,Segmento de techo para una cabaña de madera.,
Beorn_Roof_Slope1_200x300x200_A.Description,Segmento de techo para una cabaña de madera.,
Beorn_Roof_Slope1_300x300x300_A.Description,Segmento de techo para una cabaña de madera.,
Crude_Column_Shaft.Description,El fuste para una columna de piedra.,
Advanced_Wall_Short.Description,Una barrera baja construida con ladrillos de granito.,
Advanced_Stairs_1m.Description,Un pequeño tramo de escaleras de madera bien trabajado.,
Fortress_Stairs_1m.Description,Un tramo corto de escaleras de piedra.,
Advanced_Stairs_Railing_1m.Description,Un pequeño tramo de barandilla para escaleras.,
Advanced_Stairs_Railing_1m_V2.Description,Un pequeño tramo de barandilla para escaleras.,
Elder_Archway_Horizontal_Small.Description,Un pequeño trozo de la parte superior de un arco compuesto de piedra.,
Elder_Archway_Horizontal_Small_V2.Description,Un pequeño trozo de la parte superior de un arco compuesto de piedra.,
Scaffolding_Platform_1x1x1m_Player.Description,Una columna de madera corta con una plataforma encima,
Advanced_Wall_Short_B.Description,Una barrera baja y decorada construida con ladrillos de granito.,
Fortress_Wall_Short.Description,Un muro de piedra bajo y grueso.,
Crude_Column,Una columna sencilla de piedra tallada.,
Crude_Column.Description,Una columna sencilla de piedra tallada.,
Advanced_Column_Wood_C_Short.Description,Una columna de madera sencilla reforzada.,
RopeLadder.Description,Una escalera de cuerdas sencilla.,
Beorn_Wall_1x1_C.Description,Bloque de madera sencillo con secciones talladas.,
Beorn_Wall_1x1_A.Description,Bloque de madera sencillo.,
Crude_Floor_Wood.Description,Un suelo sencillo de madera.,
Crude_Floor_Wood_V2.Description,Un suelo sencillo de madera.,
Beorn_Floor_3x3_C.Description,Suelo de madera pequeño y sencillo.,
Beorn_Floor_1x3_C.Description,Tablón de madera pequeño y sencillo para el suelo.,
Beorn_Wall_4x3_C.Description,Muro de madera sencillo con zócalos tallados.,
Beorn_Wall_4x1_A.Description,Muro de madera sencillo.,
Beorn_Wall_4x3_A.Description,Muro de madera sencillo.,
Beorn_Wall_1x3_A.Description,Segmento de muro de madera bajo y sencillo.,
Advanced_Wall_Window_A.Description,Una única abertura para ventana en un muro de granito.,
Advanced_Wall_Window_D.Description,Una única abertura para ventana en un muro de granito.,
Elder_Wall_Tiny_Crown.Description,"Una pequeña sección de la moldura de un muro de piedra bien trabajada, con elementos decorativos.",
Elder_Wall_Tiny_Base.Description,"Una pequeña sección de la base de un muro de piedra bien trabajada, con elementos decorativos.",
Scaffolding_Beam_Open.Description,Una pequeña viga de madera para crear estructuras.,
Elder_Slope_Thin_1m.Description,Un pequeño bloque de piedra con una inclinación en uno de sus lados.,
Advanced_Fence_Wood_1m.Description,Una pequeña barandilla de madera tallada.,
Advanced_Fence_Wood_1m_V2.Description,Una pequeña barandilla de madera tallada.,
Scaffolding_Stairs_1m.Description,Un tramo corto de escaleras de madera desvencijadas.,
Advanced_Floor_Stone_1m.Description,Un elegante y reducido suelo con baldosas de granito.,
Advanced_Floor_Stone_1m_V2.Description,Un elegante y reducido suelo con baldosas de granito.,
Elder_Wall_Tiny_Mid.Description,"Una pequeña sección de un muro de piedra bien trabajada, adornada con elementos decorativos.",
Elder_Wall_Short_B.Description,Una pequeña sección de un muro con una columna decorativa.,
Elder_Wall_Short_E.Description,Una pequeña sección de muro con elementos gravados.,
Advanced_Fence_Wood.Description,Una pequeña sección de una barandilla de madera.,
Advanced_Fence_Wood_V2.Description,Una pequeña sección de una barandilla de madera.,
Crude_Floor_Stone_Small.Description,"Una pequeña baldosa cuadrada, útil para rellenar huecos.",
Elder_Slope_Corner_1m.Description,Un pequeño bloque de piedra con inclinaciones a ambos lados.,
Elder_Slope_Thin_2m.Description,Un pequeño muro de piedra con un borde inclinado.,
Crude_Wall_Tiny.Description,Un pequeño bloque para construir muros.,
Beorn_Floor_1x1_A.Description,Baldosa de madera pequeña y decorada para el suelo.,
Beorn_Floor_1x1_B.Description,Baldosa de madera pequeña y decorada para el suelo.,
Beorn_Floor_1x1_C.Description,Baldosa de madera pequeña y sencilla para el suelo.,
Deco_StatueLantern_A.Description,Una estatua con una lámpara de cristal iluminada.,
Deco_StatueLantern_B.Description,Una estatua con una lámpara de cristal iluminada.,
Crude_Wall.Description,Un robusto muro de piedra.,
Fortress_DoorClosed.Description,Una puerta resistente en un muro grueso.,
Crude_Stairs_2mWide.Description,Un tramo robusto de escaleras de escaleras de madera rudimentarias. ,
Scaffolding_Platform_1x3x4m_Player.Description,Una plataforma alta y estrecha.,
Advanced_Column_Stone.Description,Una alta columna de granito tallada.,
Crude_Column_Tall.Description,Una columna alta de piedra tallada.,
Crude_Stairs_3mWide_4M.Description,Un tramo alto de escaleras de madera sencillas.,
Advanced_Stairs_3mWide_4m_Wood.Description,Un tramo alto de escaleras de madera pulidas.,
Advanced_Stairs_3mWide_4m_Stone.Description,Un tramo alto de escaleras de piedra.,
Advanced_Column_Wood_C.Description,Una columna de madera sencilla reforzada.,
Elder_Wooden_Post.Description,Un poste alto de madera.,
Advanced_Wall_Thin.Description,"Un muro de granito alto y fino, ideal para rellenar huecos.",
Scaffolding_Platform_1x1x4m_Player.Description,Una columna de madera alta y fina con una plataforma encima.,
Beorn_Wall_4x1_B.Description,Segmento de muro de madera alto con adornos tallados.,
Beorn_Wall_4x1_C.Description,Segmento de muro de madera alto con zócalos tallados.,
Fortress_Archway.Description,Un arco grueso de piedra tallada.,
Fortress_Wall_Sloped_Corner.Description,Una esquina gruesa de piedra con una ligera inclinación a ambos lados.,
Fortress_Wall_Window_A.Description,Un muro de piedra grueso con una única ventana.,
Fortress_Wall_Window_B.Description,Un muro de piedra grueso con una ventana a cada lado.,
Fortress_Wall.Description,Un muro de piedra grueso que ofrece una mayor defensa y apoyo.,
Fortress_Wall_Sloped_Thin.Description,Un pilar de muro grueso con un lado inclinado.,
Fortress_Wall_Sloped.Description,Una sección de muro gruesa con una inclinación en uno de sus lados.,
Advanced_Wall_Gold_Thin_A.Description,"Un muro de granito alto y fino con un relieve dorado, ideal para rellenar huecos.",
Advanced_Wall_Gold_Thin_B.Description,"Un muro de granito alto y fino con un relieve dorado, ideal para rellenar huecos.",
Advanced_Wall_Gold_Thin_C.Description,"Un muro de granito alto y fino chapado en oro, ideal para rellenar huecos.",
Crude_Wall_Thin.Description,"Una sección de muro fina, ideal para rellenar huecos.",
Elder_Wall_Thin_D.Description,Un muro de piedra fino con un poste de madera.,
Crude_Floor_Wood_Thin.Description,Una fina tira de suelo de madera.,
Elder_Wall_Thin_A.Description,"Un muro fino compuesto de piedra bien trabajada, ideal para rellenar huecos.",
Elder_Wall_Thin_A_V2.Description,"Un muro fino compuesto de piedra bien trabajada, ideal para rellenar huecos.",
Scaffolding_Balcony_A.Description,Una fina plataforma de madera construida sobre un muro.,
Elder_Wall_Thin_B.Description,Un muro de piedra fino con un rodapié decorativo.,
Elder_Wall_Thin_B_V2.Description,Un muro de piedra fino con un rodapié decorativo.,
Elder_Wall_Thin_C.Description,Un muro de piedra fino con elementos decorativos.,
Scaffolding_Platform_1x1x3.Description,Una columna de madera alta y fina con una plataforma encima,
Deco_SignageTrades_E.Description,Una placa decorativa de un grupo que aboga por la paz por encima de todas las cosas.,
Deco_SignageTrades_K.Description,Una placa decorativa de una solitaria comunidad cuyo propósito no debe ser mencionado.,
Deco_SignageTrades_J.Description,Una placa decorativa.,
Deco_SignageTrades_C.Description,Una placa decorativa de la solitaria secta que sigue las enseñanzas de Mahal.,
Deco_SignageTrades_F.Description,Una placa decorativa de una taberna de Pozo Oscuro.,
Deco_SignageTrades_G.Description,Una placa decorativa de una taberna de las Puertas del Oeste.,
Deco_SignageTrades_D.Description,Una placa decorativa.,
Deco_SignageTrades_B.Description,Una placa decorativa de las armaduras exclusivas del ejército khazâd.,
Deco_SignageTrades_I.Description,Una placa decorativa del gremio de los mineros y escultores.,
Deco_SignageTrades_H.Description,Una placa decorativa de los pastores de cabras y otros animales domesticados.,
Deco_SignageTrades_A.Description,Una placa decorativa.,
Elder_Wall_A.Description,Un muro de piedra muy bien trabajado con detalles decorativos.,
Elder_Wall_A_V2.Description,Un muro de piedra muy bien trabajado con detalles decorativos.,
Elder_Wall_B.Description,Un muro de piedra muy bien trabajado con detalles decorativos.,
Elder_Wall_B_V2.Description,Un muro de piedra muy bien trabajado con detalles decorativos.,
Elder_Wall_C.Description,Un muro de piedra muy bien trabajado con detalles decorativos.,
Elder_Wall_C_V2.Description,Un muro de piedra muy bien trabajado con detalles decorativos.,
Advanced_Wall.Description,Un muro construido a partir de ladrillos de granito cortados y tallados.,
Elder_Wall_E_Crown.Description,Una moldura para muro con piedra en un lado y bonitas decoraciones de madera en el otro.,
Elder_Wall_D.Description,Una sección de muro con piedra en un lado y bonitas decoraciones de madera en el otro.,
Elder_Wall_D_V2.Description,Una sección de muro con piedra en un lado y bonitas decoraciones de madera en el otro.,
Elder_Wall_E.Description,Una sección de muro con piedra en un lado y bonitas decoraciones de madera en el otro.,
Elder_Wall_E_V2.Description,Una sección de muro con piedra en un lado y bonitas decoraciones de madera en el otro.,
Advanced_Wall_Tiny.Description,Un bloque de granito pequeño y bien trabajado.,
Elder_Wall_G_V2.Description,Un muro de piedra bien trabajado con una moldura en la parte superior.,
Elder_Wall_F_V2.Description,Un muro de piedra bien trabajado.,
Elder_Wall_A_Crown.Description,Una moldura para muros bien trabajada con detalles decorativos.,
Elder_Wall_B_Crown.Description,Una moldura para muros bien trabajada con detalles decorativos.,
Elder_Wall_C_Crown.Description,Una moldura para muros bien trabajada con detalles decorativos.,
Crude_Wall_Window.Description,Una abertura para ventana en un muro de piedra sin pulir.,
Elder_Window_A.Description,Una abertura para ventana en una piedra con grabados decorativos.,
Elder_Window_A_V2.Description,Una abertura para ventana en una piedra con grabados decorativos.,
Beorn_Wall_4x3_Arch.Description,Arco de madera con adornos tallados.,
Crude_Wall_DoorClosed.Description,Una puerta de madera con un marco de piedra sin pulir.,
Advanced_Floor_Wood_Tiny.Description,"Una pequeña tabla de madera para suelos, ideal para rellenar huecos.",
Crude_Floor_Wood_Tiny.Description,"Una pequeña tabla de madera para suelos, ideal para rellenar huecos.",
Beorn_Wall_4x3_B.Description,Muro de madera con adornos tallados.,
Advanced_Wall_DoorClosed.Name,Puerta adornada,
Deco_LightLamp_Large_F.Name,Lámpara de ámbar,
Crude_Wall_Doorframe.Description,Un marco de puerta vacío en un muro de piedra sin pulir.,
Advanced_Wall_DoorClosed_Gold.Description,Una puerta decorada chapada en oro en un elegante muro de granito.,
Elder_Archway_C.Description,Un arco ornamental con una pequeña abertura.,
Elder_Archway_C_V2.Description,Un arco ornamental con una pequeña abertura.,
Elder_Archway_A.Description,Un arco ornamental con una amplia abertura.,
Elder_Archway_A_V2.Description,Un arco ornamental con una amplia abertura.,
Advanced_ArchedCeiling_A.Name,Techo arqueado ancho,
Elder_Archway_Vertical_V2.Name,Base del arco,
Beorn_Column_Medium_Base.Description,Base para una columna de madera.,
Scaffolding_Platform_Open.Description,Vigas que forman una estructura cuadrada con la parte superior abierta.,
Deco_Bench_Long.Name,Banco,
Deco_Banner_D2.Name,Estandarte negro de la montaña,
Deco_Banner_H2.Name,Bandera negra de la montaña,
Deco_Carpet_A2.Name,Alfombra azul,
Deco_Carpet_C2.Name,Punta de alfombra azul,
Deco_Banner_A2.Name,Estandarte azul de la fuerza,
Deco_Banner_E2.Name,Bandera azul de la fuerza,
Deco_Bookcase_D.Name,Estantería alta,
Elder_Trellis_3m_B.Name,Reja arqueada,
EntPack.TreePlot.LargeA.Description,Caja de tierra labrada. Planta un esqueje para que crezca un árbol. ,
EntPack.TreePlot.LargeB.Description,Caja de tierra labrada. Planta un esqueje para que crezca un árbol. ,
EntPack.TreePlot.MediumA.Description,Caja de tierra labrada. Planta un esqueje para que crezca un árbol. ,
EntPack.TreePlot.MediumB.Description,Caja de tierra labrada. Planta un esqueje para que crezca un árbol. ,
Deco_Brazier.Name,Brasero,
Deco_SignageTrades_A.Name,Letrero de taberna,
Deco_SignageTrades_F.Name,Hermandad de la cerveza,
HolidayPack.CandelabraB.Name,Candelabro,
Beorn_Column_Medium_Capital.Description,Capitel para una columna de madera.,
Beorn_Wall_4x3_Arch.Name,Arco tallado,
Beorn_Wall_1x3_B.Name,Barrera tallada,
Beorn_Column_MediumRound_Base.Name,Base tallada,
Beorn_Beam_3m_B.Name,Viga tallada,
Beorn_Wall_1x1_B.Name,Bloque tallado,
Beorn_Column_MediumRound_Capital.Name,Capitel tallado,
Beorn_Wall_4x3_Door.Name,Puerta tallada,
Beorn_Column_MediumRound_Shaft.Name,Fuste tallado ,
Beorn_Wall_4x3_B.Name,Muro tallado,
Beorn_Wall_4x3_Window_B.Name,Ventana tallada,
Advanced_Column_Wood_D_Crown.Name,Capitel de madera tallado,
Advanced_ArchedCeiling_Corner.Name,Esquina para techos arqueada,
HolidayPack.StringLightsLong.Name,Cadena de luces,
Deco_Chair_B.Name,Silla,
EntPack.TreePlot.SmallA.Description,Cercado redondo de tierra labrada. Planta un esqueje para que crezca un árbol. ,
EntPack.TreePlot.SmallB.Description,Cercado redondo de tierra labrada. Planta un esqueje para que crezca un árbol. ,
Deco_LightLamp_Large_B.Name,Lámpara de citrino,
Deco_Bookcase_C.Name,Estantería abarrotada,
Advanced_Column_Stone_Base.Name,Basa de columna,
Fortress_Column_Base.Name,Basa de columna,
Advanced_Column_Stone_Crown.Name,Capitel de columna,
Fortress_Column_Crown.Name,Capitel de columna,
Advanced_Column_Stone_Shaft.Name,Fuste de columna,
Fortress_Column_Shaft.Name,Fuste de columna,
Crude_Slope2_CornerAngle_A.Name,Techo en ángulo,
Elder_Stairs_Outside.Name,Escaleras de ángulo exterior,
Elder_Wall_Corner_V2.Name,Muro en ángulo,
Elder_Wall_Corner_Crown.Name,Moldura para muro en ángulo,
OrcHunter.DrakeSkeletonB.Name,Esqueleto de dragón agachado,
Advanced_Column_Wood_D_Crown.Description,Capitel para una columna de madera.,
Advanced_Column_Wood_F_Crown.Description,Capitel de una columna de madera con forma de L.,
Advanced_Column_Wood_G_Crown.Description,Capitel de una columna de madera con forma de L.,
Elder_Wall_Thin_A_Crown.Description,Sección de una moldura de un muro de piedra con elementos decorativos.,
Advanced_Wall_Window_C.Name,Ventana doble con capitel,
Advanced_Wall_Window_D.Name,Ventana con capitel,
Elder_Window_E.Name,Ventana con capitel,
Deco_LightLamp_Large_A.Name,Lámpara de cristal,
Deco_StatueLantern_B.Name,Estatua de cristal (izquierda),
Deco_StatueLantern_A.Name,Estatua de cristal (derecha),
EntPack.TreePlot.MediumB.Name,Caja arbórea de piedra oscura,
Deco_SignageTrades_D.Name,Letrero de herrería,
Beorn_Column_MediumRound_Base.Description,Base decorada para una columna de madera.,
Beorn_Column_MediumRound_Capital.Description,Capitel decorado para una columna de madera.,
Beorn_Column_MediumRound_Shaft.Description,Fuste tallado para una columna de madera.,
Advanced_Wall_Short_B.Name,Barrera decorativa,
Elder_Wall_B_Crown.Name,Moldura decorativa,
Elder_Window_D.Name,Ventana doble decorativa,
Elder_Wall_A_V2.Name,Muro decorativo,
Elder_Wall_Short_E.Name,Base de muro decorativa,
Elder_Wall_D_V2.Name,Paneles decorativos de madera,
Deco_Bench_A.Description,Una bandera de tela decorativa.,
Deco_Bench_B.Description,Mueble decorativo.,
Deco_Bench_Long.Description,Mueble decorativo.,
Deco_Bookcase_A.Description,Mueble decorativo.,
Deco_Bookcase_B.Description,Mueble decorativo.,
Deco_Bookcase_C.Description,Mueble decorativo.,
Deco_Bookcase_D.Description,Mueble decorativo.,
Deco_Chair_A.Description,Mueble decorativo.,
Deco_Chair_B.Description,Mueble decorativo.,
Deco_Chair_Ornate.Description,Mueble decorativo.,
Deco_ScrollShelf_A.Description,Un mueble decorativo.,
Deco_ScrollShelf_B.Description,Mueble decorativo.,
Deco_ScrollShelf_C.Description,Mueble decorativo.,
Deco_ScrollShelf_D.Description,Mueble decorativo.,
Deco_StepLadder.Description,Mueble decorativo.,
Deco_Stool_A.Description,Mueble decorativo.,
Deco_Stool_B.Description,Mueble decorativo.,
Deco_Table_A.Description,Mueble decorativo.,
Deco_Table_Long_A.Description,Mueble decorativo.,
Deco_Table_Long_B.Description,Mueble decorativo.,
Deco_Table_Round.Description,Mueble decorativo.,
Deco_TavernCabinet_A.Description,Mueble decorativo.,
Deco_Vase_C.Description,Mueble decorativo.,
Deco_Vase_D.Description,Mueble decorativo.,
Deco_Vase_F.Description,Mueble decorativo.,
EntPack.PlanterDecoA.Description,Maceta con planta decorativa. No necesita cuidados.,
EntPack.PlanterDecoB.Description,Maceta con planta decorativa. No necesita cuidados.,
EntPack.PlanterDecoC.Description,Maceta con planta decorativa. No necesita cuidados.,
Deco_Rug_A.Description,Revestimiento textil decorativo para suelos.,
Deco_Rug_A2.Description,Revestimiento textil decorativo para suelos.,
Deco_Rug_B.Description,Revestimiento textil decorativo para suelos.,
Deco_Rug_B2.Description,Revestimiento textil decorativo para suelos.,
Deco_Rug_C.Description,Revestimiento textil decorativo para suelos.,
Deco_Rug_C2.Description,Revestimiento textil decorativo para suelos.,
Deco_Rug_D.Description,Revestimiento textil decorativo para suelos.,
Deco_Rug_D2.Description,Revestimiento textil decorativo para suelos.,
Elder_Trellis_3m_A.Description,Madera decorativa fijada siguiendo un patrón.,
Elder_Trellis_3m_B.Description,Madera decorativa con un patrón y la viga inferior arqueada.,
Advanced_Column_Wood_B.Name,Columna de madera con doble soporte,
Fortress_Column_8m.Name,Columna de dos pisos,
Fortress_Wall_Window_B.Name,Doble ventana robusta,
Advanced_Wall_Window_B.Name,Ventana doble,
Advanced_Column_Wood_E_Crown.Description,Capitel doble para una columna de madera.,
OrcHunter.DrakeSkeletonC.Name,Esqueleto de dragón ,
OrcHunter.DrakeSkull.Name,Vitrina de esqueleto de dragón,
HolidayPack.CandelabraC.Name,Candelabro sofisticado,
Statue_ElberethsBlessing_Buildable.Name,Caja agrícola élfica,
EntPack.TreePlot.LargeC.Description,Cercado de tierra labrada. Planta un esqueje para que crezca un árbol. ,
EntPack.PlanterB.Name,Maceta agrícola,
Crude_Stairs_3mWide_1M.Description,Cinco peldaños de madera sencillos.,
Deco_Carpet_A.Description,Revestimiento para el suelo que puede combinarse con otros segmentos de alfombras.,
Deco_Carpet_A2.Description,Revestimiento para el suelo que puede combinarse con otros segmentos de alfombras.,
Deco_Carpet_C.Description,Revestimiento para el suelo que puede combinarse con otros segmentos de alfombras.,
Deco_Carpet_C2.Description,Revestimiento para el suelo que puede combinarse con otros segmentos de alfombras.,
Deco_SignageTrades_C.Name,Seguidores de Mahal ,
OrcHunter.OrcSpikeD.Description,"Lámpara de pie iluminada por calaveras de orcos, trasgos o Uruk en llamas.",
Deco_Bookcase_B.Name,Estantería llena,
Fortress_Column_4m.Name,Columna de un piso,
Beorn_Roof_Slope1_200x100x200_A.Name,Techo completo de pizarra,
Advanced_Wall_DoorClosed_Gold.Name,Puerta dorada,
EntPack.PlanterC.Name,Maceta agrícola dorada,
Advanced_Floor_Gold.Name,Suelo dorado,
Advanced_Wall_Gold_A.Name,Relieve dorado,
Advanced_Wall_Gold_B.Name,Relieve dorado II,
Advanced_Wall_Gold_C.Name,Relieve dorado III,
Advanced_Wall_Gold_Plain_A.Name,Muro dorado,
Advanced_Wall_Gold_Plain_B.Name,Muro dorado II,
Deco_SignageTrades_H.Name,Maestros de las cabras,
Advanced_Wall_Doorframe.Name,Arco de granito,
Advanced_Wall_Short.Name,Barrera de granito,
Advanced_Column_Stone.Name,Columna de granito,
Advanced_Floor_Stone.Name,Suelo de granito,
Advanced_Floor_Stone_V2.Name,Suelo de granito,
Advanced_Fence_Stone.Name,Barandilla de granito,
Advanced_Wall.Name,Muro de granito,
Advanced_Wall_Gold_Plain_A.Description,Muro de granito chapado en oro.,
Advanced_Wall_Window_A.Name,Ventana de granito,
Advanced_Wall_Gold_A.Description,Muro de granito con un relieve dorado de un enano con un yelmo.,
Advanced_Wall_Gold_C.Description,"Muro de granito con un relieve dorado de un enano con trenza, flanqueado por otros dos con yelmos.",
Advanced_Wall_Gold_B.Description,Muro de granito con un relieve dorado de un enano con trenzas.,
Deco_Rug_B2.Name,Alfombra trenzada verde,
Deco_Banner_D.Name,Estandarte verde de la montaña,
Deco_Banner_H.Name,Bandera verde de la montaña,
Deco_SignageTrades_G.Name,Pezuña y yunque,
Advanced_CrossBeam_A_Wood.Description,Estructura de madera horizontal para sostener o reforzar. ,
Beorn_Floor_1x3_B.Name,Tablón mosaico,
Beorn_Floor_3x3_B.Name,Suelo mosaico,
Beorn_Floor_1x1_B.Name,Baldosa mosaico,
Elder_Stairs_Inside.Name,Escaleras de ángulo interior,
Deco_LightLamp_Large_E.Name,Lámpara de iolita,
Deco_SignageTrades_B.Name,Liga de hierro,
Deco_LightLamp_Large_C.Name,Lámpara de jade,
Deco_ScrollShelf_C.Name,Estante para pergaminos revuelto,
Elder_Archway_Vertical.Name,Base de arco grande,
Elder_Archway_Corner_V2.Name,Esquina de arco grande,
Elder_Archway_Horizontal_Large.Name,Clave de arco grande,
Scaffolding_Balcony_B.Name,Balcón grande,
Elder_Column_B_Base.Name,Basa de columna grande,
Elder_Column_B_Crown.Name,Capitel de columna grande,
Elder_Column_B_Shaft.Name,Fuste de columna grande,
EntPack.TreePlot.LargeB.Name,Caja arbórea de piedra oscura grande,
Beorn_Roof_Slope1_300x300x300_A.Name,Techo de pizarra largo,
EntPack.TreePlot.LargeA.Name,Caja arbórea de piedra grande,
Beorn_Column_Large_Base.Name,Base de madera rústica grande,
Beorn_Column_Large_Capital.Name,Capitel de madera rústica grande,
Beorn_Column_Large_Shaft.Name,Fuste de madera rústica grande,
EntPack.TreePlot.LargeC.Name,Caja arbórea grande,
Deco_Vase_F.Name,Jarrón grande,
Beorn_Column_Large_Base.Description,Base grande para una columna de madera.,
Beorn_Column_Large_Capital.Description,Capitel grande para una columna de madera.,
Deco_LightLamp_Large_C.Description,Lámpara grande de un cristal semiprecioso verde y luminoso.,
Deco_LightLamp_Large_A.Description,Lámpara grande de un cristal semiprecioso y luminoso.,
Deco_LightLamp_Large_F.Description,Una gran lámpara de cristal naranja y luminoso.,
Deco_LightLamp_Large_E.Description,Una gran lámpara de cristal morado y luminoso.,
Deco_LightLamp_Large_D.Description,Una gran lámpara de cristal blanco y luminoso.,
Deco_LightLamp_Large_B.Description,Lámpara grande de un cristal semiprecioso amarillo y luminoso.,
Beorn_Column_Large_Shaft.Description,Fuste grande para una columna de madera.,
Elder_Trellis_3m_A.Name,Reja,
Elder_Trellis_1m_A.Name,Panel enrejado,
Deco_Brazier.Description,Fuente de luz que proporciona un ambiente cálido.,
Advanced_Stairs_Railing_2m.Name,Pasamanos largo,
Deco_Rug_D2.Name,Alfombra negra larga,
Beorn_Beam_6m_B.Name,Viga tallada larga,
Beorn_Beam_6m_A.Name,Viga de madera rústica larga,
Deco_Rug_D.Name,Alfombra blanca larga,
HolidayPack.StringLightsLong.Description,Una cadena de luces de cristal más larga que se cuelga en la pared. Forma parte del paquete de Yuletide.,
Deco_Bench_B.Name,Banco bajo,
Scaffolding_Platform_3x3x1m_Open.Description,Estructura cuadrada de vigas que bajan hasta el suelo con la parte superior abierta.,
Deco_Bookcase_A.Name,Estantería desordenada,
Deco_ScrollShelf_A.Name,Estante para pergaminos desordenado,
Elder_Wall_G_V2.Name,Muro con moldura,
OrcHunter.FellBeastHead.Name,Bestia alada de pared,
OrcHunter.WargHideRugB.Name,Alfombra de piel de huargo de pared,
Elder_Archway_C_V2.Name,Arco estrecho,
Elder_Archway_Horizontal_Small.Name,Clave de arco estrecho,
Elder_Archway_Horizontal_Small_V2.Name,Clave de arco estrecho,
Scaffolding_Platform_1x3x1m_Player.Name,Viga estrecha,
Beorn_Wall_4x1_B.Name,Muro tallado estrecho,
Advanced_ArchedCeiling_1m.Name,Techo arqueado estrecho,
Elder_Wall_Thin_C.Name,Muro decorativo estrecho,
Elder_Wall_Thin_D.Name,Muro estrecho con columna,
Advanced_Wall_Gold_Thin_C.Name,Muro dorado estrecho,
Advanced_Wall_Gold_Thin_A.Name,Muro dorado estrecho II,
Advanced_Wall_Gold_Thin_B.Name,Muro dorado estrecho III,
Advanced_Wall_Thin.Name,Muro de granito estrecho,
Elder_Wall_Thin_A_V2.Name,Muro sencillo estrecho,
Scaffolding_Platform_1x3x3.Name,Plataforma estrecha,
Elder_Slope_Thin_1m.Name,Barrera inclinada estrecha,
Elder_Slope_Thin_2m.Name,Muro inclinado estrecho,
Advanced_Stairs_2mWide_2m_Stone.Name,Escaleras de piedra estrechas,
Crude_Wall_Thin.Name,Muro de piedra estrecho,
Fortress_Wall_Sloped_Thin.Name,Pilar robusto inclinado,
Fortress_Wall_Thin.Name,Muro robusto inclinado,
Beorn_Wall_4x1_A.Name,Muro de madera rústica estrecho,
Beorn_Wall_4x1_C.Name,Muro ribeteado estrecho,
Elder_Wall_Thin_A_Crown.Name,Moldura estrecha sin adornos,
Elder_Wall_Thin_B_V2.Name,Muro estrecho sin adornos,
Deco_Vase_C.Name,Jarrón estrecho,
Elder_Wall_Tiny_Base.Name,Base para muro estrecha,
Elder_Wall_Tiny_Crown.Name,Moldura para muro estrecha,
Elder_Wall_Tiny_Mid.Name,Sección de muro estrecha,
Crude_Floor_Wood_Thin.Name,Suelo de madera estrecho,
Deco_Banner_C.Name,Estandarte naranja del honor,
Deco_Banner_G.Name,Bandera naranja del honor,
Advanced_ArchedCeiling_B.Name,Techo arqueado decorativo,
Deco_Chair_Ornate.Name,Silla decorada,
Advanced_Column_Wood_C_Crown.Name,Capitel decorado,
Advanced_Column_Wood_E_Crown.Name,Capitel decorado doble,
Elder_Window_C_V2.Name,Ventana decorada doble,
EntPack.PlanterA.Name,Maceta agrícola decorada,
Advanced_Column_Wood_G_Crown.Name,Capitel decorado en L,
Deco_Table_Long_A.Name,Mesa decorada,
EntPack.TreePlot.SmallB.Name,Pozo arbóreo decorado,
Deco_Vase_D.Name,Jarrón decorado,
Elder_Window_B_V2.Name,Ventana decorada ancha,
Elder_Window_A_V2.Name,Ventana decorada,
Deco_Chair_A.Name,Silla acolchada,
Beorn_Floor_1x3_A.Name,Tablón con patrón,
Beorn_Floor_3x3_A.Name,Suelo estampado,
Beorn_Floor_1x1_A.Name,Baldosa con patrón,
Scaffolding_Pier.Name,Muelle,
Scaffolding_Pier.Description,Los muelles solo se pueden construir sobre el agua.,
Advanced_ArchedCeiling_1m.Description,Un fino bloque para techos con un arco escalonado tallado.,
Advanced_ArchedCeiling_A.Description,Un bloque para techos con un arco escalonado tallado.,
Advanced_ArchedCeiling_B.Description,Un bloque para techos con un arco escalonado tallado y con revestimiento.,
Advanced_ArchedCeiling_Corner.Description,Un bloque para esquinas con un arco escalonado tallado.,
Elder_Wall_A_Crown.Name,Moldura sencilla,
Elder_Wall_Short_A.Name,Base para muro sencilla,
EntPack.PlanterDecoC.Name,Maceta dorada con planta,
EntPack.PlanterDecoA.Name,Maceta decorada con planta,
EntPack.PlanterDecoB.Name,Maceta con planta,
Scaffolding_Platform_1x1x3.Name,Plataforma alta,
Advanced_Stairs_3mWide_2m_Wood.Name,Escaleras pulidas,
Advanced_Stairs_3mWide_05m_Wood.Name,Segmento de escaleras pulidas,
Advanced_Floor_Wood.Name,Suelo de madera,
Advanced_Floor_Wood_V2.Name,Suelo de madera pulida,
Advanced_Floor_Wood_Tiny.Name,Tabla de madera pulida,
EntPack.PlanterA.Description,Maceta con tierra lista para cultivar una planta.,
EntPack.PlanterB.Description,Maceta con tierra lista para cultivar una planta.,
EntPack.PlanterC.Description,Maceta con tierra lista para cultivar una planta.,
OrcHunter.DrakeSkeletonA.Name,Esqueleto de dragón al acecho,
Deco_Rug_A2.Name,Alfombra morada brillante,
Deco_Banner_B2.Name,Estandarte morado del cuervo,
Deco_Banner_F2.Name,Bandera morada del cuervo,
Deco_LightLamp_Large_D.Name,Lámpara de cuarzo,
QuickPlatform.Name,Plataforma rápida,
Deco_SignageTrades_J.Name,Insignia del cuervo,
Deco_Rug_A.Name,Alfombra roja brillante,
Deco_Carpet_A.Name,Alfombra roja,
Deco_Carpet_C.Name,Punta de alfombra roja,
Deco_Banner_A.Name,Estandarte rojo de la fuerza,
Deco_Banner_E.Name,Bandera roja de la fuerza,
Crude_Stairs_2mWide.Name,Escaleras de madera reforzadas,
RohanPack.Deco_Banner_A.Name,Estandarte rohirrim,
RohanPack.Deco_Banner_B.Name,Bandera Rohirrim,
Crude_Slope2_A.Name,Techo,
RopeLadder.Name,Escalera de cuerdas,
Crude_Stairs.Name,Escaleras rudimentarias,
Crude_Stairs_05M_3mWide.Name,Segmento de escaleras rudimentarias,
Deco_Table_Round.Name,Mesa redonda,
OrcHunter.OrcSpikeD.Name,Lámpara de Rukhus,
OrcHunter.OrcSpikeB.Name,Cresta de Rukhus,
OrcHunter.OrcSpikeA.Name,Aguja de Rukhus,
OrcHunter.OrcSpikeC.Name,Estaca de Rukhus,
OrcHunter.OrcSpikeE.Name,Lámpara de pared de Rukhus,
Deco_LightLamp_C.Description,Candelabro de pared de cristal verde y luminoso.,
Deco_LightLamp_A.Description,Candelabro de pared de un cristal semiprecioso y luminoso.,
Deco_LightLamp_F.Description,Candelabro de pared de cristal naranja y luminoso.,
Deco_LightLamp_E.Description,Candelabro de pared de cristal morado y luminoso.,
Deco_LightLamp_D.Description,Candelabro de pared de cristal blanco y luminoso.,
Deco_LightLamp_B.Description,Candelabro de pared de cristal amarillo y luminoso.,
Deco_ScrollShelf_B.Name,Estante para pergaminos alto,
Crude_Slope2_A.Description,Sección de un techo exterior.,
Crude_Slope2_CornerAngle_A.Description,Sección de un techo exterior.,
Crude_Slope2_Thin_A.Description,Sección de un techo exterior.,
Crude_Slope3_A.Description,Sección de un techo exterior.,
Crude_Slope3_CornerAngle_A.Description,Sección de un techo exterior.,
Crude_Slope3_CornerAngle_B.Description,Sección de un techo exterior.,
Crude_Slope3_Thin_A.Description,Sección de un techo exterior.,
Crude_Slope3_Thin_CornerAngle_A.Description,Sección de un techo exterior.,
Beorn_Column_Medium_Shaft.Description,Fuste para una columna de madera.,
Advanced_Column_Wood_Shaft.Description,Fuste de una columna de madera tallada.,
Deco_SignageTrades_I.Name,La comunidad de los artesanos,
Advanced_Stairs_Railing_1m.Name,Pasamanos corto,
Advanced_Stairs_Railing_1m_V2.Name,Pasamanos corto,
Deco_Bench_A.Name,Banco corto,
Beorn_Beam_1m_B.Name,Viga tallada corta,
Elder_Wall_Corner.Name,Muro de esquina corto,
Scaffolding_Platform_3x3x1m_Open.Name,Marco corto,
Scaffolding_Platform_1x1x1m_Player.Name,Plataforma corta,
Advanced_Stairs_1m.Name,Escaleras de madera bajas,
Fortress_Stairs_1m.Name,Escaleras cortas,
Crude_Column.Name,Columna de piedra baja,
Beorn_Beam_1m_A.Name,Viga de madera rústica corta,
Advanced_Column_Wood_C_Short.Name,Columna de madera baja,
HolidayPack.StringLightsShort.Description,Una cadena de luces de cristal corta que se cuelga en la pared. Forma parte del paquete de Yuletide.,
Elder_Trellis_1m_A.Description,Panel corto de madera fijada siguiendo un patrón.,
Advanced_Bannister_Post_Stone.Description,Soporte corto de piedra para barandillas o pasamanos.,
Advanced_Bannister_Post_Wood.Description,Soporte corto de madera para barandillas o pasamanos.,
Deco_Table_A.Name,Mesa auxiliar,
HolidayPack.CandelabraA.Name,Candelabro sencillo,
Crude_Wall_DoorClosed.Name,Puerta sencilla,
Advanced_Wall_B.Name,Muro con moldura sencillo,
Deco_Stool_A.Name,Taburete sencillo,
Advanced_Wall_C.Name,Muro ribeteado sencillo,
Elder_Wall_C_V2.Name,Muro sencillo,
Advanced_Stairs_3mWide_1m_Wood.Description,Seis peldaños de escaleras de madera pulidas. ,
Beorn_Roof_Slope1_200x200x300_A.Name,Esquina de pizarra,
Beorn_Roof_Slope1_200x200x200_A.Name,Cumbrera de pizarra,
Beorn_Roof_Slope1_200x100x300_A.Name,Extremo de cumbrera de pizarra,
Beorn_Roof_Slope1_200x100x100_A.Name,Techo de pizarra,
Advanced_Stairs_2mWide_4m_Wood.Name,Escaleras pulidas elegantes,
Advanced_Stairs_2mWide_4m_Stone.Name,Escaleras de piedra elegantes,
Advanced_Stairs_2m.Name,Escaleras de madera altas,
Elder_Slope_1m.Name,Barrera inclinada,
Elder_Slope_Corner_1m.Name,Esquina de barrera inclinada,
Elder_Slope_2m.Name,Muro inclinado,
Elder_Slope_Corner_2m.Name,Esquina de muro inclinado,
Deco_LightLamp_F.Name,Lámpara de ámbar pequeña,
Elder_Archway_Corner.Name,Esquina de arco pequeño,
Scaffolding_Balcony_A.Name,Balcón pequeño,
Scaffolding_Beam_Open.Name,Viga pequeña,
Deco_Rug_C2.Name,Alfombra azul pequeña,
Deco_LightLamp_B.Name,Lámpara de citrino pequeña,
Elder_Column_A_Base.Name,Basa de columna pequeña,
Elder_Column_A_Crown.Name,Capitel de columna pequeña,
Elder_Column_A_Shaft.Name,Fuste de columna pequeña,
Deco_LightLamp_A.Name,Lámpara de cristal pequeña,
Elder_Wall_A.Name,Pequeña pared decorativa,
Elder_Wall_D.Name,Pequeños paneles de madera decorativos,
Advanced_Wall_Tiny.Name,Bloque de granito pequeño,
Advanced_Floor_Stone_1m.Name,Suelo de granito pequeño,
Advanced_Floor_Stone_1m_V2.Name,Suelo de granito pequeño,
Advanced_Fence_Stone_1m.Name,Barandilla de granito pequeña,
Deco_LightLamp_E.Name,Lámpara de iolita pequeña,
Deco_LightLamp_C.Name,Lámpara de jade pequeña,
Elder_Archway_C.Name,Pequeño arco estrecho,
Elder_Wall_Thin_A.Name,Pequeña pared estrecha y lisa,
Elder_Wall_Thin_B.Name,Pequeña pared estrecha y sin adornos,
Deco_Rug_C.Name,Alfombra naranja pequeña,
Elder_Window_C.Name,Pequeña ventana doble adornada,
Elder_Window_B.Name,Pequeña ventana ancha adornada,
Elder_Window_A.Name,Pequeña ventana adornada,
Scaffolding_Beam.Name,Plataforma pequeña,
Deco_LightLamp_D.Name,Lámpara de cuarzo pequeña,
Elder_Wall_C.Name,Pared pequeña y sencilla,
Scaffolding_Stairs_1m.Name,Escaleras pequeñas,
Crude_Wall_Tiny.Name,Bloque de piedra pequeño,
AutoFoundation_Stone_1x1,Base de piedra pequeña,
Beorn_Column_Small_Base.Name,Base de madera rústica pequeña,
Beorn_Column_Small_Capital.Name,Capitel de madera rústica pequeño,
Beorn_Column_Small_Shaft.Name,Fuste de madera rústica pequeño,
Elder_Wall_B.Name,Pequeña pared revestida de madera,
Elder_Archway_A.Name,Arco pequeño y ancho,
Elder_Wall_E.Name,Paneles de madera pequeños,
Advanced_Fence_Wood_1m.Name,Barandilla de madera pequeña,
Advanced_Fence_Wood_1m_V2.Name,Barandilla de madera pequeña,
Beorn_Column_Small_Base.Description,Base pequeña para una columna de madera.,
HolidayPack.CandelabraA.Description,"Una pequeña vela encendida, muy útil para iluminar caminos, habitaciones y cavernas. Forma parte del paquete de Yuletide.",
Beorn_Column_Small_Capital.Description,Capitel pequeño para una columna de madera.,
Beorn_Column_Small_Shaft.Description,Fuste pequeño para una columna de madera.,
Scaffolding_Beam.Description,Pequeñas vigas estructurales con una plataforma encima.,
Scaffolding_Platform_Open.Name,Marco cuadrado,
HolidayPack.CandelabraB.Description,"Un soporte de velas encendidas, muy útil para iluminar caminos, habitaciones y cavernas. Forma parte del paquete de Yuletide.",
Deco_StepLadder.Name,Escalera de mano,
Crude_Wall_Doorframe.Name,Marco de puerta de piedra,
Crude_Wall_Short.Name,Barrera de piedra,
Crude_Column_Base.Name,Basa de columna de piedra,
Crude_Column_Crown.Name,Capitel de columna de piedra,
Crude_Column_Shaft.Name,Fuste de columna de piedra,
Crude_Floor_Stone.Name,Suelo de piedra,
Crude_Floor_Stone_V2.Name,Suelo de piedra,
Crude_Floor_Stone_Small.Name,Baldosa de piedra,
AutoFoundation_Stone_3x3,Base de piedra,
Deco_SignageTrades_K.Name,Guardianes pétreos,
Advanced_Bannister_Post_Stone.Name,Poste de piedra,
Advanced_Stairs_3mWide_05m_Stone.Name,Segmento de escaleras de piedra,
EntPack.TreePlot.MediumA.Name,Caja arbórea de piedra,
Crude_Wall.Name,Muro de piedra,
Crude_Wall_Window.Name,Ventana de piedra,
Elder_Stairs_Outside.Description,Piedras talladas en ángulo para una escalera.,
Elder_Stairs_Inside.Description,Escaleras de piedra cortadas en ángulo.,
Deco_Stool_B.Name,Taburete,
Fortress_Archway.Name,Arco robusto,
Fortress_Wall_Short.Name,Barricada robusta,
Fortress_Wall_Tiny.Name,Bloque robusto,
Fortress_DoorClosed.Name,Puerta robusta,
Fortress_Wall_Sloped_Corner.Name,Esquina inclinada robusta,
Fortress_Wall_Sloped.Name,Muro inclinado robusto,
Fortress_Stairs_2m.Name,Escaleras robustas,
Fortress_Wall.Name,Muro robusto,
Fortress_Wall_Window_A.Name,Ventana robusta,
HolidayPack.StringLightsShort.Name,Guirnalda de luces,
Deco_Counter_B.Description,Superficie que puede combinarse con otros elementos de decoración.,
Deco_Table_Long_B.Name,Mesa,
Crude_Slope3_CornerAngle_B.Name,Techo en ángulo alto,
Scaffolding_Platform_3x3x4m_Open.Name,Marco alto,
Scaffolding_Platform_1x3x4m_Player.Name,Plataforma estrecha alta,
Scaffolding_Platform_1x1x4m_Player.Name,Plataforma alta,
Advanced_Stairs_3mWide_4m_Wood.Name,Escaleras pulidas altas,
Advanced_Stairs_3mWide_1m_Wood.Name,Segmento de escaleras pulidas altas,
Crude_Slope3_A.Name,Techo alto,
Crude_Stairs_3mWide_4M.Name,Escaleras rudimentarias altas,
Crude_Stairs_3mWide_1M.Name,Segmento de escaleras rudimentarias altas,
Beorn_Roof_Slope1_200x200x100_A.Name,Techo de pizarra alto,
Crude_Column_Tall.Name,Columna de piedra alta,
Advanced_Stairs_3mWide_4m_Stone.Name,Escaleras de piedra altas,
Crude_Slope3_Thin_CornerAngle_A.Name,Techo en ángulo fino y alto,
Crude_Slope3_Thin_A.Name,Techo fino y alto,
Advanced_Column_Wood_C.Name,Columna alta de madera,
Scaffolding_Platform_3x3x4m_Open.Description,Estructura cuadrada de vigas altas con la parte superior abierta.,
Deco_TavernCabinet_A.Name,Armario de taberna,
Deco_Counter_B.Name,Mostrador de taberna,
Crude_Column_Base.Description,La basa para una columna de piedra.,
Elder_Column_B_Base.Description,La basa de una gran columna decorada.,
Elder_Column_A_Base.Description,La basa de una pequeña columna decorada.,
Fortress_Column_Base.Description,La basa de una columna de piedra tallada por los enanos.,
Advanced_Column_Stone_Base.Description,La basa de una columna de granito tallada.,
Elder_Wall_Short_A.Description,La base de un muro de piedra tallada con elementos decorativos.,
Advanced_Column_Wood_Base.Description,La basa de una columna de madera tallada.,
Elder_Wooden_Post_Base.Description,La basa de un poste de madera. Debe usarse con un fuste y un capitel.,
Elder_Archway_Corner.Description,"La esquina de un gran arco, compuesta de piedra tallada.",
Elder_Archway_Corner_V2.Description,"La esquina de un gran arco, compuesta de piedra tallada.",
Crude_Column_Crown.Description,El capitel para una columna de piedra.,
Elder_Column_B_Crown.Description,El capitel de una gran columna decorada.,
Elder_Column_A_Crown.Description,El capitel de una pequeña columna decorada.,
Advanced_Column_Wood_C_Crown.Description,El capitel para una columna decorada.,
Fortress_Column_Crown.Description,El capitel de una columna de piedra tallada por los enanos.,
Advanced_Column_Stone_Crown.Description,El capitel de una columna de granito tallada.,
Advanced_Column_Wood_A_Crown.Description,El capitel de una columna de madera tallada.,
Elder_Wooden_Post_Crown.Description,El capitel de un poste de madera. Debe usarse con un fuste y una basa.,
Elder_Archway_Vertical.Description,El pilar de un gran arco.,
Elder_Archway_Vertical_V2.Description,El pilar de un gran arco.,
Elder_Column_B_Shaft.Description,El fuste de una gran columna decorada.,
Elder_Column_A_Shaft.Description,El fuste de una pequeña columna decorada.,
Fortress_Column_Shaft.Description,El fuste de una columna de piedra tallada por los enanos.,
Advanced_Column_Stone_Shaft.Description,La basa de una columna de granito tallada.,
Elder_Wooden_Post_Shaft.Description,El fuste de un poste de madera. Debe usarse con una basa y un capitel.,
Elder_Archway_Horizontal_Large.Description,"La parte superior de un gran arco, compuesta de piedra bien tallada.",
Crude_Slope2_Thin_A.Name,Techo fino,
Crude_Stairs_05M_3mWide.Description,Tres peldaños de madera sencillos.,
Advanced_Stairs_3mWide_05m_Wood.Description,Tres peldaños de escaleras de madera pulidas. ,
Advanced_Stairs_3mWide_05m_Stone.Description,Tres peldaños de escaleras de piedra.,
Beorn_Wall_1x3_A.Name,Barrera de madera rústica,
Beorn_Column_Medium_Base.Name,Base de madera rústica,
Beorn_Beam_3m_A.Name,Viga de madera rústica,
Beorn_Wall_1x1_A.Name,Bloque de madera rústica,
Beorn_Floor_1x3_C.Name,Tablón de madera rústica,
Beorn_Column_Medium_Capital.Name,Capitel de madera rústica,
Beorn_Floor_3x3_C.Name,Suelo de madera rústica,
Beorn_Column_Medium_Shaft.Name,Fuste de madera rústica,
Beorn_Floor_1x1_C.Name,Baldosa de madera rústica,
Beorn_Wall_4x3_A.Name,Muro de madera rústica,
Beorn_Wall_4x3_Window_A.Name,Ventana de madera rústica,
EntPack.TreePlot.SmallA.Name,Pozo arbóreo,
Beorn_Wall_1x3_C.Name,Barrera ribeteada,
Beorn_Wall_1x1_C.Name,Bloque ribeteado,
Beorn_Wall_4x3_C.Name,Muro ribeteado,
Beorn_Wall_4x3_Window_C.Name,Ventana ribeteada,
Deco_TrollHide_Chair.Name,Silla de piel de trol,
Deco_TrollHide_Ottoman.Name,Otomana de piel de trol,
Deco_TrollHide_Sofa.Name,Diván de piel de trol,
OrcHunter.WargHideRugA.Description,Trofeo fabricado por algún cazaorcos temible.,
OrcHunter.DrakeSkeletonA.Description,Trofeo de huesos de dragón fabricado por algún cazaorcos temible.,
OrcHunter.DrakeSkeletonB.Description,Trofeo de huesos de dragón fabricado por algún cazaorcos temible.,
OrcHunter.DrakeSkeletonC.Description,Trofeo de huesos de dragón fabricado por algún cazaorcos temible.,
OrcHunter.DrakeSkull.Description,Trofeo de huesos de dragón fabricado por algún cazaorcos temible.,
OrcHunter.OrcSpikeA.Description,Trofeo de calaveras de orcos fabricado por algún cazaorcos temible.,
OrcHunter.OrcSpikeB.Description,Trofeo de calaveras de orcos fabricado por algún cazaorcos temible.,
OrcHunter.OrcSpikeC.Description,Trofeo de calaveras de orcos fabricado por algún cazaorcos temible.,
Elder_Window_C.Description,Dos aberturas para ventana en una piedra con grabados decorativos.,
Elder_Window_C_V2.Description,Dos aberturas para ventana en una piedra con grabados decorativos.,
Elder_Window_D.Description,Dos aberturas para ventana en una piedra con grabados decorativos.,
Advanced_Wall_Window_B.Description,Dos aberturas para ventana situadas una junto a la otra en un muro de granito.,
Advanced_Wall_Window_C.Description,Dos aberturas para ventana situadas una junto a la otra en un muro de granito.,
Elder_Wall_C_Crown.Name,Moldura sin adornos,
Elder_Wall_F_V2.Name,Muro sin adornos,
Elder_Wall_Short_B.Name,Base para muro sin adornos,
EntPack.Advanced.VineTrellisA.Name,Techado emparrado,
EntPack.Advanced.VineTrellisB.Name,Techado doble emparrado,
EntPack.Elder.VineTrellisA.Name,Reja emparrada,
EntPack.Elder.VineTrellisB.Name,Reja emparrada II,
EntPack.Elder.VineTrellisC.Name,Reja emparrada III,
EntPack.Advanced.VineTrellisC.Name,Poste emparrado,
Elder_Wall_B_V2.Name,Muro revestido de madera,
OrcHunter.FellBeastHead.Description,Trofeo de pared fabricado por algún cazaorcos temible.,
OrcHunter.WargHideRugB.Description,Trofeo de pared fabricado por algún cazaorcos temible.,
OrcHunter.OrcSpikeE.Description,"Lámpara de pared iluminada por calaveras de orcos, trasgos o Uruk en llamas.",
OrcHunter.WargHideRugA.Name,Alfombra de piel de huargo,
HolidayPack.CandelabraC.Description,"Un soporte bien forjado de velas encendidas, muy útil para iluminar caminos, habitaciones y cavernas. Forma parte del paquete de Yuletide.",
Advanced_Floor_Wood.Description,Un suelo de madera bien trabajado.,
Advanced_Floor_Wood_V2.Description,Un suelo de madera bien trabajado.,
Deco_Banner_C2.Name,Estandarte blanco del honor,
Deco_Banner_G2.Name,Bandera blanca del honor,
Elder_Archway_A_V2.Name,Arco ancho,
Crude_Slope3_CornerAngle_A.Name,Techo angular ancho,
Deco_ScrollShelf_D.Name,Estante para pergaminos ancho,
Beorn_Roof_Slope1_200x300x200_A.Name,Cumbrera de pizarra ancha,
Beorn_Roof_Slope1_200x300x100_A.Name,Techo de pizarra ancho,
Deco_SignageTrades_E.Name,Alas de paz,
Advanced_Column_Wood_A.Name,Columna de madera con soporte,
Advanced_Column_Wood_Base.Name,Basa de columna de madera,
Advanced_Column_Wood_A_Crown.Name,Capitel de columna de madera,
Advanced_Column_Wood_Shaft.Name,Fuste de columna de madera,
Advanced_CrossBeam_A_Wood.Name,Viga trasversal de madera,
Advanced_Column_Wood_B_Crown.Name,Capitel doble de madera,
Crude_Floor_Wood.Name,Suelo de madera,
Crude_Floor_Wood_V2.Name,Suelo de madera,
Advanced_Column_Wood_F_Crown.Name,Capitel en L de madera,
Elder_Wall_E_V2.Name,Paneles de madera,
Crude_Platform.Name,Plataforma de madera,
Advanced_Bannister_Post_Wood.Name,Poste de madera,
Advanced_Fence_Wood_V2.Name,Barandilla de madera,
Advanced_Fence_Wood.Name,Barandilla y poste de madera,
Crude_Floor_Wood_Tiny.Name,Tabla de madera para suelos,
Elder_Wall_E_Crown.Name,Moldura con revestimiento de madera,
EntPack.Elder.VineTrellisA.Description,Reja de madera sobre la que crecen vides.,
EntPack.Elder.VineTrellisB.Description,Reja de madera sobre la que crecen vides.,
EntPack.Elder.VineTrellisC.Description,Reja de madera sobre la que crecen vides.,
Elder_Wooden_Post.Name,Poste de madera,
Elder_Wooden_Post_Base.Name,Basa de poste de madera,
Elder_Wooden_Post_Crown.Name,Capitel de poste de madera,
Elder_Wooden_Post_Shaft.Name,Fusta de poste de madera,
EntPack.Advanced.VineTrellisA.Description,Poste de madera con un soporte decorativo sobre el que crecen vides.,
EntPack.Advanced.VineTrellisB.Description,Poste de madera con dos soportes decorativos sobre los que crecen vides.,
EntPack.Advanced.VineTrellisC.Description,Poste de madera sobre el que crecen vides.,
Crude_Platform.Description,Un andamio de madera con una plataforma encima.,
Beorn_Beam_1m_A.Description,Segmento de madera para decoración o estabilidad.,
Beorn_Beam_1m_B.Description,Segmento de madera para decoración o estabilidad.,
Beorn_Beam_3m_A.Description,Segmento de madera para decoración o estabilidad.,
Beorn_Beam_3m_B.Description,Segmento de madera para decoración o estabilidad.,
Beorn_Beam_6m_A.Description,Segmento de madera para decoración o estabilidad.,
Beorn_Beam_6m_B.Description,Segmento de madera para decoración o estabilidad.,
Beorn_Wall_4x3_Door.Description,Muro de madera con puerta.,
Beorn_Wall_4x3_Window_A.Description,Muro de madera con ventana.,
Beorn_Wall_4x3_Window_B.Description,Muro de madera con una ventana.,
Beorn_Wall_4x3_Window_C.Description,Muro de madera con ventana.,
Deco_Rug_B.Name,Alfombra trenzada amarilla,
Deco_Banner_B.Name,Estandarte amarillo del cuervo,
Deco_Banner_F.Name,Bandera amarilla del cuervo,
Blueprints::UI.Crafting.AddToQueue,Añadir más,
Blueprints::UI.Crafting.AddFuel,Añadir combustible,
Blueprints::UI.Craft.AddCookMore,Añadir porción,
Blueprints::UI.Crafting.AddFuelSuccess,Has añadido combustible: {0},
Blueprints::BP_TimeManager.Afternoon,Tarde,
Blueprints::UI.Crafting.TintSame,Ya tiene este pigmento,
Blueprints::UI.Crafting.TintAction,Aplicar pigmento,
Blueprints::UI.Build.Build,Construir,
Blueprints::UI.Crafting.MissingRequirements,Construye una estación de mejora,
Blueprints::UI.Crafting.RequiredStructure,Construye una estación de mejora,
Blueprints::UI.Crafting.CantCraft,No se puede fabricar,
Blueprints::UI.Crafting.Fuel.Cold,Frío,
Blueprints::UI.Crafting.Craft,Fabricar,
Blueprints::UI.Crafting.CraftedX,¡Has fabricado: {0} x{1}!,
Blueprints::UI_WBP_Forge_Screen.Crafted,¡Has fabricado: {0}!,
Blueprints::WBP_CraftingInterface.Crafting,Fabricación de {ItemName} x{Count},
Blueprints::WBP_AwarenessLevel.Level,Nivel de peligro: {val},
Blueprints::BP_TimeManager.Dawn,Amanecer,
Blueprints::BP_TimeManager.Dusk,Anochecer,
Blueprints::BP_TimeManager.EarlyEvening,Atardecer,
Blueprints::UI.Crafting.NoRecipes,Explora para encontrar recetas para esta estación<lf>Pista: Prueba a reparar estatuas destruidas,
Blueprints::BP_VaultDoors.InteractFailText,[£] Failed to get inventory,
Blueprints::UI_WBP_Forge_Screen.BasicRecipes,Fabricación sobre el terreno,
Blueprints::BP_TimeManager.Daybreak,Primera luz,
Blueprints::UI.Crafting.Fuel,Combustible,
Blueprints::UI.Crafting.AddFuelFull,Está al máximo de combustible,
Blueprints::WBP_LaunchScreen.GenerateProcWorldButton2,[£] Generate Default,
Blueprints::WBP_LaunchScreen.GenerateProcWorldButton3,[£] Generate With Seed,
Blueprints::WBP_AwarenessLevel.Horde,¡HORDA!<lf>,
Blueprints::UI.Crafting.Fuel.Hot,Caliente,
Blueprints::UI.Crafting.Instant,Instantánea,
Blueprints::WBP_LaunchScreen.GenerateProcWorldButton1,[£] Invalid Input,
Blueprints::BP_TimeManager.LateAfternoon,Media tarde,
Blueprints::BP_TimeManager.LateMorning,Final de la mañana,
Blueprints::BP_VenerationRunestoneStateful.ShadowDecreased,La luz y el esplendor ahuyentan a las sombras,
Blueprints::BP_TimeManager.MidMorning,Mañana,
Blueprints::BP_StatCountArea.Update,[£] Move Name: {0}/{1},
Blueprints::BP_VenerationRunestoneStateful.HearSong,La música llena Khazad-dûm,
Blueprints::UI.Crafting.NeedIngredients,Necesitas recursos,
Blueprints::BP_TimeManager.Night,Noche,
Blueprints::UI.Crafting.AddFuelNone,No hay combustible,
Blueprints::UI.Crafting.AddFuelFail,No hay combustible disponible,
Blueprints::BP_TimeManager.Noon,Mediodía,
Blueprints::BP_StatCountArea.Initial,[£] Not Started,
Blueprints::UI.Crafting.DifferentCraftError,Solo una receta de cada vez ,
Blueprints::WBP_Player_Statistics.PartyStatistics,[£] Party Statistics,
Blueprints::UI.Crafting.Queue,Cola,
Blueprints::UI.Crafting.QueuedX,¡Has puesto {0} a la cola!,
Blueprints::UI.Build.Rotate,Rotar,
Blueprints::UI.Crafting.TintSelect,Seleccionar pigmento,
Blueprints::UI.Crafting.AddCook,Empezar a cocinar,
Blueprints::BP_TimeManager.TheDark,La oscuridad,
Blueprints::BP_TimeManager.Twilight,Crepúsculo,
Blueprints::UI.Crafting.NoFuel,{0} necesita combustible,
Blueprints::UI.Crafting.StationStatus.Cold,{0} está fría,
Blueprints::UI.Crafting.StationStatus.Lit,{0} está caliente,
Blueprints::UI.Crafting.StationStatus.TimeRemaining,{0} de combustible restante,
Blueprints::UI.CurrentOfTotal,{0} de {1},
Blueprints::UI.Crafting.FragmentsFormat,Has encontrado {0} de {1} fragmentos,
Blueprints::UI.Crafting.Fuel.Remaining,Tiempo restante: {1},
Blueprints::WBP_PartyItem.you,[£] {Name} (you),
Blueprints::WBP_Player_Statistics.PlayersStatistics,"[£] {Player}'s Statistics",
Blueprints::BP_ResourcePallet.DisplayName,Palé {Resource Pallet Type} ({Count}/{Capacity}),
Blueprints::WBP_CraftingInterface.Recipes,Recetas de {StationName},
CategoryTags::Category.Construction.Adamant,Adamanto,
CategoryTags::Category.Ammo,Munición,
CategoryTags::Category.Damage.Anti-Armor,Antiarmaduras,
CategoryTags::Category.Damage.Anti-Dragon,Antidragones,
CategoryTags::Category.Damage.Anti-Orc,Antiorcos,
CategoryTags::Category.Construction.Ceilings,Techos arqueados,
CategoryTags::Category.Armor,Armadura,
CategoryTags::Category.Armor.Chest,Armadura,
CategoryTags::Category.TorsoGear,Armadura,
CategoryTags::Category.Construction.Balcony,Balcones,
CategoryTags::Category.Construction.Banners,Pancartas,
CategoryTags::Category.Construction.BaseBuilding,Construcción de la base,
CategoryTags::Category.Battleaxes,Hachas de guerra,
CategoryTags::Category.Construction.Beam,Vigas,
CategoryTags::Category.Damage.Bludgeon,Daño contundente,
CategoryTags::Category.Armor.Boots,Botas,
CategoryTags::Category.Boots,Botas,
CategoryTags::Category.Bows,Arcos,
CategoryTags::Category.Item.BreakfastMeals,Desayuno,
CategoryTags::Category.Construction.Brewing,Brebajes,
CategoryTags::Category.Item.Brews,Brebajes,
CategoryTags::Category.Damage.Cold,Frío,
CategoryTags::Category.Construction.Columns,Columnas,
CategoryTags::Category.Goals.SB_Altars,Completa la muznâkan,
CategoryTags::Category.Item.BreakfastMeals.Complex,Desayuno copioso,
CategoryTags::Category.Item.DinnerMeals.Complex,Cena copiosa,
CategoryTags::Category.Item.LunchMeals.Complex,Almuerzo copioso,
CategoryTags::Category.Item.Meals.Complex,Comida compleja,
CategoryTags::Category.Item.Ration.Complex,Ración compleja,
CategoryTags::Category.Construction.CookingBrewing,Cocina y brebajes,
CategoryTags::Category.Lore.Creatures,Criaturas,
CategoryTags::Category.Crossbow,Ballestas,
CategoryTags::Category.Construction.Decor,Decoración,
CategoryTags::Category.Construction.Lighting,Iluminación decorativa,
CategoryTags::Category.Construction.Plants,Plantas decorativas,
CategoryTags::Category.Construction.Defenses,Defensas,
CategoryTags::Category.Goals.SB_Orcs,Destruye a los líderes orcos,
CategoryTags::Category.Item.DinnerMeals,Cena,
CategoryTags::Category.Goals.SB_More,Descubre más,
CategoryTags::Category.Lore.Discoveries,Descubrimientos,
CategoryTags::Category.Construction.Doors,Puertas,
CategoryTags::Category.Goals.DurinsAxe,Hacha de Durin,
CategoryTags::Category.Lore.Friends,Casa de Durin,
CategoryTags::Category.Goals.DurinsOfKhazad,Regreso de Durin,
CategoryTags::Category.Construction.Dwarfcraft,Artefactos de los Enanos,
CategoryTags::Category.Lore.DwarvenCraft,Artefactos de los Enanos,
CategoryTags::Category.Lore.StoryStones,Historia de los enanos,
CategoryTags::Category.Item.Egg,Huevos,
CategoryTags::Category.Goals.SB_Escape,Escapa de Moria,
CategoryTags::Category.Construction.Essentials,Esenciales y fabricación,
CategoryTags::Category.Item.Fabric,Tejidos,
CategoryTags::Category.Construction.Farming,Agricultura y ganadería,
CategoryTags::Category.Goals.SB_Shadow,Lucha con la sombra,
CategoryTags::Category.Damage.Fire,Disparar,
CategoryTags::Category.Construction.Floors,Suelos,
CategoryTags::Category.Lore.Foe,Enemigos,
CategoryTags::Category.Construction.Fortress,Fuerte,
CategoryTags::Category.Construction.Foundation,Cimientos,
CategoryTags::Category.Item.Fruits,Frutas,
CategoryTags::Category.Construction.FullPillar,Pilares completos,
CategoryTags::Category.Construction.Furnishings,Mobiliario,
CategoryTags::Category.Construction.Furniture,Muebles,
CategoryTags::Category.Construction.Gemworking,Joyería,
CategoryTags::Category.Damage.GeneralDamage,Daño general,
CategoryTags::Category.Lore.GimlisCompany,Compañía de Gimli,
CategoryTags::Category.Armor.Gloves,Guantes,
CategoryTags::Category.Gloves,Guantes,
CategoryTags::Category.Goals.Goals,Objetivos,
CategoryTags::Category.Construction.Advanced,Granito,
CategoryTags::Category.Greatswords,Espadas a dos manos,
CategoryTags::Category.Halberds,Alabardas,
CategoryTags::Category.Construction.Handycraft,Artesanía,
CategoryTags::Category.Construction.Hearths,Hogares,
CategoryTags::Category.Armor.Helmet,Yelmo,
CategoryTags::Category.Helmets,Yelmos,
CategoryTags::Category.Item.Herb,Hierbas,
CategoryTags::Category.Damage.Hunters,De caza,
CategoryTags::Category.Construction.IngotPallet,Palés de lingotes,
CategoryTags::Category.Lore.Consumables,Ingredientes,
CategoryTags::Category.Lore.LearningTheGame,Aprendendo a jugar,
CategoryTags::Category.Masterwork.PIckaxe,Obra maestra legendaria,
CategoryTags::Category.Damage.Light,Luz,
CategoryTags::Category.Goals.SB_Forges,Enciende las fraguas,
CategoryTags::Category.Lore.Khazad,Ubicaciones en Moria,
CategoryTags::Category.Construction.Beorn,Cabaña,
CategoryTags::Category.Lore.Lore,Historia,
CategoryTags::Category.Item.LunchMeals,Almuerzo,
CategoryTags::Category.Masterwork,Obra maestra,
CategoryTags::Category.Masterwork.Keg,Barril (obra maestra),
CategoryTags::Category.Masterwork.Shield,Escudo (obra maestra),
CategoryTags::Category.Masterwork.Torch,Antorcha (obra maestra),
CategoryTags::Category.Materials,Materiales,
CategoryTags::Category.Item.Meals,Comidas,
CategoryTags::Category.Metals,Metales,
CategoryTags::Category.Construction.Metalworking,Metalurgia,
CategoryTags::Category.Construction.Miscellaneous,Otras disciplinas,
CategoryTags::category.construction.Monuments,Monumentos,
CategoryTags::Category.Item.Mushroom,Setas,
CategoryTags::Category.Item.Figurine,Tallas de muznâkan,
CategoryTags::Category.Goals.JourneyInTheDark,Mi viaje en la oscuridad,
CategoryTags::Category.Lore.Mysteries,Misterios,
CategoryTags::Category.Construction.NarrowTrestle,Caballetes estrechos,
CategoryTags::Category.Weapons.1h,A una mano,
CategoryTags::Category.Lore.Ores,Minerales y gemas,
CategoryTags::Category.Construction.OrePallet,Palés de mineral,
CategoryTags::Category.Item.Ore,Minerales,
CategoryTags::Category.Construction.Elder,Decorada,
CategoryTags::Category.Tool.Pickaxe.Tier1,Pico de nivel 1,
CategoryTags::Category.Tool.Pickaxe.Tier2,Pico de nivel 2,
CategoryTags::Category.Tool.Pickaxe.Tier3,Pico de nivel 3,
CategoryTags::Category.Tool.Pickaxe.Tier4,Pico de nivel 4,
CategoryTags::Category.Tool.Pickaxe,Picos,
CategoryTags::Category.Damage.Piercing,Daño perforante,
CategoryTags::Category.Construction.Columns.Pillar.PillarBase,Basas de pilar,
CategoryTags::Category.Construction.Columns.Pillar.PillarShaft,Fustes de pilar,
CategoryTags::Category.Construction.Columns.Pillar.PillarTop,Capiteles de pilar,
CategoryTags::Category.Construction.Pillar,Pilares,
CategoryTags::Category.Construction.Platform,Plataformas,
CategoryTags::Category.Damage.Poison,Veneno,
CategoryTags::Category.Item.PreciousGem,Gemas preciosas,
CategoryTags::Category.Premium.Lore,Contenido premium,
CategoryTags::Category.Item.Processed,Procesado,
CategoryTags::Category.Construction.Processing,Procesado,
CategoryTags::Category.Construction.Purification,Purificación,
CategoryTags::Category.Item.Purified,Purificado,
CategoryTags::Category.Construction.Racks,Estantes,
CategoryTags::Category.Lore.StriderJournals,Diarios del montaraz,
CategoryTags::Category.Item.Ration,Raciones,
CategoryTags::Category.Item.BreakfastMeals.Reasonable,Desayuno razonable,
CategoryTags::Category.Item.DinnerMeals.Reasonable,Cena aceptable,
CategoryTags::Category.Item.LunchMeals.Reasonable,Almuerzo aceptable,
CategoryTags::Category.Item.Meals.Reasonable,Comida aceptable,
CategoryTags::Category.Item.Ration.Reasonable,Ración aceptable,
CategoryTags::Category.Goals.SB_Statues,Reconstruye las estatuas de Durin,
CategoryTags::Category.Goals.SB_Rebuilding,Reconstrucción,
CategoryTags::Category.Goals.SB_DurinsAxe,Reforja el hacha de Durin,
CategoryTags::Category.Construction.ResourcePallet,Palés de recursos,
CategoryTags::Category.Lore.Items,Recursos,
CategoryTags::Category.Goals.SB_Restore,Restaura Khazad-dûm,
CategoryTags::Category.Construction.Rugs,Alfombras,
CategoryTags::Category.Construction.Rune,Runas,
CategoryTags::Category.Goals.SB_Goals,Metas de mundo abierto,
CategoryTags::Category.Construction.Scaffolding,Andamios,
CategoryTags::Category.Item.Scrap,Restos,
CategoryTags::Category.Item.SemiPreciousGems,Gemas semipreciosas,
CategoryTags::Category.Damage.Shadow,Sombra,
CategoryTags::Category.Shields,Escudos,
CategoryTags::Category.Item.BreakfastMeals.Simple,Desayuno sencillo,
CategoryTags::Category.Item.DinnerMeals.Simple,Cena sencilla,
CategoryTags::Category.Item.LunchMeals.Simple,Almuerzo sencillo,
CategoryTags::Category.Item.Meals.Simple,Comida sencilla,
CategoryTags::Category.Item.Ration.Simple,Ración sencilla,
CategoryTags::Category.Construction.SkinnyWalls,Muros finos,
CategoryTags::Category.Damage.Slashing,Daño cortante,
CategoryTags::Category.Construction.Walls.Sloped,Muros inclinados,
CategoryTags::Category.Construction.SmallFloor,Suelos pequeños,
CategoryTags::Category.Spears,Lanzas,
CategoryTags::Category.Item.Special,Especial,
CategoryTags::Category.Item.Spices,Especias,
CategoryTags::Category.Construction.Stairs,Escaleras,
CategoryTags::Category.Construction.Stoneworking,Cantería,
CategoryTags::Category.Construction.Storage,Almacenamiento y muestrario,
CategoryTags::Category.Swords,Espadas,
CategoryTags::Category.Goals.TheCurse,La runas malditas,
CategoryTags::Category.Lore.FellowshipMarkers,El viaje de la compañía,
CategoryTags::Category.Goals.Khazadstone,La piedra khazâd,
CategoryTags::Category.Lore.OrcsInMoria,Los Orcos,
CategoryTags::Category.Goals.ShadowsInMoria,La sombra,
CategoryTags::Category.Damage.Thunder,Trueno,
CategoryTags::Category.Item.Tinted,Teñido,
CategoryTags::Category.Construction.Tinting,Teñido,
CategoryTags::Category.Tools,Herramientas,
CategoryTags::category.construction.Signs,Sellos,
CategoryTags::Category.Construction.Treasure,Tesoro,
CategoryTags::Category.Construction.Trestle,Caballetes,
CategoryTags::Category.Construction.Trim,Revestimientos,
CategoryTags::Category.Weapons.2h,A dos manos,
CategoryTags::Category.Item.Veggies,Vegetales,
CategoryTags::Category.Construction.Walls.Crowns,Molduras,
CategoryTags::Category.Construction.Walls.Pieces,Secciones de muro,
CategoryTags::Category.Construction.Walls,Muros,
CategoryTags::Category.Axes,Hachas bélicas,
CategoryTags::Category.Battlehammers,Piquetas de guerra,
CategoryTags::Category.Mattocks,Piquetas de guerra,
CategoryTags::Category.Weapons,Armas,
CategoryTags::Category.Lore.WizardMarks,Marcas de mago,
CategoryTags::Category.Item.Wood,Madera,
CategoryTags::Category.Construction.Crude,Rudimentaria,
Challenges::CBP.BalinLockedBoxKeyD.Description,"Una llave forjada por enanos. Se usa para abrir el Khafrûn Khuzdul Akhfur de Balin, un cofre cerrado de los enanos.",
Challenges::CBP.BalinLockedBoxKeyE.Description,"Una llave forjada por enanos. Se usa para abrir el Khafrûn Khuzdul Akhfur de Frár, un cofre cerrado de los enanos.",
Challenges::CBP.OrisChestKey.Description,"Una llave forjada por enanos. Se usa para abrir el Khafrûn Khuzdul Akhfur de Ori, un cofre cerrado de los enanos.",
Challenges::Legendary.Elven.Pickup3.Description,Un gran manivela que usan los enanos para hacer sus trabajos,
Challenges::Legendary.Elven.PickUp2.Description,Un gran engranaje que usan los enanos para hacer sus trabajos,
Challenges::Legendary.Elven.Pickup1.Description,Una gran tubería que usan los enanos para hacer sus trabajos,
Challenges::CBP.BalinLockedBoxKey.Description,"Una llave forjada por enanos. Se usa para abrir el Khafrûn Khuzdul Akhfur de Lóni, un cofre cerrado de los enanos.",
Challenges::CBP.BalinLockedBoxKeyC.Description,"Una llave forjada por enanos. Se usa para abrir el Khafrûn Khuzdul Akhfur de Óin, un cofre cerrado de los enanos.",
Challenges::CBP.TheMaker.Name,Runas ancestrales,
Challenges::CBP.BalinLockedBoxD.Name,Cofre Akhfur de Balin,
Challenges::CBP.BalinLockedBoxKeyD.Name,Llave de Balin,
Challenges::CBP.LorePickup.BookofSorrowNainPart1.Name,"Libro de Thamsâ, parte 1",
Challenges::CBP.LorePickup.BookofSorrowNainPart2.Name,"Libro de Thamsâ, parte 2",
Challenges::CBP.LorePickup.BookofSorrowNainPart3.Name,"Libro de Thamsâ, parte 3",
Challenges::CBP.LorePickup.BookofShadows.Name,"Libro de Usmûr, parte 1",
Challenges::CBP.LorePickup.BookofSorrowPart2.Name,"Libro de Usmûr, parte 2",
Challenges::CBP.LorePickup.BookofSorrowPart3.Name,"Libro de Usmûr, parte 3",
Challenges::CBP.BearNest.Name,Madriguera de oso cavernario,
Challenges::CBP.DurinsAxeFragment.Interaction,Recoger,
Challenges::Drainworks.Message,Dañado,
Challenges::Legendary.Elven.Furnace.Message,Dañada,
Challenges::CBP.VenerationLamp.DamagedName,Lámpara de Durin dañada,
Challenges::CBP.StoryStoneRuined.DisplayName,Piedra de la historia dañada,
Challenges::CBP.DurinMonument.Damaged,Monumento dañado,
Challenges::CBP.Statue.DisplayName,Estatua dañada,
Challenges::FloodedForge.GateInteraction.Activate,Drenar y abrir la puerta,
Challenges::CBP.DrakeNest.Name,Guarida de dragoncillo,
Challenges::CBP.Grave.DurinI.Name,Tumba de Durin I,
Challenges::CBP.VenerationLamp.Name,Lámpara de Durin,
Challenges::CBP.DwarfRemains.DisplayName,Restos enanos,
Challenges::CBP.MapStone.Interaction,Viaje rápido,
Challenges::CBP.DurinsAxeFragment.Name,Fragmento del hacha de Durin,
Challenges::CBP.BalinLockedBoxE.Name,Cofre Akhfur de Frár,
Challenges::CBP.BalinLockedBoxKeyE.Name,Llave de Frár,
Challenges::Legendary.Elven.Forge.Message,El horno está frío,
Challenges::Legendary.Flooded.Furnace.Name,Horno Legendario de Belegost,
Challenges::Legendary.Durin.Furnace.Name,Horno Legendario de Durin I,
Challenges::Legendary.Elven.Furnace.Name,Horno Legendario de Narvi,
Challenges::Legendary.Mithril.Furnace.Name,Horno Legendario de Mithril,
Challenges::Legendary.Nogrod.Furnace.Name,Horno Legendario de Nogrod,
Challenges::CBP.StoryStone.DisplayName,Piedra de la historia,
Challenges::CBP.DwarfRemains.Interaction,Rendir homenaje,
Challenges::CBP.RepairStation.CampFire.Interaction,Encender,
Challenges::CBP.FellowshipMarker.ReInteract,Mirar,
Challenges::CBP.FellowshipMarkerText,Mirar,
Challenges::CBP.Inspectable.Inspect,Mirar,
Challenges::CBP.BalinLockedBox.Name,Cofre Akhfur de Lóni,
Challenges::CBP.BalinLockedBoxKey.Name,Llave de Lóni,
Challenges::CBP.MapStone.DisplayName,Piedra cartográfica,
Challenges::CBP.Contraption.CrystalDescent.Name,Montacargas de la mina,
Challenges::Legendary.FillMissingParts.Name,Pieza perdida,
Challenges::CBP.DurinMonument.Generic,Monumento a Durin,
Challenges::CBP.DurinMonument.DurinI,Monumento a Durin I,
Challenges::CBP.DurinMonument.DurinII,Monumento a Durin II,
Challenges::CBP.DurinMonument.DurinIII,Monumento a Durin III,
Challenges::CBP.DurinMonument.DurinIV,Monumento a Durin IV,
Challenges::CBP.DurinMonument.DurinV,Monumento a Durin V,
Challenges::CBP.DurinMonument.DurinVI,Monumento a Durin VI,
Challenges::CBP.Altar.DisplayName.Durin,Muznâkan del linaje de Durin,
Challenges::CBP.Altar.DisplayName.DwalinBalin,Muznâkan del linaje de Fundin,
Challenges::CBP.Altar.DisplayName.Belegost,Muznâkan del linaje de Garin,
Challenges::CBP.Altar.DisplayName.Gimol,Muznâkan del linaje de Gimol,
Challenges::CBP.Altar.DisplayName.Narvi,Muznâkan del linaje de Narvi,
Challenges::CBP.Altar.DisplayName.Ori,Muznâkan del linaje de Ori,
Challenges::CBP.Altar.DisplayName.Telchar,Muznâkan del linaje de Telchar,
Challenges::CBP.Altar.DisplayName,Muznâkan de un linaje desconocido,
Challenges::CBP.Altar.OpenAltar,Abrir,
Challenges::CBP.OrisChest.Name,Cofre Akhfur de Ori,
Challenges::CBP.OrisChestKey.Name,Llave de Ori,
Challenges::TempCBP.OrcCampChest.Name,Cofre orco,
Challenges::CBP.Altar.PaymentText,Colocar talla,
Challenges::CBP.LorePickup.BookofShadows.Interact,Leer,
Challenges::CBP.StoryStone.FirstInteraction,Leer,
Challenges::CBP.StoryStone.Interaction,Leer otra vez,
Challenges::CBP.MapStone.FirstInteraction,Leer mapa,
Challenges::CBP.Contraption.CrystalDescent.Payment,Reconstruir,
Challenges::CBP.DurinMonument.Interact,Reconstruir,
Challenges::CBP.MapStoneRuined.Interaction,Reconstruir,
Challenges::CBP.PayCost.Repair,Reconstruir,
Challenges::CBP.RebuildableStation.Interaction,Reconstruir,
Challenges::CBP.RepairStation.Runecrafting.Interaction,Reconstruir,
Challenges::CBP.Statue.Payment,Reconstruir,
Challenges::CBP.StoryStoneRuined.Interaction,Reconstruir,
Challenges::CBP.VenerationLamp.Interaction,Reconstruir,
Challenges::CBP.VenerationLamp.Payment,Reconstruir,
Challenges::CBP.Contraption.CrystalDescent.Interact,Reconstruir montacargas de la mina,
Challenges::Legendary.Elven.Furnace.Interaction,Reconstruir para usar,
Challenges::Legendary.Flooded.Furnace.Interaction,Reconstruir para usar,
Challenges::CBP.Statue.RestoredState,Estatua<lf>reconstruida,
Challenges::CBP.Statue.RecipeFragmentReceived,Has encontrado un fragmento de receta,
Challenges::Legendary.FillMissingPart.Pay,Sustituir,
Challenges::Legendary.Elven.PickUp3.Name,Manivela de sustitución,
Challenges::Legendary.Elven.PickUp2.Name,Engranaje de sustitución,
Challenges::Legendary.Elven.PickUp1.Name,Tubería de sustitución,
Challenges::Drainworks.Interaction.Fixed,Drenar abismos inferiores,
Challenges::FloodedForge.GateInteraction.Disabled,Reconstruir los drenajes para abrirlos,
Challenges::CBP.MapStoneRuined.DisplayName,Piedra cartográfica destruida,
Challenges::CBP.RepairStation.Runecrafting.DisplayName,Mesa de runas,
Challenges::Container.DwarfRemains.DisplayName,Restos esparcidos,
Challenges::CBP.ShadowVent.Interaction,Sellar conducto de sombra,
Challenges::CBP.SteamVent.Interaction,Sellar conducto de vapor,
Challenges::CBP.FellowshipMarkerTemp,Reliquia de la compañía,
Challenges::CBP.SpiderNest.Name,Nido de araña,
Challenges::CBP.Statue.RestoredMsg,¡Has reconstruido la estatua!,
Challenges::CBP.StairRepair,Las escaleras orientales,
Challenges::FloodedForge.GateInteraction.Name,Gran Puerta de la Forja de Belegost,
Challenges::Drainworks.Name.Lever,Controles de las grandes bombas de drenaje de Durin,
Challenges::CBP.WizardMark.ReadMsg,Traducir,
Challenges::CBP.OrisChest.Payment,Forjar una llave para abrirlo,
Challenges::TempCBP.OrcCampChest.Payment,Abrir cerradura,
Challenges::CBP.WizardMark.Name,Marca de mago,
Challenges::State.PayCost.DisabledTextFormat,[£] {0} (No Items),
Challenges::CBP.MapStone.ReadMsg,Se ha añadido {PoiName} al mapa,
Challenges::CBP.BalinLockedBoxC.Name,Cofre Akhfur de Óin,
Challenges::CBP.BalinLockedBoxKeyC.Name,Llave de Óin,
CharacterCustomization::Customization.Beard.8,Anillada,
CharacterCustomization::Customization.Hair.11,Rizos con cinta,
CharacterCustomization::Customization.Hair.6,Flequillo,
CharacterCustomization::Customization.Scar.Nose,Pelea de bar,
CharacterCustomization::Customization.OriginDesc.Southernmost,"Más allá de la ciudad de Umbar se encuentra el más meridional de todos los reinos enanos conocidos: las Montañas Costeras. Gracias a la paz que ha traído el Reino Unificado, esta colonia ha restablecido sus conexiones con sus parientes norteños de Rhûn y las Montañas Rojas.",
CharacterCustomization::Customization.Beard.4,Patillas trenzadas,
CharacterCustomization::Customization.Hair.16,Corona trenzada,
CharacterCustomization::Customization.Personality.Adventurer,Descarada,
CharacterCustomization::Customization.Beard.14,Perilla,
CharacterCustomization::Customization.Beard.6,Barboquejo,
CharacterCustomization::Customization.Beard.2,Patillas,
CharacterCustomization::Customization.Head.8,Tranquila,
CharacterCustomization::Customization.Beard.9,Adornada,
CharacterCustomization::Customization.Hair.2,Cortina de trenzas,
CharacterCustomization::Customization.Beard.3,Cortinas,
CharacterCustomization::Customization.Head.4,Distante,
CharacterCustomization::Customization.Beard.5,Puntiaguda,
CharacterCustomization::Customization.OriginDesc.RedMountains,"Los enanos de las Montañas Rojas estuvieron separados durante mucho tiempo de sus parientes de las zonas occidentales de la Tierra Media. No fue hasta la caída de Sauron, que los enanos pudieron viajar hacia el oeste, más allá de Mordor, y traer consigo su particular cultura.",
CharacterCustomization::Customization.Personality.Kindly,Entusiasta,
CharacterCustomization::Customization.OriginDesc.IronHills,"Las Colinas de Hierro, situadas al este de Erebor, han sido durante mucho tiempo un refugio para los enanos, a pesar de no ser tan prósperas como otros reinos. Los señores de las Colinas de Hierro están emparentados con el Rey Bajo la Montaña.",
CharacterCustomization::Customization.Head.15,Élfica,
CharacterCustomization::Customization.OriginDesc.Erebor,Erebor sigue siendo tanto el trono del Rey Bajo la Montaña como el actual hogar del rey de la casa de Durin. La Montaña Solitaria continúa prosperando en la Cuarta Edad y ha ayudado a reconstruir partes de Gondor y Cuernavilla.,
CharacterCustomization::Customization.Hair.15,Trenza de espiga,
CharacterCustomization::Customization.Hair.3,Trenzas anchas,
CharacterCustomization::Customization.Personality.Stout,Tenaz,
CharacterCustomization::Customization.Beard.1,Poblada,
CharacterCustomization::Customization.Scar.4,Pico de trasgo,
CharacterCustomization::Customization.Head.16,Elegante,
CharacterCustomization::Customization.Personality.Rubble_Head,Seria,
CharacterCustomization::Customization.Head.1,Curtida,
CharacterCustomization::Customization.Scar.6,Puerta oculta,
CharacterCustomization::Customization.Hair.7,Elaborado,
CharacterCustomization::Customization.Hair.10,Moño con joyas,
CharacterCustomization::Customization.Hair.8,Moño de kine,
CharacterCustomization::Customization.Beard.11,Anillo de kine,
CharacterCustomization::Customization.OriginDesc.GlitteringCaves,"Situadas tras Cuernavilla, en Rohan, las Cavernas Centelleantes son una colonia enana relativamente nueva, establecida en la Cuarta Edad por el señor Gimli, Portador del Rizo, y otros enanos de Erebor. También han ayudado a restaurar Gondor y Rohan.",
CharacterCustomization::Customization.Hair.1,Largo,
CharacterCustomization::Customization.Hair.9,Suelto,
CharacterCustomization::Customization.Hair.4,Corona suelta,
CharacterCustomization::Customization.Beard.10,Majestuosa,
CharacterCustomization::Customization.Head.11,Alegre,
CharacterCustomization::Customization.Scar.Swipe,Gato salvaje montañés,
CharacterCustomization::Customization.Beard.None,Sin barba,
CharacterCustomization::Customization.Hair.None,Sin pelo,
CharacterCustomization::Customization.Scar.None,Sin cicatrices,
CharacterCustomization::Customization.Tattoo.None,Ninguno,
CharacterCustomization::Customization.Backpack.None,No,
CharacterCustomization::Customization.Backpack.Default,Sí,
CharacterCustomization::Customization.Scar.3,Pico ,
CharacterCustomization::Customization.Hair.12,Trenzas tubulares,
CharacterCustomization::Customization.Beard.13,Trenzada,
CharacterCustomization::Customization.Head.2,Pulida,
CharacterCustomization::Customization.Scar.8,Oponente político,
CharacterCustomization::Customization.Beard.7,Patillas con coleta,
CharacterCustomization::Customization.Hair.13,Coleta,
CharacterCustomization::Customization.Head.12,Refinada,
CharacterCustomization::Customization.Head.5,Regia,
CharacterCustomization::Customization.Head.6,Serena,
CharacterCustomization::Customization.Hair.5,Trenza simple,
CharacterCustomization::Customization.Beard.12,Cuña,
CharacterCustomization::Customization.Head.7,Dura,
CharacterCustomization::Customization.Head.3,Robusta,
CharacterCustomization::Customization.Origin.BlueMountains,Las Montañas Azules,
CharacterCustomization::Customization.Origin.Southernmost,Las Montañas Costeras,
CharacterCustomization::Customization.Origin.GlitteringCaves,Las Cavernas Centelleantes,
CharacterCustomization::Customization.Origin.IronHills,Las Colinas de Hierro,
CharacterCustomization::Customization.Origin.Erebor,La Montaña Solitaria,
CharacterCustomization::Customization.Origin.RedMountains,Las Montañas Rojas,
CharacterCustomization::Customization.OriginDesc.BlueMountains,"Aunque muchos de los enanos que se habían asentado en las Montañas Azules en la Tercera Edad regresaron a la Montaña Solitaria una vez recuperada, el asentamiento de la casa de Durin en esta cordillera septentrional se ha mantenido hasta bien entrada la Cuarta Edad.",
CharacterCustomization::Customization.Scar.9,Tradición,
CharacterCustomization::Customization.Scar.5,Rama de árbol,
CharacterCustomization::Customization.Beard.15,Patillas rizadas,
CharacterCustomization::Customization.Voice.1,Voz 1,
CharacterCustomization::Customization.Voice.10,Voz 10 (prefiere el khuzdul),
CharacterCustomization::Customization.Voice.11,Voz 11 (prefiere el khuzdul),
CharacterCustomization::Customization.Voice.12,Voz 12 (prefiere el khuzdul),
CharacterCustomization::Customization.Voice.2,Voz 2,
CharacterCustomization::Customization.Voice.3,Voz 3,
CharacterCustomization::Customization.Voice.4,Voz 4,
CharacterCustomization::Customization.Voice.5,Voz 5,
CharacterCustomization::Customization.Voice.6,Voz 6,
CharacterCustomization::Customization.Voice.7,Voz 7,
CharacterCustomization::Customization.Voice.8,Voz 8,
CharacterCustomization::Customization.Voice.9,Voz 9 (prefiere el khuzdul),
CharacterCustomization::Customization.Scar.7,Cachorro de huargo,
CharacterCustomization::Customization.Hair.14,Cascada,
CharacterCustomization::Customization.Head.10,Curtida,
CharacterCustomization::Customization.Head.14,Determinada,
CharacterCustomization::Customization.Head.9,Jovial,
Interactables::Receptacles.EmptyContainer, (vacío/a),
Interactables::Containers.ResourcePallet.InventoryFull, (Inventario lleno),
Interactables::Receptacles.InventoryFull, (Inventario lleno),
Interactables::Containers.ResourcePallet.PalletFull, (Palé lleno),
Interactables::Interactables.ItemRack.Take.NoItemsAlternative,(vacío/a),
Interactables::TreasurePile.ReceptacleFull,(Lleno),
Interactables::TreasurePile.InventoryFull,(Inventario lleno),
Interactables::Interactables.TavernSong.Name,¡Que fluya la inspiración!,
Interactables::Interactables.MiningSong.Name,"¡Inspiración, ven a mí!",
Interactables::Interactables.VenerationSong.Name,¡Ola de inspiración!,
Interactables::Containers.KnowledgeShelf.Scrolls.Description,Una colección de pergaminos con antiguos conocimientos sobre construcción. Estúdialos para construir sin consumir recursos.,
Interactables::Containers.KnowledgeShelf.Books.Description,Una colección de tomos con antiguos conocimientos sobre construcción. Estúdialos para construir sin consumir recursos.,
Interactables::Pickups.BalinCampJournal.D.Description,Una serie de órdenes escritas en tono formal para uno de los miembros de la Compañía de Balin.,
Interactables::Constructions.Hearth_Farm.Description,"Marcador un tanto hogareño para construir zonas agrícolas. Los enanos tomaron prestado el concepto del espantapájaros a los hobbits, aunque desconocen su verdadero propósito.",
Interactables::Pickups.BalinCampJournal.OrisJournal.Description,"Diario de Ori, miembro de la Compañía de Balin.",
Interactables::Pickups.BalinCampJournal.C.Description,"Diario de Óin, miembro de la Compañía de Balin.",
Interactables::Beorn_Hearth_Large.Description,Fogón enorme inspirado en el fuego vivo de la cabaña de Beorn. Permite construir grandes edificaciones y proporciona calor.,
Interactables::Constructions.StorageChest.Advanced.Description,"Un cofre de mayor tamaño fabricado con madera élfica. Cuando está cerca de un fogón, se puede usar su contenido sin tener que extraerlo.",
Interactables::Constructions.Hearth_MediumFireplace.Description,Un fuego más grande que permite construir cerca. Proporciona calor y te permite cocinar mejores platos.,
Interactables::Pickups.BalinCampJournal.E.Description,Un pergamino mal enrollado con una nota escrita a toda prisa.,
Interactables::Constructions.Hearth_LargeHearth.Description,Un fuego enorme que permite construir grandes edificaciones.<lf>Proporciona calor y te permite cocinar mejores platos.,
Interactables::Beorn_Cave_Honey_Hive.Description,Una forma sencilla de alojar a las abejas y conseguir un panal de abejas casero.,
Interactables::Constructions.FloorTorch.Description,"Un pequeño fuego, útil para iluminar senderos, salones y cavernas. ",
Interactables::Constructions.Hearth_Mini.Description,Un fuego pequeño que permite construir cerca. Proporciona calor y te permite cocinar platos.,
Interactables::Constructions.Memorial.Description,Un tributo en honor a los enanos caídos que vivieron antes que nosotros. ,
Interactables::TreasurePile.Coin.Huge.Description,"Una magnífica pila de tesoros. Cuantos más tesoros haya en el alijo, mayor será el beneficio que reciban los enanos al defenderlos.",
Interactables::Pickups.KhazadstoneBookInfo,Relato de los últimos días de Durin VI,
Interactables::Interactables.MapStone.Action,Leer,
Interactables::Containers.AdamantPallet.Name,Palé de adamanto,
Interactables::Interactables.Fuel.AddFuel,Añadir combustible,
Interactables::Containers.KnowledgeShelf.Scrolls.Deposit,Añadir pergaminos,
Interactables::Containers.KnowledgeShelf.Books.Deposit,Añadir tomos,
Interactables::TreasurePile.Deposit,Añadir tesoro,
Interactables::Interactables.ItemRack.Place,Añadir: {0},
Interactables::TreasurePile.DisabledDeposit,Añadir: {2},
Interactables::Interactables.Fuel.AddFuelType,Añadir {FuelName},
Interactables::Interactables.Fuel.FullQueue,Añadiendo combustible...,
Interactables::TreasurePile.Admire,Admirar,
Interactables::TreasurePile.DisabledAdmire,Admirar (has admirado hace poco),
Interactables::Constructions.Kitchen_Stove.Description,Cocina avanzada para preparar platos y raciones.,
Interactables::Constructions.WallTorch.Description,Coloca esta antorcha en las paredes o superficie vertical para iluminar una zona.,
Interactables::Constructions.CrystalLamp.Name,Lámpara de Afhan,
Interactables::Constructions.BreweryUpgradeStation.Name,Alambique alquímico,
Interactables::Interactables.Bedroll.Action.Others,Ya adjudicada,
Interactables::EntPack.Everspring.Description,"Fuente ent que otorga madera ent, de gran utilidad para la artesanía ent y la preparación de brebajes.",
Interactables::Constructions.StorageChest.Ornate.Description,"Un cofre magnífico reforzado con bronce. Cuando está cerca de un fogón, se puede usar su contenido sin tener que extraerlo. ",
Interactables::Interactables.DurinsGrave.Writings,Runas ancestrales,
Interactables::Raven.DisplayName,"Aric, cuervo de Erebor",
Interactables::Interactables.ItemRack.Mannequin.Name,Maniquí de armaduras,
Interactables::Interactables.Bed.Name.Unclaimed,Cama disponible,
Interactables::Interactables.Bedroll.Name.Unclaimed,Petate disponible,
Interactables::Interactables.Farming.GrowthRate.Moderate,Tiempo de crecimiento medio,
Interactables::Pickups.BalinCampJournal.E,Carta de Balin,
Interactables::Interactables.BalinsGrave.Name,Tumba de Balin,
Interactables::Interactables.BalrogsEmergence.Name,Emergencia del Balrog,
Interactables::Containers.Barrel.Name,Barril,
Interactables::Constructions.BedSmall,Cama,
Interactables::Interactables.Bed.Name,Cama,
Interactables::Constructions.Farm1x1_Large.Description,Parterre de tierra labrada. Planta un esqueje para que crezca un árbol. ,
Interactables::Constructions.Bedroll,Petate,
Interactables::Interactables.Bedroll.Name,Petate,
Interactables::Interactables.Flora.BeeHive.Name,Panal de abejas,
Interactables::Constructions.Bellows.Name,Fuelle,
Interactables::Interactables.ItemRack.BowRack.Name,Estante de arcos,
Interactables::Containers.DebugReceptacle.Name,Caja,
Interactables::Containers.ProcReceptacle.Name,Caja,
Interactables::Interactables.Braziar.Name,Brasero,
Interactables::Constructions.HolidayPack.MealTable.Description,Saca la vajilla de las fiestas y decora para el Yuletide o cualquier otra celebración. Una estética alternativa de la mesa para comer incluida en el paquete de Yuletide.,
Interactables::Interactables.Brewery.Small.Name,Caldero de brebajes,
Interactables::Interactables.Brewery.Name,Barril de brebajes,
Interactables::Containers.BronzeIngotPallet.Name,Palé de lingotes de bronce,
Interactables::Containers.KnowledgeShelf.Books,Estantería de conocimientos de construcción,
Interactables::Containers.KnowledgeShelf.Scrolls,Estantes de conocimientos de construcción,
Interactables::Constructions.Campfire,Fogón del campamento,
Interactables::Constructions.MealTable_Camp,Mesa de campamento para comer,
Interactables::Pickups.Carry,Llevar,
Interactables::Constructions.HolidayPack.MealTable.Name,Mesa festiva,
Interactables::Containers.Chest.Name,Cofre,
Interactables::Interactables.Bed.Action.Unclaimed,Adjudicar,
Interactables::Interactables.Bedroll.Action.Unclaimed,Adjudicar,
Interactables::Constructions.MealTable.Clear,Limpiar,
Interactables::Interactables.Brewery.Ladder.Climb,Escalar,
Interactables::Interactables.Ladder.Climb,Escalar,
Interactables::Interactables.Rope.Climb,Escalar,
Interactables::Interactables.Door.Close,Cerrar,
Interactables::Containers.CoalPallet.Name,Palé de carbón,
Interactables::Placables.DwarfFigurine.Action,Recoger,
Interactables::Interactables.Collect.Multiple,Recoger objetos ({1}),
Interactables::Interactables.Collect.Single,Recoger: {0} ({1}),
Interactables::Constructions.FabricStation.Description,Combina restos y materiales en bruto con la que crear la tela necesaria para crear armaduras y armas. ,
Interactables::Containers.CopperIngotPallet.Name,Palé de lingotes de cobre,
Interactables::Containers.CopperOrePallet.Name,Palé de mineral de cobre,
Interactables::Interactables.Craft,Fabricar,
Interactables::Interactables.Disabled.CraftingInProgress,Fabricar (en proceso),
Interactables::Interactables.ItemRack.CrossbowRack.Name,Estante de ballestas,
Interactables::Constructios.Farm1x1_Stone.Name,Parcela agrícola para sembrar,
Interactables::Constructions.HolidayPack.MediumHearth.Description,"Un manto decorado sobre un fuego crepitante, perfecto para las noches más oscuras del año. Una estética alternativa del fogón alicatado incluida en el paquete de Yuletide.",
Interactables::Container.ResourcePallet.DepositAllFormat,Almacenar todo: {0},
Interactables::Container.ResourcePallet.DepositFormat,Almacenar: {0} ({1}),
Interactables::Container.ResourcePallet.DisabledDepositFormat,Almacenar: {0} ({1}){2},
Interactables::TreasurePile.Coin.Medium.Description,"Exhibe y almacena los tesoros. Cuantos más tesoros haya en el alijo, mayor será el beneficio que reciban los enanos al defenderlos.",
Interactables::Interactables.Door.Base.Name,Puerta,
Interactables::Interactables.Door.Crude.Name,Puerta,
Interactables::Interactables.DoorsOfDurin.Name,Puertas de Durin,
Interactables::Interactables.Brewery.Drain,Drenar: {1},
Interactables::Containers.PurifiedDarkIngotPallet.Name,Palé de hierro de durinul,
Interactables::Interactables.DurinsAxeFragment.Name,Fragmento del hacha de Durin,
Interactables::Constructions.DurinsLamp.Name,Lámpara de Durin,
Interactables::Interactables.Brewery.Small.Description,Depósito enano donde destilar y almacenar cerveza.,
Interactables::Interactables.Brewery.Massive.Description,Depósito enano donde destilar y almacenar increíbles cantidades de cerveza.,
Interactables::Interactables.Brewery.Description,Depósito enano donde destilar y almacenar grandes cantidades de cerveza.,
Interactables::Constructions.MealTable.Eat,Comer,
Interactables::Interactables.Rename,Editar nombre,
Interactables::Constructions.StorageChest.Advanced.Name,Cofre de madera élfica,
Interactables::Containers.QualityWoodPallet.Name,Palé de madera élfica,
Interactables::Interactables.ItemRack.Take.NothingToSee,Vacío/a,
Interactables::Interactables.Khazadspot.Inspect,Vaciar nicho,
Interactables::Pickups.EquipSwapEpicItem,Equipar obra maestra,
Interactables::Pickups.EquipEnabled,Equipar: {0},
Interactables::Pickups.EquipDisabled,Equipar: {0} (inventario lleno),
Interactables::Pickups.EquipSwap,Equipar: {0} (cambiar),
Interactables::Interactables.DimrillGate.ExitMoria,Salir,
Interactables::Interactables.FallenDwarf,Enano caído,
Interactables::Constructions.Farm2x2,Caja agrícola,
Interactables::Constructions.Farm1x1,Parcela agrícola,
Interactables::Interactables.Farming.DisplayName,Parcela agrícola,
Interactables::Interactables.Farming.DisplayName_Growing,Parcela agrícola (en crecimiento),
Interactables::Interactables.Farming.DisplayName_GrowthBlocked,Parcela agrícola (crecimiento bloqueado),
Interactables::Interactables.Farming.DisplayName_NeedsLight,Parcela agrícola (necesita luz),
Interactables::Interactables.Farming.DisplayName_Ready,Parcela agrícola (lista),
Interactables::Interactables.Farming.DisplayName_Spoiled,Parcela agrícola (estropeada),
Interactables::Interactables.Farming.DisplayName_Sprout,Parcela agrícola (en germinación),
Interactables::Interactables.Farming.DisplayName_TooMuchLight,Parcela agrícola (demasiada luz),
Interactables::Constructions.Hearth_Farm.Name,Espantapájaros enano,
Interactables::Interactables.Brewery.FillBrewskin,Llenar odre para bebidas,
Interactables::Interactables.Brewery.FillKeg,Llenar barril,
Interactables::Interactables.AncientSarcophagus,Tumba de la Primera Edad,
Interactables::TreasurePile.Coin.Large.Description,"Haz alarde de una gran cantidad de tesoros.<lf>Cuantos más tengas, mayor será el beneficio a los enanos.",
Interactables::Pickups.BalinCampJournal.D,Órdenes de Flói,
Interactables::Constructions.BasicForge,Fragua,
Interactables::Constructions.BasicForge.Description,"Forja armas, armaduras y objetos de metal.",
Interactables::Pickups.BalinCampJournal.B,Las notas de Frár,
Interactables::Interactables.Fuel,Combustible,
Interactables::Constructions.BasicFurnace,Horno,
Interactables::Constructions.ForgeUpgrade,Cortagemas,
Interactables::Interactables.ItemRack.Gem.Name,Vitrina de gemas,
Interactables::Pickups.PickUpEnabled,Obtener: {0},
Interactables::Pickups.PickUpDisabled,Obtener: {0} (inventario lleno),
Interactables::Containers.ResourcePallet.GetFormat,Obtener: {0} ({1}),
Interactables::Containers.ResourcePallet.DisabledGetFormat,Obtener: {0} ({1}){2},
Interactables::Containers.GoldIngotPallet.Name,Palé de lingotes de oro,
Interactables::Containers.GoldOrePallet.Name,Palé de mineral de oro,
Interactables::Constructions.Hearth_LargeHearth.Name,Fogón grande,
Interactables::Containers.GranitePallet.Name,Palé de granito,
Interactables::Constructions.FloodedForge,Gran Fragua de Belegost,
Interactables::Constructions.FloodedFurnace.Name,Gran Horno de Belegost,
Interactables::Constructions.DurinForge,Gran Fragua de Durin,
Interactables::Constructions.LegendayElvishForge,Gran Fragua de Narvi,
Interactables::Constructions.LegendayElvishFurnace,Gran Horno de Narvi,
Interactables::Constructions.MithrilForge,Gran Fragua de Mithril,
Interactables::Constructions.NogrodForge,Gran Fragua de Nogrod,
Interactables::Constructions.Mill.Description,Muele grano para convertirlos en ingredientes. ,
Interactables::Constructions.Mill.Name,Molino,
Interactables::Interactables.Farming.GrowthRate.Fast,Crecimiento rápido,
Interactables::Interactables.Farming.GrowthRate.Slow,Crecimiento lento,
Interactables::Interactables.ItemRack.ShieldHook.Description,"Sirve para colgar un escudo, un arma o una mochila en la pared. ",
Interactables::Constructions.PublicFurnace.Description,"En muchos edificios comunes, los enanos pueden utilizar las fuentes de calor cercanas para fundir cualquier mineral en bruto que lleven encima antes de dedicarse a otras tareas.",
Interactables::Constructions.TintingStation.Name,Molino de pigmentos,
Interactables::Interactables.TintingStation.TintItem,Molino de pigmentos,
Interactables::Interactables.RuneCraftingStation.CraftRune,Grabar runas de poder,
Interactables::Interactables.RuneCraftingStation.Description,Graba runas de poder para que tus armas y herramientas golpeen con más fuerza. ,
Interactables::Containers.IronIngotPallet.Name,Palé de lingotes de hierro,
Interactables::Containers.IronOrePallet.Name,Palé de mineral de hierro,
Interactables::Containers.IronWoodPallet.Name,Palé de palo fierro,
Interactables::Interactables.ItemRack.TakeOneOfMany,Objeto,
Interactables::Interactables.DurinsLamp.JoinSong,Unirse al cántico,
Interactables::Containers.KhazadIngotPallet.Name,Palé de acero khazâd,
Interactables::Constructions.ForgeAdvanced,Fragua khuzdul,
Interactables::Interactables.NainsGrave.Name,Tumba del rey Náin,
Interactables::Interactables.Brewery.Massive.Name,Barril de brebajes del rey,
Interactables::Constructions.Ladder,Escalera,
Interactables::Interactables.Brewery.Ladder.Name,Escalera,
Interactables::Placables.Ladder.Name,Escalera,
Interactables::Interactables.Library.Monument,Biblioteca de Kibil-nâla,
Interactables::Interactables.Braziar.Interact,Luz,
Interactables::Beorn_Hearth_Large.Name,Fogón de la cabaña,
Interactables::Constructions.FabricStation.Name,Lazada,
Interactables::Beorn_Cave_Honey_Hive.Name,Panal de abejas casero,
Interactables::Constructions.Bed,Cama de la mansión,
Interactables::Placables.MapStone.Name,Piedra cartográfica,
Interactables::Constructions.Mapstone.Description,Marca una ubicación bajo la montaña e indica el camino a otras ubicaciones.<lf>Se usa para viajar rápidamente.,
Interactables::Interactables.ItemRack.EpicItemRack.Name,Estante de obras maestras,
Interactables::Interactables.ItemRack.EpicItem.Rack.Tip,Solo obras maestras.,
Interactables::Constructions.MealTable,Mesa para comer,
Interactables::Constructions.Memorial.Name,Llama conmemorativa,
Interactables::Interactables.CueSpot.Name,Recuerdo,
Interactables::Containers.MithrilIngotPallet.Name,Palé de lingotes de mithril,
Interactables::Containers.MithrilOrePallet.Name,Palé de mineral de mithril,
Interactables::Constructions.Farm1x1.Description,Parcela de tierra labrada más resistente. Lista para cultivar una planta.,
Interactables::Placables.DwarfFigurine.Name,Estatuilla muznakan,
Interactables::Interactables.Farming.NeedsLight,Necesita luz,
Interactables::Interactables.Fuel.NoFuels,No hay combustible disponible,
Interactables::Interactables.Fuel.NoRequiredFuels,No hay combustible disponible ({0}).,
Interactables::Containers.NogrodIngotPallet.Name,Palé de acero de Nogrod,
Interactables::Interactables.Farming.NoPlantableFlora,Nada que plantar,
Interactables::Interactables.Brewery.DisabledDrain,Nada que drenar,
Interactables::Interactables.Door.Open,Abrir,
Interactables::Receptacles.ViewContents,Abrir,
Interactables::Constructions.PublicForge.Name,Abrir fragua,
Interactables::Constructions.PublicFurnace,Abrir horno,
Interactables::TreasurePile.ViewContents,Abrir alijo,
Interactables::Pickups.BalinCampJournal.OrisJournal,Diario de Ori,
Interactables::Constructions.StorageChest.Ornate.Name,Cofre decorado,
Interactables::Constructions.Kitchen_Oven.Name,Horno,
Interactables::Pickups.BalinCamps,Páginas del libro de Mazarbul,
Interactables::Pickups.BalinCampJournal.B.Description,"Páginas metidas en un sobre, obra de uno de los miembros de la Compañía de Balin.",
Interactables::Placables.DropItem.Name,Recoger,
Interactables::Placables.FoodPickup.Name,Recoger,
Interactables::Interactables.Farming.StillGrowing,Recoger: {0} (en crecimiento),
Interactables::Interactables.Farming.NotEnoughLight,Recoger: {0} (necesita luz),
Interactables::Interactables.Farming.TooMuchLight,Recoger: {0} (demasiada luz),
Interactables::Interactables.Farming.ReachedMaxGrowth,Recoger: {0} ({1}),
Interactables::Interactables.Farming.ReachedMaxGrowthDisabled,Recoger: {0} ({1}),
Interactables::Interactables.Farming.TakeAll,Recoger: {0} ({1}),
Interactables::Interactables.Farming.TakeAllInventoryFull,Recoger: {0} ({1}) (inventario lleno),
Interactables::Interactables.Farming.PlantFlora,Plantar,
Interactables::Constructions.QuickPlatform,Plataforma,
Interactables::Constructions.HolidayPack.PresentPile.Name,Montaña de regalos,
Interactables::Constructions.Farm2x2.Description,"Contenedor elevado con tierra, listo para cultivar tres plantas.",
Interactables::Interactables.StriderJournal,Diario del montaraz,
Interactables::Interactables.StriderJournal.Bridge,Diario del montaraz: El puente,
Interactables::Interactables.StriderJournal.Dwarrowdelf,Diario del montaraz: La ciudad,
Interactables::Interactables.StriderJournal.Crossroads,Diario del montaraz: Encrucijada,
Interactables::Interactables.StriderJournal.Grottos,Diario del montaraz: Los abismos,
Interactables::Interactables.StriderJournal.Mines,Diario del montaraz: Las minas,
Interactables::Raven.DisplayName.FirstRaven,Cuervo de Erebor,
Interactables::Interactables.RepairStation.Repair,Reparar,
Interactables::Constructions.RepairStation.Name,Herrería de reparación,
Interactables::Interactables.RepairStation,Herrería de reparación,
Interactables::Constructions.RepairStation.Description,Repara las armas y las armaduras dañadas. ,
Interactables::Interactables.DimrillGate.ReplayExitMoria,Volver a jugar,
Interactables::Interactables.CueSpot,Repetir conversación,
Interactables::Interactables.Challenge.RequiresPrefix,Se necesita: {0} ({1}),
Interactables::Containers.ResinOrePallet.Name,Palé de mineral de resina,
Interactables::Containers.ResourceCache.Name,Arcón de recursos,
Interactables::Containers.ResourcePallet.Name,Palé de recursos,
Interactables::Interactables.Bedroll.Action.Your,Descansar,
Interactables::Constructions.Kitchen_PitBBQ.Name,Asador,
Interactables::Constructions.RopeLadder.Name,Escalera de cuerdas,
Interactables::Interactables.Flora.RopeVine.Name,Enredaderas de cuerda,
Interactables::Interactables.RuneCraftingStation.Name,Mesa de runas,
Interactables::Constructions.PurificationStation.Name,Baño de sales,
Interactables::Containers.SaltOrePallet.Name,Palé de mineral de sal,
Interactables::Containers.GunmetalIngotPallet.Name,Palé de lingotes de shânor,
Interactables::TreasurePile.Coin.Small.Description,"Fanfarronea de una pequeña cantidad de tesoros. Cuantos más tesoros haya en el arcón, mayor será el beneficio que reciban los enanos al defenderlos. ",
Interactables::Containers.SilverIngotPallet.Name,Palé de lingotes de plata,
Interactables::Containers.SilverOrePallet.Name,Palé de mineral de plata,
Interactables::Constructions.Bedroll.Description,Un lugar sencillo donde dormir y recuperar energía.,
Interactables::Constructions.RopeLadder.Description,La forma más sencilla de subir o bajar.,
Interactables::Interactables.DurinsLamp.DisabledStartSong,Cantar (en proceso),
Interactables::Interactables.DurinsLamp.StartSong,Cantar a la luz,
Interactables::Interactables.Bed.Action.Your,Dormir,
Interactables::Constructions.BedSmall.Description,Duerme aquí para recuperar energía y tener un descanso reparador.,
Interactables::Constructions.Bed.Description,Duerme aquí para recuperar energía y tener un descanso reparador.,
Interactables::Constructions.Kitchen_PitBBQ.Description,Cocina los alimentos a fuego lento.,
Interactables::Constructions.SmallStoneBlock,Bloque pequeño,
Interactables::Constructions.Hearth_Mini.Name,Fogón pequeño,
Interactables::Constructions.Campfire.Description,Pequeño fuego que te permite levantar un campamento y cocinar un menú reducido.,
Interactables::Constructions.MealTable_Camp.Description,Una mesa pequeña para servir comidas recién salidas del fogón del campamento. Es necesaria para comer en el campamento.,
Interactables::Constructions.BasicFurnace.Description,Funde materiales brutos en lingotes que usar en la forja.,
Interactables::Constructions.FabricStation_Upgrade.Name,Rueca,
Interactables::Constructions.Stairs,Escaleras,
Interactables::Constructions.FloorTorch,Antorcha de pie,
Interactables::Containers.StarMetalOrePallet.Name,Palé de mineral de metal estelar,
Interactables::Containers.StarAlloyIngotPallet.Name,Palé de metal estelar,
Interactables::Interactables.MiningSong.Sing,Empezar a cantar,
Interactables::Interactables.TavernSong.StartSinging,Empezar a cantar,
Interactables::Constructions.Statue,Estatua,
Interactables::Containers.SteelIngotPallet.Name,Palé de lingotes de acero,
Interactables::Containers.SterlingIngotPallet.Name,Palé de lingotes de plata de ley,
Interactables::Constructions.Hearth_Small.name,Fogón de piedra,
Interactables::Containers.StonePallet.Name,Palé de piedras,
Interactables::Interactables.DurinsLamp.StopSong,Dejar de cantar,
Interactables::Interactables.MiningSong.StopSinging,Dejar de cantar,
Interactables::Interactables.ItemRack.Gem.Description,Almacena y exhibe gemas.,
Interactables::Containers.BronzeIngotPallet.Description,Almacena una gran cantidad de lingotes de bronce.,
Interactables::Containers.CoalPallet.Description,Almacena una gran cantidad de carbón.,
Interactables::Containers.CopperIngotPallet.Description,Almacena una gran cantidad de lingotes de cobre.,
Interactables::Containers.CopperOrePallet.Description,Almacena una gran cantidad de mineral de cobre.,
Interactables::Containers.PurifiedDarkIngotPallet.Description,Almacena una gran cantidad de lingotes de hierro de durinul.,
Interactables::Containers.QualityWoodPallet.Description,Almacena una gran cantidad de madera élfica.,
Interactables::Containers.GoldIngotPallet.Description,Almacena una gran cantidad de lingotes de oro.,
Interactables::Containers.GoldOrePallet.Description,Almacena una gran cantidad de mineral de oro.,
Interactables::Containers.GranitePallet.Description,Almacena una gran cantidad de roca de granito.,
Interactables::Containers.IronIngotPallet.Description,Almacena una gran cantidad de lingotes de hierro.,
Interactables::Containers.IronOrePallet.Description,Almacena una gran cantidad de mineral de hierro.,
Interactables::Container.IronWoodPallet.Description,Almacena una gran cantidad de Palo Hierro.,
Interactables::Containers.KhazadIngotPallet.Description,Almacena una gran cantidad de lingotes de acero khazâd.,
Interactables::Containers.MithrilIngotPallet.Description,Almacena una gran cantidad de lingotes de mithril.,
Interactables::Containers.MithrilOrePallet.Description,Almacena una gran cantidad de mineral de mithril.,
Interactables::Containers.NogrodIngotPallet.Description,Almacena una gran cantidad de lingotes de acero de Nogrod.,
Interactables::Containers.ResinOrePallet.Description,Almacena una gran cantidad de mineral de resina.,
Interactables::Containers.SaltOrePallet.Description,Almacena una gran cantidad de mineral de sal.,
Interactables::Containers.GunmetalIngotPallet.Description,Almacena una gran cantidad de shanôr.,
Interactables::Containers.SilverIngotPallet.Description,Almacena una gran cantidad de lingotes de plata.,
Interactables::Containers.SilverOrePallet.Description,Almacena una gran cantidad de mineral de plata.,
Interactables::Containers.StarAlloyIngotPallet.Description,Almacena una gran cantidad de lingotes de metal estelar.,
Interactables::Containers.StarMetalOrePallet.Description,Almacena una gran cantidad de mineral de metal estelar.,
Interactables::Containers.SteelIngotPallet.Description,Almacena una gran cantidad de lingotes de acero.,
Interactables::Containers.SterlingIngotPallet.Description,Almacena una gran cantidad de lingotes de plata de ley.,
Interactables::Containers.StonePallet.Description,Almacena una gran cantidad de piedra.,
Interactables::Containers.TinOrePallet.Description,Almacena una gran cantidad de mineral de estaño.,
Interactables::Containers.AncientWoodPallet.Description,Almacena gran cantidad de madera Ubâsam.,
Interactables::Containers.WoodPallet.Description,Almacena una gran cantidad de mineral de restos de madera.,
Interactables::Interactables.ItemRack.BowRack.Description,Almacena y exhibe arcos.,
Interactables::Interactables.ItemRack.CrossbowRack.Description,Almacena y exhibe ballestas.,
Interactables::Interactables.ItemRack.Mannequin.Tip,Almacena y exhibe una armadura completa. ,
Interactables::Interactables.ItemRack.WeaponRack.Description,Almacena y exhibe hasta cuatro armas. ,
Interactables::Containers.AdamantPallet.Description,Almacena gran cantidad de roca de adamanto.,
Interactables::Constructions.Kitchen_Stove.Name,Hornillo,
Interactables::Containers.KnowledgeShelf.Study,Estudiar,
Interactables::Containers.KnowledgeShelf.Study.Disabled,Estudiar (estudiado recientemente),
Interactables::Pickups.PickUpSwapEpicItem,Cambiar obra maestra,
Interactables::Pickups.PickupSwapEpicPack,Cambiar mochila,
Interactables::Pickups.PickUpSwap,Cambiar: {0},
Interactables::Constructions.MealTable.Description,Mesa para servir comida conforme sale del fuego. Se necesita para preparar platos.,
Interactables::Interactables.ItemRack.Take,Coger,
Interactables::Interactables.ItemRack.Take.NoItems,Coger (vacío),
Interactables::Receptacles.TakeAll,Coger todo,
Interactables::Receptacles.TakeMax,Coger objetos ({0}/{1}),
Interactables::Receptacles.TakeItemsDisabled,Coger objetos: {0},
Interactables::Interactables.Brewery.AlreadyHaveMug,Coger jarra (ya tienes una),
Interactables::Interactables.Brewery.Empty,Coger jarra (sin brebaje),
Interactables::Interactables.Brewery.Take,Coger jarra de {1} (restantes: {0}),
Interactables::Containers.KnowledgeShelf.Scrolls.TakeSscrolls,Coger pergaminos,
Interactables::Containers.KnowledgeShelf.Scrolls.DisabledTakeScrolls,Coger pergaminos {2},
Interactables::Containers.KnowledgeShelf.Books.TakeBooks,Coger tomos,
Interactables::Containers.KnowledgeShelf.Books.DisabledTakeBooks,Coger tomos {2},
Interactables::TreasurePile.TakeTreasure,Coger tesoro,
Interactables::TreasurePile.DisabledTakeTreasure,Coger tesoro {2},
Interactables::Receptacles.TakeAllOneType,Coger: {0} ({1}),
Interactables::Raven.Interact,Hablar,
Interactables::Interactables.Brewery.Tap.Name,Tocar,
Interactables::Constructions.Hearth_Small.Description,El centro tradicional de un hogar enano. Permite construir cerca.<lf>Proporciona calor y te permite cocinar mejores platos.,
Interactables::Constructions.FurnaceAdvanced.Description,Este potente horno puede fundir mineral delicado y poderoso.,
Interactables::Constructions.CrystalLamp.Description,Este artilugio con piedra solar proporciona luz y calor para cultivar plantas bajo tierra.,
Interactables::Constructions.PublicForge.Description,"A lo largo de Khazad-dûm, estas pequeñas fraguas estaban a disposición de todos los enanos para dar rienda suelta a su inspiración.",
Interactables::Constructions.StorageChest.Description,"Artilugio pequeño para almacenar objetos. Cuando está cerca de un fogón,<lf>se puede usar su contenido sin tener que extraerlo.",
Interactables::Constructions.Hearth_MediumFireplace.Name,Fogón alicatado,
Interactables::Constructios.Farm1x1_Stone.Description,Tierra labrada lista para cultivar una planta.,
Interactables::Containers.TinOrePallet.Name,Palé de mineral de estaño,
Interactables::Constructions.TintingStation.Description,Tiñe tu armadura moliendo gemas semipreciosas para hacer pigmentos de color.,
Interactables::Interactables.Farming.NeedsDarkness,Demasiada luz,
Interactables::Interactables.MapStone.OpenMap,Viajar,
Interactables::TreasurePile.Coin.Small.Name,Arcón de tesoros,
Interactables::TreasurePile.Coin.Huge.Name,Alijo de tesoros,
Interactables::TreasurePile.Coin.Medium.Name,Montón de tesoros,
Interactables::TreasurePile.Coin.Large.Name,Alijo de tesoros,
Interactables::Constructions.Farm1x1_Large.Name,Parterre,
Interactables::Interactables.Farming.DisplayNameTree,Parterre,
Interactables::Interactables.Farming.DisplayNameTree_Growing,Parterre (en crecimiento),
Interactables::Interactables.Farming.DisplayNameTree_GrowthBlocked,Parterre (crecimiento bloqueado),
Interactables::Interactables.Farming.DisplayNameTree_NeedsLight,Parterre (necesita luz),
Interactables::Interactables.Farming.DisplayNameTree_Ready,Parterre (listo),
Interactables::Interactables.Farming.DisplayNameTree_Spoiled,Parterre (estropeado),
Interactables::Interactables.Farming.DisplayNameTree_Sprout,Parterre (en germinación),
Interactables::Interactables.Farming.DisplayNameTree_TooMuchLight,Parterre (demasiada luz),
Interactables::Containers.AncientWoodPallet.Name,Palé de madera de Ubâsam,
Interactables::Constructions.FurnaceAdvanced,Horno de Ufûhan,
Interactables::Constructions.ForgeUpgrade.Description,Mejora una fragua cercana para fabricar piezas de metal que utilicen gemas preciosas.,
Interactables::Constructions.FabricStation_Upgrade.Description,Mejora una lazada cercana para fabricar mejor tela.,
Interactables::Constructions.Bellows.Description,Mejora un horno cercano para fundir metales avanzados y aleaciones.,
Interactables::Constructions.BreweryUpgradeStation.Description,Mejora un barril cercano para preparar brebajes avanzados.,
Interactables::Interactables.Farming.PlowSoil,Arrancar: {0},
Interactables::Interactables.Farming.UnplantFlora,Arrancar: {0},
Interactables::Interactables.Farming.UnplantFloraInventoryFull,Arrancar: {0} (inventario lleno),
Interactables::Constructions.ForgeAdvanced.Description,"Recurre a la artesanía ancestral para forjar poderosas armas,<lf>armaduras y cualquier objeto fabricado con metales.",
Interactables::Constructions.Workbench.Description,"Se usa para fabricar arcos, flechas, sombreros y otros objetos de tela, cuero o madera. ",
Interactables::Constructions.DurinsLamp.Description,Usa cuarzo verdadero y runas de poder<lf>para iluminar la oscuridad y alejar a las sombras.,
Interactables::Constructions.Kitchen_Oven.Description,Usa calor seco para cocer raciones que llevarte a tus aventuras. ,
Interactables::Constructions.PurificationStation.Description,"Usa calor, sal y artefactos enanos para purificar la escoria de Gundabad y convertirla en Luthun Durinul.",
Interactables::Interactables.ItemRack.ShieldHook.Name,Expositor de pared,
Interactables::Constructions.WallTorch,Antorcha de pared,
Interactables::Interactables.ItemRack.WeaponRack,Estante de armas,
Interactables::EntPack.Everspring.Name,Manantial eterno,
Interactables::Constructions.HolidayPack.PresentPile.Description,¿Qué mejor tesoro que una buena montaña de regalos? Una estética alternativa más festiva del alijo de tesoros incluida en el paquete de Yuletide.,
Interactables::Constructions.StorageChest.Name,Cofre de madera,
Interactables::Containers.WoodPallet.Name,Palé de madera,
Interactables::Constructions.Workbench,Banco de trabajo,
Interactables::Interactables.Brewery.DisabledFillBrewskin,No tienes odres para bebidas,
Interactables::Interactables.Brewery.DisabledFillKeg,No tienes barriles,
Interactables::Interactables.Bed.Name.Your,Tu cama,
Interactables::Interactables.DwarfDeathContainer.DisplayNameFormatYours,Tu cofre,
Interactables::Interactables.Bedroll.Name.Your,Tu petate,
Interactables::Constructions.HolidayPack.MediumHearth.Name,Fogón de Yuletide,
Interactables::TreasurePile.DisplayNameFormat,{0} (capacidad: {1} / {2}),
Interactables::Pickups.OneItemFormat,{0} ({1}),
Interactables::Pickups.TwoItemsFormat,"{0} ({1}), {2} ({3})",
Interactables::Pickups.ThreeItemsFormat,"{0} ({1}), {2} ({3}), {4} ({5})",
Interactables::Pickups.MoreThanThreeItemsFormat,"{0} ({1}), {2} ({3}), {4} ({5}), etc.",
Interactables::Interactables.Bed.Name.Others,Cama de {0},
Interactables::Interactables.DwarfDeathContainer.DisplayNameFormatOthers,Cofre de {0},
Interactables::Interactables.Bedroll.Name.Others,Petate de {0},
Interactables::Constructions.MapStone.NameFormat,{Mapstone}: {Zone} {Number},
Interactables::Pickups.BalinCampJournal.C,Diario de Óin,
Items::Items.StarAlloyIngot.Description,"Una barra de metal estelar, oscura y seductora como el cielo nocturno.",
Items::Items.MithrilIngot.Description,Una barra del metal más resistente y lustroso que se conoce. Una forma eficaz de almacenar mineral de mithril.,
Items::Armor.IronHills.Torso.Description,Un peto básico ideal tanto para trabajar en la mina como para defenderse. El favorito de los enanos de las Colinas de Hierro.,
Items::Consumables.Cram.Description,Una especie de galleta que se conserva bien y te permite masticar para pasar el tiempo. Restaura mucha salud.,
Items::Item.SemiPreciousGem.Onyx.Description,Una gema de color negro. ,
Items::Consumables.ElvenSecretIngredient.Description,"Una bendición de misteriosa naturaleza élfica. Es necesaria para preparar varias recetas de cerveza, comidas y raciones.",
Items::Item.SemiPreciousGem.Garnet.Description,Una gema de color rojo sangre.,
Items::Consumables.TeaFlower.Description,Una flor que se hierve para preparar una infusión rica y energizante.,
Items::Item.PreciousGem.Sapphire.Description,Una piedra preciosa de color azul.,
Items::Consumables.Eggs.Description,"Una caja sin bisagras ni cerradura ni tapa, pero con un tesoro dorado oculto en su interior.",
Items::Items.Biofuel.Description,Un combustible que se obtiene de los restos de varios animales y plantas. ,
Items::Brews.OrcMedicineBrew_Brew.Description,"Un líquido abrasador que baja por la garganta con un brillo ardiente y feroz. Aumenta temporalmente la Resistencia y la Fuerza, pero acaba causando heridas y cansancio.",
Items::EntPack.Armor.Helmet.Description,"Yelmo ceremonial de la artesanía ent de los enanos. Está inspirado en uno de los ents más añejos, Corteza. ",
Items::Item.SemiPreciousGem.Quartz.Description,"Un trozo de cristal transparente. No debe confundirse con su primo luminoso, el cuarzo verdadero.",
Items::Consumables.Meat.Description,Un trozo de carne con infinitas opciones de preparación. ,
Items::Armor.Mithril.Torso.Description,"Un abrigo elaborado con mithril festoneado y tela de primera calidad. Con lo que vale, se podría comprar un pequeño reino. No hay nada capaz de destrozar esta armadura flexible y resistente.",
Items::Weapons.Sword.Iron.Description,Un arma común forjada con hierro. Su amplia envergadura permite rajar a pequeños grupos de enemigos. Cárgala para recibir una bonificación contra un único objetivo.  ,
Items::Weapons.Axe.Iron.Description,Un arma muy común forjada al estilo de las Colinas de Hierro. Cárgala para lanzar un ataque giratorio contra los enemigos cercanos.,
Items::Cosmetics.Origins.GlitteringCaves.Torso.Description,Un atuendo cosmopolita utilizado por los habitantes de Aglarond.,
Items::Weapons.Axe.Improvised.Description,"Un hacha improvisada y rudimentaria hecha con materiales recuperados. No es muy resistente, pero resulta útil en caso de emergencia y se puede fabricar en cualquier sitio.",
Items::Weapons.Sword.Greenbeard.Description,Una combinación curiosa de metal y madera viviente que evoca la fuerza inquebrantable de los ents.,
Items::Consumables.PoisonMushroom.Description,Un hongo peligroso si no se anda con cuidado.,
Items::Ores.StarMetalOre.Description,Un trozo oscuro y escintilante de una estrella caída del cielo.,
Items::Items.Bone.Description,Un material procedente de los muertos que todavía resulta de gran utilidad para los vivos. ,
Items::Item.SemiPreciousGem.LapisLazuli.Description,Una gema de color azul oscuro. ,
Items::Consumables.Fennel.Description,Una deliciosa hierba aromática que suele cultivarse a partir de semillas.,
Items::Beorn.Armor.Torso.Description,"Abrigo elegante inspirado en los recuerdos de la Carroca. En presencia de los beórnidas, los enanos prefieren guardar esta prenda para otra ocasión, ya que este tenía cierta aversión a que se despellejasen los animales.",
Items::OrcHunter.Weapons.Axe.Description,"Hacha doble con la runa de los <Inventory.Regular.White>Ukhnashûn</> tallada. Esta arma para rituales puede otorgar trofeos al acabar con cualquier orco, trasgo, Uruk, bestia alada, dragón o trol.",
Items::Brews.Defensive_Brew.Description,"Un solo trago de esta ale, una auténtica dosis de valor en forma de cerveza, basta para que el enano que la beba sufra menos daño. Aumenta la resistencia a todo tipo de daños.",
Items::Item.PreciousGem.Ruby.Description,Una piedra preciosa de color rojo encendido.,
Items::Weapons.Hammer.Khazad.Description,Un bello ejemplo del arma de guerra favorita de los enanos. Los ejércitos de las Colinas de Hierro utilizaron una versión de hierro más pequeña en la Batalla de los Cinco Ejércitos. Cárgala para asestar un golpe desde arriba que aturde al enemigo.  ,
Items::Items.FineLeather.Description,Un trozo de cuero de la mejor calidad.,
Items::Cosmetics.Origins.CoastalMountains.Torso.Description,Un atuendo de recolección utilizado por los habitantes de más allá de Umbar.,
Items::Consumable.OatMilk.Description,Una bebida enriquecida elaborada con avena khuzdul que se usa como ingrediente en la cocina.,
Items::DT_RecipeFragments.Amazing_Shield.Description,Un fragmento de un saber olvidado.,
Items::DT_RecipeFragments.EregionElf_Set_Shield.Description,Un fragmento de un saber olvidado.,
Items::DT_RecipeFragments.Grand_Shield.Description,Un fragmento de un saber olvidado.,
Items::DT_RecipeFragments.IronHills_APSet_GlovesArmor.Description,Un fragmento de un saber olvidado.,
Items::DT_RecipeFragments.IronHills_APSet_Shield.Description,Un fragmento de un saber olvidado.,
Items::DT_RecipeFragments.IronHills_APSet_TorsoArmor.Description,Un fragmento de un saber olvidado.,
Items::DT_RecipeFragments.APSet_ClassicHelemet.Description,Un fragmento de un saber olvidado.,
Items::DT_RecipeFragments.Amazing_HelmetArmor.Description,Un fragmento de un saber olvidado.,
Items::DT_RecipeFragments.BasicFurnace_Fragment.Description,Un fragmento de un saber olvidado.,
Items::DT_RecipeFragments.BattleAxe_2h_t1.Description,Un fragmento de un saber olvidado.,
Items::DT_RecipeFragments.Bedroll_Fragment.Description,Un fragmento de un saber olvidado.,
Items::DT_RecipeFragments.Belegost_APSet_BootsArmor.Description,Un fragmento de un saber olvidado.,
Items::DT_RecipeFragments.Belegost_APSet_GlovesArmor.Description,Un fragmento de un saber olvidado.,
Items::DT_RecipeFragments.Belegost_APSet_TorsoArmor.Description,Un fragmento de un saber olvidado.,
Items::DT_RecipeFragments.Crossbow.Description,Un fragmento de un saber olvidado.,
Items::DT_RecipeFragments.Durins_Axe.Description,Un fragmento de un saber olvidado.,
Items::DT_RecipeFragments.EreborSteel_APSet_BootsArmor.Description,Un fragmento de un saber olvidado.,
Items::DT_RecipeFragments.EreborSteel_APSet_GlovesArmor.Description,Un fragmento de un saber olvidado.,
Items::DT_RecipeFragments.EreborSteel_APSet_HelmetArmor.Description,Un fragmento de un saber olvidado.,
Items::DT_RecipeFragments.EreborSteel_APSet_TorsoArmor.Description,Un fragmento de un saber olvidado.,
Items::DT_RecipeFragments.EregionElf_Set_Torso.Description,Un fragmento de un saber olvidado.,
Items::DT_RecipeFragments.Foundation_Bridge_Fragment.Description,Un fragmento de un saber olvidado.,
Items::DT_RecipeFragments.GreyMountains_ColdSet_BootsArmor.Description,Un fragmento de un saber olvidado.,
Items::DT_RecipeFragments.GreyMountains_ColdSet_GlovesArmor.Description,Un fragmento de un saber olvidado.,
Items::DT_RecipeFragments.GreyMountains_ColdSet_TorsoArmor.Description,Un fragmento de un saber olvidado.,
Items::DT_RecipeFragments.Halberd_2h_t2.Description,Un fragmento de un saber olvidado.,
Items::DT_RecipeFragments.Hammer_2h_t1.Description,Un fragmento de un saber olvidado.,
Items::DT_RecipeFragments.Hearth_Fragment.Description,Un fragmento de un saber olvidado.,
Items::DT_RecipeFragments.ItemTinting_Fragment.Description,Un fragmento de un saber olvidado.,
Items::DT_RecipeFragments.Khazad_APSet_BootsArmor.Description,Un fragmento de un saber olvidado.,
Items::DT_RecipeFragments.Khazad_APSet_TorsoArmor.Description,Un fragmento de un saber olvidado.,
Items::DT_RecipeFragments.Mattock_1h_t2.Description,Un fragmento de un saber olvidado.,
Items::DT_RecipeFragments.Ranged_GlovesArmor.Description,Un fragmento de un saber olvidado.,
Items::DT_RecipeFragments.Rope_Fragment.Description,Un fragmento de un saber olvidado.,
Items::DT_RecipeFragments.RuneCrafting_Fragment.Description,Un fragmento de un saber olvidado.,
Items::DT_RecipeFragments.Scaffold_Fragment.Description,Un fragmento de un saber olvidado.,
Items::DT_RecipeFragments.ShortBow.Description,Un fragmento de un saber olvidado.,
Items::DT_RecipeFragments.Sword_1h_t1.Description,Un fragmento de un saber olvidado.,
Items::DT_RecipeFragments.Sword_1h_t2.Description,Un fragmento de un saber olvidado.,
Items::DT_RecipeFragments.Sword_1h_t3.Description,Un fragmento de un saber olvidado.,
Items::DT_RecipeFragments.Sword_2h_t1.Description,Un fragmento de un saber olvidado.,
Items::DT_RecipeFragments.Sword_2h_t2.Description,Un fragmento de un saber olvidado.,
Items::DT_RecipeFragments.WarAxe_1h_t2.Description,Un fragmento de un saber olvidado.,
Items::DT_RecipeFragments.WarAxe_1h_t3.Description,Un fragmento de un saber olvidado.,
Items::DT_RecipeFragments.WarAxe_1h_t4.Description,Un fragmento de un saber olvidado.,
Items::DT_RecipeFragments.spear_1h_t1.Description,Un fragmento de un saber olvidado.,
Items::DT_RecipeFragments.spear_1h_t2.Description,Un fragmento de un saber olvidado.,
Items::DT_RecipeFragmetns.VenerationLamps.Description,Un fragmento de un saber olvidado.,
Items::DT_RecipeFragments.WarAxe_1h_t1.Description,Un fragmento de un saber olvidado.,
Items::Items.Consumables.ShadowCrafting.Description,Un fragmento de un antiguo artefacto enano utilizado para fabricar objetos antisombra. Se dice que son restos de la batalla de Mahal contra la sombra de Morgoth. Solo se encuentra en el centro de los conductos de sombra activos.,
Items::Consumables.Journeybread.Description,Un pan afrutado que se mantiene fresco. Llévatelo para restaurar una gran cantidad de salud mientras viajas. ,
Items::Item.SemiPreciousGem.Amber.Description,Una gema de resina anaranjada. ,
Items::Weapons.Spear.Khazad.Description,Una reluciente arma de acero khazâd utilizada por los guardias de la puerta oriental del bastión de Pozo Oscuro. Es muy eficaz para atacar rápidamente a un único objetivo. Cárgala para ejecutar una pesada estocada hacia delante. ,
Items::Item.PreciousGem.Topaz.Description,Una piedra preciosa de color dorado.,
Items::EpicPacks.AdventurersPack.Description,"Una mochila de buen tamaño, perfecta para lanzarse a la aventura. Cuanto más grande sea una mochila, más espacio tendrás en el inventario. ",
Items::Weapons.Mattock.Khazad.Description,Una gran maza que los enanos siempre tienen a mano para proteger sus casas. Resulta muy útil contra objetivos blindados. Cárgala para lanzar un gancho que aturde al enemigo.,
Items::Weapons.Battleaxe.Nogrod.Description,Una gran hacha de doble hoja con llameantes runas de poder. La leyenda dice que Dáin Pie de Hierro heredó una reliquia similar a esta que brillaba con una ardiente luz roja en la Batalla de Azanulbizar.,
Items::Items.PreciousGem.Emerald.Description,Una piedra preciosa de color verde.,
Items::Items.Scales.Description,Un puñado de escamas de distintos tipos de reptiles y dragones.,
Items::Consumable.HarshFlower.Description,Un mala hierba cuya flor constituye la base del remedio orco. ,
Items::Consumable.HealingFlower.Description,Una flor curativa conocida entre los hombres como flor del rey.,
Items::Consumables.Parsnips.Description,"Una raíz de sabor fuerte y picante, ideal para preparar purés o como acompañamiento para el té. ",
Items::Tools.Pickaxe.2H.Description,"Una pesada herramienta para la que se necesitan las dos manos, pero que puede hacer pedazos cualquier tipo de tierra o roca de Moria. Transforma a su portador en una auténtica máquina de demolición. Solo puedes llevar una obra maestra a la vez.",
Items::Armor.BelegostGold.Helmet.Description,Un yelmo al estilo de Belegost. La armadura chapada en oro <Inventory.Regular.White>amzul</> era un obsequio de los padres de clan para recompensar hazañas honorables.,
Items::Armor.BelegostBlack.Helmet.Description,Un yelmo al estilo de Belegost. El estilo <Inventory.Regular.White>masharuz</> lo llevaban los enanos de luto en misiones de venganza.,
Items::Armor.BelegostWhite.Helmet.Description,"Un yelmo al estilo de Belegost. Tradicionalmente, los enanos llevaban la pintura <Inventory.Regular.White>shayar</> en los peregrinajes.",
Items::Cosmetics.Origins.BlueMountains.Torso.Description,Un atuendo de caza utilizado por los habitantes de la región de Ered Luin.,
Items::Item.PreciousGem.PinkOpal.Description,Una piedra preciosa de un intenso color rosado.,
Items::Weapons.Sword.Steel.Description,"Una espada afilada, forjada con el resistente acero de Erebor y con incrustaciones de piedras semipreciosas. Su gran envergadura permite atacar a varios enemigos a la vez. Cárgala para recibir una bonificación contra un único objetivo.",
Items::Item.RopeLadder.Description,Una escalera para grandes subidas y descensos. ,
Items::EpicPacks.AdventurersPack.Large.Description,Una mochila que ofrece el máximo espacio en el inventario. ,
Items::Consumables.Sunion.Description,Un bulbo grande de sabor dulce y picante que crece en zonas iluminadas. ,
Items::Consumables.IceCabbage.Description,Una verdura de hoja que aporta un agradable toque crujiente a los platos. ,
Items::Weapons.Sword.FamousElven.Description,Un arma legendaria forjada antaño por Narvi y Celebrimbor que se creía perdida en el tiempo.,
Items::Items.Leather.Description,"Un corte de piel curtida que se emplea para fabricar ropa, armas y armaduras. ",
Items::Armor.Khazad.Helmet.Description,Una simple fila de enanos ataviados con estos yelmos con cuernos es suficiente para infundir miedo en el corazón de los enemigos.,
Items::Weapons.Greatsword.FirstAge.Description,Un diseño perdido de una espada de gran alcance. Golpea a muchos enemigos a la vez o a un solo objetivo más grande para causar un daño considerable. Cárgala para lanzar un mandoble contra cualquier cosa que esté a tu alcance. ,
Items::Item.OrcKey.Description,Una llave improvisada hecha de hueso y chatarra.,
Items::Tools.Pickaxe.Basic.Description,Un pico improvisado para extraer y excavar roca y tierra blanda. Destruye fácilmente objetos inservibles y ruinas. ,
Items::Weapons.Battleaxe.FirstAge.Description,"Esta colosal arma antigua se compone de una mezcla de acero y plata. Aunque es lenta, puede aturdir a los enemigos. Cárgala para lanzar un tajo ascendente que quita muchísima salud a los objetivos grandes.",
Items::Cosmetics.Origins.LonelyMountain.Torso.Description,Un atuendo de mercader utilizado por el pueblo de Durin de Erebor.,
Items::Items.CopperIngot.Description,Un metal que se combina con otros más blandos para reforzarlos. Es un material muy apreciado por los cerveceros.,
Items::Consumables.Chives.Description,Un acompañamiento suave que aporta un aroma agradable a las comidas. ,
Items::Weapons.Axe.Steel.Description,Un arma de acero más duradera forjada al estilo de Erebor. Cárgala para lanzar un ataque giratorio contra los enemigos cercanos.,
Items::Consumables.RareMushroom.Description,Una seta extremadamente difícil de encontrar. ,
Items::Consumables.DwarfOat.Description,"Este cereal, antaño cultivado con esmero, florece ahora en estado salvaje.",
Items::Items.GundabadScrap.Description,"Un metal otrora espléndido procedente del Monte Gundabad, ahora tan corrompido por los orcos que no se puede utilizar. ",
Items::Consumables.WhiteBeans.Descriptions,Una judía de color claro que da mucho juego para preparar desayunos.,
Items::Item.SemiPreciousGem.Jade.Description,Una gema de color verde pálido.,
Items::Item.SemiPreciousGem.Citrine.Description,Una gema de cuarzo de color amarillo pálido.,
Items::DT_RecipeFragments.Khazad_APSet_GlovesArmor.Description,Una parte de un saber olvidado.,
Items::Ores.SilverOre.Description,"Un trozo de mineral nacarado. Pierde el lustre con el tiempo, al contrario que la verdadera plata.",
Items::Items.GunMetalIngot.Description,"Un metal maleable perfeccionado por los refugiados de Belegost. Es una aleación de plata, estaño y cobre.",
Items::Item.BestCrossbowBolts.Description,Un poderoso virote de ballesta con una punta fabricada con Acero de Nogrod. Límite de 15 flechas.,
Items::Tools.Hammer.Adamant.Description,Una poderosa herramienta sin parangón. Es lo suficientemente potente como para reconstruir el puente de Khazad-dûm.,
Items::Item.PreciousGem.Amethyst.Description,Una piedra preciosa de color morado.,
Items::Armor.EregionElf.Torso.Description,"Un peto radiante fabricado con materiales ligeros. Esta armadura, fruto de una colaboración entre elfos y enanos, emite una luz tenue en la oscuridad. ",
Items::Items.Ores.ConsumableCraftingOre.Description,Un extraño mineral cristalino que se utiliza para fabricar <Inventory.Regular.White>âbakh</>.,
Items::Ores.GoldOre.Description,Un mineral raro y brillante que se conserva como tesoro o se emplea para fabricar armaduras. Los enanos de Khazad-dûm lo incluían en muchas de sus aleaciones por su color.,
Items::Ores.SunStone.Description,Un extraño mineral que emite luz y calor. Los enanos no hablan de él ni de sus usos fuera de las montañas. ,
Items::RohanPack.Consumables.Brew.RohanBrew.Description,"La rara y codiciada receta de este brebaje de Rohan, que se prepara ahumando miel sobre un fuego alimentado con hierba y fermentando luego el resultado. Aumenta la resistencia máxima y la resistencia a daños.",
Items::Ores.CopperOre.Description,Un mineral reactivo que se utiliza para construir tanto ornamentos como edificios fuertes.,
Items::HolidayPack.Consumables.Brew.HolidayBrew.Description,Una bebida intensa y especiada que se elabora con manzanas fermentadas y se sirve en Yuletide u otras reuniones íntimas. Reduce el efecto del frío y el coste de energía.,
Items::Ores.Coal.Description,Una roca negra y áspera que emana una gran cantidad de energía cuando se quema. Resulta útil para los trabajos de metalurgia.,
Items::Consumables.Thyme.Description,Una sabrosa hierba que se usa para sazonar la carne. ,
Items::Items.SpiderSilk.Description,Una sustancia parecida a la seda que se obtiene de las arañas y sus nidos.,
Items::Tools.Torch.Description,Una fuente de luz sencilla que tiende a apagarse.,
Items::Container.Mug.Description,Un recipiente sencillo para degustar tu bebida favorita.,
Items::BeornPack.Consumables.Brew.BeornBrew.Description,"Té infusionado lentamente, típico de la cabaña de Beorn. Aumenta la resistencia máxima, la regeneración de energía y la reducción de daño.",
Items::Items.AltarFigurine.Description,Una pequeña estatuilla tallada que representa a un miembro de una familia de enanos.,
Items::Items.GoldCoins.Description,Un puñado de monedas de oro.,
Items::EpicPacks.AdventurersPack.Small.Description,"Una mochila pequeña perfecta para viajes cortos. Cuanto más grande sea una mochila, más espacio tendrás en el inventario. ",
Items::Container.Brewskin.Description,Un pequeño odre individual que sirve para transportar cualquier tipo de bebida o cerveza. ,
Items::Tools.MoonStoneFlare.Description,Una pequeña antorcha que se puede lanzar. Está hecha de cuarzo verdadero.,
Items::Tools.ThrowTorch.Description,Una pequeña antorcha que se puede lanzar.,
Items::Items.Fur.Description,Una capa suave y caliente de pelo fino.,
Items::Consumables.Mushroom.Description,Un ingrediente básico de muchas raciones y comidas.,
Items::Items.KhazadSteelIngot.Description,Una variedad más robusta de acero que se alea con oro. Se forjó utilizando las técnicas preferidas de los enanos en la época dorada de Khazad-dûm. ,
Items::Items.Ironwood.Description,Una madera reforzada recogida por los leñadores enanos de antaño.,
Items::Armor.Wonderful.Shield.Description,Un robusto escudo de hierro cuyo diseño se ha perdido con el paso del tiempo. ,
Items::Items.Granite.Description,Un material de construcción de piedra resistente que solo se encuentra en las profundidades de las montañas.,
Items::Armor.Amazing.Shield.Description,"Un escudo robusto revestido con acero. La infantería de Durin IV utilizó estos escudos en la Batalla de Dagorlad, en la que combatió junto a los elfos y los hombres.",
Items::Consumables.Cranberries.Description,Una baya ácida que se presenta en boca como una dulce caricia para luego inundar el paladar con toda una explosión de sabor.,
Items::Cosmetics.Origins.RedMountains.Torso.Description,Un atuendo de viaje utilizado por los pueblos olvidados del Este.,
Items::Items.RopeVines.Description,Una vigorosa planta trepadora ideal para fabricar cuerdas.,
Items::Item.CrossbowBolts.Description,Un virote de ballesta bien hecho.,
Items::Item.SemiPreciousGem.RedBeryl.Description,Una gema de color vino. ,
Items::Cosmetics.Origins.IronHills.Torso.Description,Un atuendo de trabajo utilizado por los herreros y constructores de este pueblo guerrero.,
Items::Items.FineCloth.Description,Un tejido de calidad superior. ,
Items::Items.Items.Adamant.Name,Adamanto,
Items::Tools.Hammer.Adamant.Name,Martillo de adamanto roto,
Items::Consumable.Scones.Description,"Añade leche y cebollino a la masa, dóblala en triángulos y hornéala. Cómelos nada más sacarlos del horno para que no se sequen. Restaura salud y te ayuda a recuperar una gran cantidad de energía y saciarte durante un largo período.",
Items::EpicPacks.AdventurersPack.Name,Mochila de aventurero,
Items::Consumable.EveningAle.Description,Una cerveza refrescante después de un largo día de trabajo. Bébela acompañada de una canción y tus sueños de esa noche te inspirarán para el día siguiente. Restaura algo de energía.,
Items::Runes.DamageBoost.Description,Todos los ataques tienen una bonificación de daño.,
Items::Ores.MoonStone.Description,"Este mineral cristalino, también conocido como <Inventory.Regular.White>Uzug-Zarôk</> o Piedra Lunar, brilla como la luna cuando se expone a cualquier tipo de luz.",
Items::Items.Item.SemiPreciousGem.Amber.Name,Ámbar,
Items::Items.Item.PreciousGem.Amethyst.Name,Amatista,
Items::Consumables.Brew.Health.Description,Un licor élfico destilado con la bendición de Elbereth. Restaura muchísima salud.,
Items::Armor.Eregion.Shield.Descripation,Un diseño élfico que emite una luz tenue en la oscuridad. ,
Items::Ores.IronOre.Description,Un mineral abundante conocido como el servidor de los enanos. Se usa en la fabricación de metales brutos y de acero.,
Items::Tools.Hammer.Restoration.Starmetal.Description,Una herramienta avanzada que reconstruye y restaura a toda velocidad. Desbloquea nuevas opciones de construcción de base.,
Items::Armor.BelegostGold.Torso.Description,Un antiguo diseño de anillos <Inventory.Regular.White>shanôr</> inventado en la Primera Edad. La armadura chapada en oro <Inventory.Regular.White>amzul</> era un obsequio de los padres de clan para recompensar hazañas honorables.,
Items::Armor.BelegostBlack.Torso.Description,Un antiguo diseño de anillos <Inventory.Regular.White>shanôr</> inventado en la Primera Edad. El estilo <Inventory.Regular.White>masharuz</> lo llevaban los enanos de luto en misiones de venganza.,
Items::Armor.BelegostWhite.Torso.Description,"Un antiguo diseño de anillos <Inventory.Regular.White>shanôr</> inventado en la Primera Edad. Tradicionalmente, los enanos llevaban la pintura <Inventory.Regular.White>shayar</> en los peregrinajes.",
Items::Armor.Belegost.Torso.Description,Un modelo antiguo de anillos de <Inventory.Regular.White>shanôr</> inventado durante la Primera Edad. Está adornada con piel y pelo para proteger a sus portadores de los crudos inviernos y del frío de los abismos a los que se debía enfrentarse su clan.,
Items::Weapons.Sword.FirstAge.Description,Un diseño antiguo que combina acero y plata en un arma de dos hojas. Su gran envergadura permite atacar a varios enemigos a la vez. Cárgala para recibir una bonificación contra un único objetivo.,
Items::Weapons.Axe.Belegost.Description,Un hacha forjada con aleación de shanôr. Cárgala para lanzar un ataque giratorio contra los enemigos cercanos.,
Items::OrcHunterPack.Consumables.Brew.Description,"Cerveza amarga con un efecto potente pero breve que potencia la visión de los enanos en entornos con poca luz. Se disfruta más en un odre de cerveza durante la caza, lo que permite a los cazaorcos prescindir de toda luz que pudiera alertar al mal que acechan.",
Items::Items.GoldIngot.Description,Una forma eficaz de almacenar mineral de oro. También se usa para fabricar objetos y acuñar monedas.,
Items::Item.PreciousGem.BlackDiamond.Description,Una piedra preciosa negra de dureza excepcional. Suelen acumularla los orcos.,
Items::Item.SemiPreciousGem.Iolite.Description,Una gema de color añil.,
Items::Item.PreciousGem.Anorin.Description,Una piedra preciosa de color naranja.,
Items::Armor.Taunting.Shield.Description,"Un ostentoso diseño que capta la atención del enemigo, el cual atacará a su portador antes que a cualquier otro. ",
Items::Ores.TinOre.Description,Un modesto mineral fundamental para la elaboración de muchas aleaciones y metales.,
Items::Items.Droppings.Description,"Un combustible y fertilizante inesperado, señal de la presencia de murciélagos en la zona. ",
Items::Ores.Resin.Description,Un combustible inesperado procedente de la madera y de los árboles. Arde durante más tiempo y produce menos residuos que el carbón.,
Items::Item.BetterCrossbowBolts.Description,Virote de ballesta mejorado con una punta fabricada con acero khazâd. Límite de 15 flechas.,
Items::Tools.Pickaxe.Steel.Description,Un pico mejorado y más duradero que permite excavar más rápido y romper la tierra compactada.,
Items::Consumables.Spices.Descriptions,Unas especias antiguas con sabor ahumado y un toque a nuez.,
Items::Items.Items.KnowledgeBook.Description,Un antiguo tomo que contiene conocimientos sobre construcción. Reúne suficientes en una estantería para conseguir una bonificación de construcción.,
Items::Items.Items.KnowledgeScroll.Description,Una antigua vitela que contiene conocimientos sobre construcción. Reúne suficientes en estantes para conseguir una bonificación de construcción.,
Items::Items.Consumables.Spices.Name,Especia de Annúminas,
Items::Items.Item.PreciousGem.Anorin.Name,Anorina,
Items::Cosmetics.Helmet.InvisibleItem.Description,Activa esta opción para ocultar los yelmos equipados sin que afecte a los puntos de armadura.,
Items::Armor.Belegost.Boots.Description,"Botas blindadas que ofrecen más protección en combate que los estilos más ligeros, pensados para viajar.",
Items::Armor.BelegostGold.Boots.Description,Botas blindadas que ofrecen más protección en combate. La armadura chapada en oro <Inventory.Regular.White>amzul</> era un obsequio de los padres de clan para recompensar hazañas honorables.,
Items::Armor.BelegostBlack.Boots.Description,Botas blindadas que ofrecen más protección en combate. El estilo <Inventory.Regular.White>masharuz</> lo llevaban los enanos de luto en misiones de venganza.,
Items::Armor.BelegostWhite.Boots.Description,"Botas blindadas que ofrecen más protección en combate. Tradicionalmente, los enanos llevaban la pintura <Inventory.Regular.White>shayar</> en los peregrinajes.",
Items::Items.Ores.ConsumableCraftingOre.Name,Arricita,
Items::Item.Arrow.Name,Flechas,
Items::Armor.Grand.Shield.Description,"Cuando los enanos de Aglarond empezaron a estrechar lazos con sus vecinos gondorianos, decidieron celebrar esa amistad con un blasón inspirado en el Árbol Blanco del rey. ",
Items::Runes.Cold.Description,Los ataques causan daño por frío. Cárgala para ralentizar a los enemigos.,
Items::Runes.Fire.Description,Los ataques causan daño por fuego. Carga para quemar a los enemigos.,
Items::Runes.AntiShadow.Description,Los ataques causan daño radiante. Aleja las sombras.,
Items::Items.Consumables.TeaFlower.Name,Flor de Aulë,
Items::Consumables.Honeycakes.Description,"Horneado y con Miel por encima, una especialidad de los Beórnidas. Cómelo por el camino para restaurar algo de salud. ",
Items::Armor.BalinsCompany.Shield.Name,Escudo de la Compañía de Balin,
Items::Items.Consumable.BangersAndMash.Name,Salchichas y puré,
Items::Items.Items.Droppings.Name,Excrementos de murciélago,
Items::Armor.Awesome.Shield.Description,"Los guardianes de la puerta oriental del bastión de Pozo Oscuro solían portar este escudo decorado, que lleva la marca de la Puerta del Valle del Arroyo Sombrío.  ",
Items::Armor.BalinsCompany.Shield.Description,"Este escudo ostenta el blasón de Balin, señor de Moria. Su diseño al estilo de Erebor permite asestar poderosos golpes.",
Items::Armor.Belegost.Boots.Name,Botas de Belegost,
Items::Armor.BelegostGold.Boots.Name,Botas de Belegost (Amzul),
Items::Armor.BelegostBlack.Boots.Name,Botas de Belegost (Masharuz) ,
Items::Armor.BelegostWhite.Boots.Name,Botas de Belegost (Shayar),
Items::Armor.Belegost.Gloves.Name,Guanteletes de Belegost,
Items::Armor.BelegostGold.Gloves.Name,Guanteletes de Belegost (Amzul),
Items::Armor.BelegostBlack.Gloves.Name,Guanteletes de Belegost (Masharuz) ,
Items::Armor.BelegostWhite.Gloves.Name,Guanteletes de Belegost (Shayar),
Items::Weapons.Halberd.Belegost.Name,Alabarda de Belegost,
Items::Armor.Belegost.Helmet.Name,Yelmo de Belegost,
Items::Armor.BelegostGold.Helmet.Name,Yelmo de Belegost (Amzul),
Items::Armor.BelegostBlack.Helmet.Name,Yelmo de Belegost (Masharuz) ,
Items::Armor.BelegostWhite.Helmet.Name,Yelmo de Belegost (Shayar),
Items::Armor.Belegost.Torso.Name,Cota de malla de Belegost,
Items::Armor.BelegostGold.Torso.Name,Cota de malla de Belegost (Amzul),
Items::Armor.BelegostBlack.Torso.Name,Cota de malla de Belegost (Masharuz) ,
Items::Armor.BelegostWhite.Torso.Name,Cota de malla de Belegost (Shayar),
Items::Armor.Belegost.Shield.Name,Escudo de Belegost,
Items::Weapons.Axe.Belegost.Name,Hacha bélica de Belegost,
Items::Weapons.Halberd.Belegost.Description,Los artesanos de Belegost forjaron esta arma de gran envergadura con aleación de shanôr antes de partir hacia la guerra en inferioridad numérica. Resulta muy útil cuando te rodea el enemigo. Cárgala para realizar un ataque circular completo.,
Items::Armor.Belegost.Helmet.Description,Los herreros de Belegost tenían un dicho: «Cada enano que vuelve con la cabeza en su sitio es un enano menos que necesita un yelmo nuevo».,
Items::Items.SteelIngot.Description,Un metal muy apreciado para fabricar espadas afiladas y armaduras duraderas. Es la base de la artesanía enana y de las herramientas de Erebor.  ,
Items::Beorn.Armor.Helmet.Name,Boina de los beórnidas,
Items::Beorn.Armor.Torso.Name,Abrigo de los beórnidas,
Items::Beorn.Armor.Gloves.Name,Puños de los beórnidas,
Items::Beorn.Armor.Boots.Name,Zapatillas de los beórnidas,
Items::Items.Consumables.Honeycakes.Name,Tartaletas de miel de Beorn,
Items::Items.Consumable.HarshFlower.Name,Flordentada,
Items::Items.Item.PreciousGem.BlackDiamond.Name,Diamante negro,
Items::Items.Item.OilyPeatMoss.Name,Seta ígnea,
Items::Armor.BlueMountainsHunter.Torso.Name,Armadura de cazador de las Montañas Azules,
Items::Armor.BlueMountainsHunter.Boots.Name,Botas de cazador de las Montañas Azules,
Items::Armor.RangeBonus.Gloves.Name,Guantes de cazador de las Montañas Azules,
Items::Armor.BlueMountains.Torso.Name,Traje de las Montañas Azules,
Items::Cosmetics.Origins.BlueMountains.Torso.Name,Traje de las Montañas Azules,
Items::Consumable.MashedPotatoes.Description,"Hierbe patatas hasta que estén blandas y escúrrelas. Añade leche de avena y remueve hasta que la mezcla quede cremosa. Sírvelas calientes para restaurar salud, recuperar energía y saciarte durante un largo período.",
Items::Items.Items.Bone.Name,Huesos,
Items::Runes.AnitDragon.Description,Otorga una bonificación contra los dragones y brilla cuando estos se encuentran en las proximidades.,
Items::Runes.AntiOrc.Description,Otorga una bonificación de daño contra los orcos y brilla cuando estos se encuentran en las proximidades.,
Items::Runes.Hunters.Description,Otorga una bonificación de resistencia y de daño al enfrentarse a animales.,
Items::Items.Consumables.StaminaBoost.Name,Âbakh de vigor,
Items::ContainerItems.Dwarf.Slot.Boots.DisplayName,Botas,
Items::Armor.DurinGold.Boots.Description,Botas que protegen contra la sombra. La armadura chapada en oro <Inventory.Regular.White>amzul</> era un obsequio de los padres de clan para recompensar hazañas honorables.<lf>,
Items::Armor.DurinBlack.Boots.Description,Botas que protegen contra la sombra. El estilo <Inventory.Regular.White>masharuz</> lo llevaban los enanos de luto en misiones de venganza.,
Items::Armor.DurinWhite.Boots.Description,"Botas que protegen contra la sombra. Tradicionalmente, los enanos llevaban la pintura <Inventory.Regular.White>shayar</> en los peregrinajes.",
Items::BeornPack.Consumables.Brew.BeornBrew.Name,Té de la Carroca,
Items::Container.Brewskin.Name,Odre para bebidas,
Items::Consumables.FireRoastedStew.Description,"Pon carne en salmuera. Saltea verduras hasta que se doren. Por último, cocina todo a fuego lento hasta que toda la base se impregne del aroma que desprende. Cómela para restaurar salud, recuperar energía y saciarte.",
Items::Tools.Hammer.Adamant.Broken.Name,Martillo de adamanto roto,
Items::Armor.BalinsCompany.Shield.Broken.Name,Escudo de la Compañía de Balin roto,
Items::Weapons.Halberd.Belegost.Broken.Name,Alabarda de Belegost rota,
Items::Armor.Belegost.Shield.Broken.Name,Escudo de Belegost roto,
Items::Weapons.Axe.Belegost.Broken.Name,Hacha bélica de Belegost rota,
Items::Armor.Awesome.Shield.Broken.Name,Escudo del Valle del Arrollo Sombrío roto,
Items::Weapons.Spear.Khazad.Broken.Name,Lanza del Valle del Arrollo Sombrío rota,
Items::Armor.Durin.Shield.Broken.Name,Escudo de la guardia de Durin roto,
Items::Armor.EntPack.Armor.Shield.Broken.Name,Escudo de artesanía ent roto,
Items::Armor.EregionElf.Shield.Broken.Name,Escudo de Eregion roto,
Items::Weapons.Spear.Elven.Broken.Name,Lanza de Eregion rota,
Items::Weapons.Battleaxe.FirstAge.Broken.Name,Hacha de guerra de la Primera Edad rota,
Items::Weapon.BrokenCrossbow.Name,Ballesta de la Primera Edad rota,
Items::Weapons.Greatsword.FirstAge.Broken.Name,Espada grande de la Primera Edad rota,
Items::Tools.Pickaxe.FirstAge.Broken.Name,Pico de la Primera Edad roto,
Items::Weapons.Sword.FirstAge.Broken.Name,Espada de la Primera Edad rota,
Items::OrcHunter.Weapons.Axe.Broken.Name,Hacha de batalla de Aterrador rota,
Items::Armor.Grand.Shield.Broken.Name,Escudo gondoriano roto,
Items::Tools.Pickaxe.2H.Broken.Name,Gran pico roto,
Items::Armor.Wonderful.Shield.Broken.Name,Escudo heredado roto,
Items::Weapons.ShortBow.Broken.Name,Arco de caza roto,
Items::Weapons.Axe.Improvised.Broken.Name,Hacha improvisada rota,
Items::Tools.Hammer.Restoration.Iron.Broken.Name,Martillo de hierro roto,
Items::Armor.IronHills.Shield.Broken.Name,Escudo de las Colinas de Hierro roto,
Items::Weapons.Spear.Iron.Broken.Name,Lanza de hierro rota,
Items::Weapons.Sword.Iron.Broken.Name,Espada de hierro rota,
Items::Weapons.Axe.Iron.Broken.Name,Hacha bélica de hierro rota,
Items::Weapons.Sword.Greenbeard.Broken.Name,Espada grande de hierro rota,
Items::Tools.Pickaxe.Ironwood.Broken.Name,Martillo de Palo Hierro roto,
Items::Weapons.Greatsword.Khazad.Broken.Name,Espada grande del ejército khazâd rota,
Items::Weapons.Halberd.Khazad.Broken.Name,Alabarda del ejército khazâd rota,
Items::Weapons.Mattock.Khazad.Broken.Name,Maza khazâd rota,
Items::Weapons.Axe.Khazad.Broken.Name,Hacha bélica khazâd rota,
Items::Weapons.Hammer.Khazad.Broken.Name,Piqueta de guerra khazâd rota,
Items::Weapons.Mattock.Bronze.Broken.Name,Maza de la Última Alianza rota,
Items::Armor.Mithril.Shield.Broken.Name,Escudo de mithril roto,
Items::Armor.Nogrod.Shield.Broken.Name,Escudo de Nogrod roto,
Items::Armor.Oakenshield.Shield.Broken.Name,Escudo de roble roto,
Items::Armor.Stunning.Shield.Broken.Name,Escudo ornamental roto,
Items::Armor.Taunting.Shield.Broken.Name,Escudo de cabeza de carnero roto,
Items::Weapons.Battleaxe.Nogrod.Broken.Name,Hacha roja de Nogrod rota,
Items::RohanPack.Armor.Shield.Broken.Name,Escudo rohirrim roto,
Items::RohanPack.Weapons.Spear.Broken.Name,Lanza de Rohirrim rota,
Items::Armor.Amazing.Shield.Broken.Name,Escudo de la Segunda Edad roto,
Items::Tools.Hammer.Gunmetal.Broken.Name,Martillo de shanôr roto,
Items::DT_Weapons.BrokenShield_Generic.DisplayName,Escudo roto,
Items::Weapons.Shield.TowerShield.Broken.Name,Muro de escudos roto,
Items::Tools.Pickaxe.Basic.Broken.Name,Pico sencillo roto,
Items::Tools.Hammer.Restoration.Starmetal.Broken.Name,Martillo de metal estelar roto,
Items::Weapons.Battleaxe.Steel.Broken.Name,Hacha de guerra de acero rota,
Items::Tools.Hammer.Restoration.Steel.Broken.Name,Martillo de acero roto,
Items::Tools.Pickaxe.Steel.Broken.Name,Pico de acero roto,
Items::Weapons.Sword.Steel.Broken.Name,Espada de acero rota,
Items::Weapons.Axe.Steel.Broken.Name,Hacha bélica de acero rota,
Items::Weapons.Sword.Nogrod.Broken.Name,Espada de Nogrod rota,
Items::Items.DisplayNameFormat.Broken,{1} {0} inservible,
Items::Items.Items.BronzeIngot.Name,Lingote de bronce,
Items::Items.Items.KnowledgeScroll.Name,Pergamino de conocimientos de construcción,
Items::Items.Items.KnowledgeBook.Name,Tomo de conocimientos de construcción,
Items::Items.Consumables.IceCabbage.Name,Col,
Items::Weapons.Halberd.Khazad.Description,"Una alabarda portada por los guardas del cuerpo de tambores del ejército, encargados de proteger la música profunda y vibrante que impulsaba a las tropas enanas en la Segunda y Tercera Edad.",
Items::Items.Feathers.Description,Desechos de las aves de las cavernas.,
Items::Items.Consumables.CaveHoney.Name,Miel cavernaria,
Items::Items.Consumables.RareMushroom.Name,Parasoles,
Items::Cosmetics.LordOfMoria.Torso.Description,Armadura ceremonial de la que hace entrega el rey bajo la montaña al nuevo señor de Moria.,
Items::EntPack.Armor.Torso.Description,"Armadura ceremonial de la artesanía ent de los enanos. Está inspirada en uno de los ents más añejos, Corteza. ",
Items::RohanPack.Armor.Torso.Description,"Una armadura ceremonial utilizada por la Guardia Yerêg, una pequeña tropa de enanos cedida al rey Éomer por el señor de las Cavernas Centelleantes como señal de amistad.",
Items::Cosmetics.LordOfMoria.Boots.Description,Botas ceremoniales de las que hace entrega el rey bajo la montaña al nuevo señor de Moria.,
Items::EntPack.Armor.Boots.Description,"Botas ceremoniales de la artesanía ent de los enanos. Están inspiradas en uno de los ents más añejos, Corteza. ",
Items::RohanPack.Armor.Boots.Description,"Unas botas ceremoniales utilizadas por la Guardia Yerêg, una pequeña tropa de enanos cedida al rey Éomer por el señor de las Cavernas Centelleantes como señal de amistad.",
Items::Cosmetics.LordOfMoria.Gloves.Description,Guantes ceremoniales de los que hace entrega el rey bajo la montaña al nuevo señor de Moria.,
Items::EntPack.Armor.Gloves.Description,"Guantes ceremoniales de la artesanía ent de los enanos. Están inspirados en uno de los ents más añejos, Corteza. ",
Items::RohanPack.Armor.Gloves.Description,"Unos guantes ceremoniales utilizados por la Guardia Yerêg, una pequeña tropa de enanos cedida al rey Éomer por el señor de las Cavernas Centelleantes como señal de amistad.",
Items::Armor.DurinGold.Helmet.Description,El yelmo ceremonial del círculo cercano de Durin. La armadura chapada en oro <Inventory.Regular.White>amzul</> era un obsequio de los padres de clan para recompensar hazañas honorables.,
Items::Armor.DurinBlack.Helmet.Description,El yelmo ceremonial del círculo cercano de Durin. El estilo <Inventory.Regular.White>masharuz</> lo llevaban los enanos de luto en misiones de venganza.,
Items::Armor.DurinWhite.Helmet.Description,"El yelmo ceremonial del círculo cercano de Durin. Tradicionalmente, los enanos llevaban la pintura <Inventory.Regular.White>shayar</> en los peregrinajes.",
Items::RohanPack.Armor.Helmet.Description,"Un yelmo ceremonial utilizado por la Guardia Yerêg, una pequeña tropa de enanos cedida al rey Éomer por el señor de las Cavernas Centelleantes como señal de amistad.",
Items::Items.Memorial.Description,Un brazalete ceremonial que perteneció a un heroico enano fallecido mientras defendía Khazad-dûm. Construye una llama conmemorativa para honrar su sacrificio. ,
Items::Runes.TrophyHunter.Description,Piel de trol,
Items::Runes.Thunder.Description,Otorga la posibilidad de generar una onda expansiva que derriba a los enemigos. ,
Items::Runes.Whisperwood.Description,Otorga la posibilidad de obtener esquejes al golpear a los árboles. Aumenta el daño a árboles.,
Items::Runes.Ironwood.Description,Posibilidad de conseguir Palo Hierro al golpear los árboles.,
Items::Items.Consumables.Cheese.Name,Queso,
Items::Items.Items.Chitin.Name,Quitina,
Items::Items.Items.ChiveSeeds.Name,Semillas de cebollino,
Items::Items.Consumables.Chives.Name,Cebollino,
Items::Consumables.RefreshingSalad.Description,"En un cuenco, mezcla repollo cortado con flores silvestres y fruta. Cómelo para restaurar salud, recuperar una gran cantidad de energía y saciarte durante un breve período.",
Items::Consumable.DriedFruit.Description,Fruta deshidratada cortada en pequeños trozos. Cómela por el camino para restaurar algo de salud.,
Items::Items.Item.SemiPreciousGem.Citrine.Name,Citrino,
Items::Items.Consumables.AntiPoison.Name,Âbakh de purificación,
Items::Items.Items.ClothScraps.Name,Retazos de tela,
Items::Items.BoltsOfCloth.Description,Tejido elaborado con los mejores materiales importados de antaño. ,
Items::Items.Ores.Coal.Name,Carbón,
Items::Cosmetics.Origins.CoastalMountains.Torso.Name,Traje de las Montañas Costeras,
Items::Items.Items.Coin.Name,Moneda,
Items::Items.Trophy.OrcSkull.Description,Piel de trol,
Items::Armor.Falling.Boots.Description,Botas robustas para saltar desde gran altura. Reducen el daño al caer.,
Items::Weapons.Spear.Iron.Description,Un arma de primera línea de batalla muy común en las Colinas de Hierro. Es muy eficaz para atacar rápidamente a un único objetivo. Cárgala para ejecutar una pesada estocada hacia delante.,
Items::Tools.Hammer.Restoration.Iron.Description,Una herramienta común que se usa para reconstruir estatuas complejas y restaurar edificios dañados.  ,
Items::Ores.CompactedDirt.DisplayName,Tierra compactada,
Items::Items.Consumables.Cookies.Name,Galletas,
Items::Consumables.Cookies.Description,Galletas con fruta y avena. No lo compartas con ningún enano que se queje de las galletas con fruta. Cómelo por el camino para restaurar mucha salud.,
Items::Items.Items.CopperIngot.Name,Lingote de cobre,
Items::Items.Ores.CopperOre.Name,Mineral de cobre,
Items::DT_RecipeFragments.APSet_ClassicHelemet.DisplayName,Fragmento de receta,
Items::DT_RecipeFragments.Amazing_HelmetArmor.DisplayName,Fragmento de receta,
Items::DT_RecipeFragments.Amazing_Shield.DisplayName,Fragmento de receta,
Items::DT_RecipeFragments.BasicFurnace_Fragment.DisplayName,Fragmento de receta,
Items::DT_RecipeFragments.BattleAxe_2h_t1.DisplayName,Fragmento de receta,
Items::DT_RecipeFragments.Bedroll_Fragment.DisplayName,Fragmento de receta,
Items::DT_RecipeFragments.Belegost_APSet_BootsArmor.DisplayName,Fragmento de receta,
Items::DT_RecipeFragments.Belegost_APSet_GlovesArmor.DisplayName,Fragmento de receta,
Items::DT_RecipeFragments.Belegost_APSet_TorsoArmor.DisplayName,Fragmento de receta,
Items::DT_RecipeFragments.Crossbow.DisplayName,Fragmento de receta,
Items::DT_RecipeFragments.Durins_Axe.DisplayName,Fragmento de receta,
Items::DT_RecipeFragments.EreborSteel_APSet_BootsArmor.DisplayName,Fragmento de receta,
Items::DT_RecipeFragments.EreborSteel_APSet_GlovesArmor.DisplayName,Fragmento de receta,
Items::DT_RecipeFragments.EreborSteel_APSet_HelmetArmor.DisplayName,Fragmento de receta,
Items::DT_RecipeFragments.EreborSteel_APSet_TorsoArmor.DisplayName,Fragmento de receta,
Items::DT_RecipeFragments.EregionElf_Set_Shield.DisplayName,Fragmento de receta,
Items::DT_RecipeFragments.EregionElf_Set_Torso.DisplayName,Fragmento de receta,
Items::DT_RecipeFragments.Foundation_Bridge_Fragment.DisplayName,Fragmento de receta,
Items::DT_RecipeFragments.Grand_Shield.DisplayName,Fragmento de receta,
Items::DT_RecipeFragments.GreyMountains_ColdSet_BootsArmor.DisplayName,Fragmento de receta,
Items::DT_RecipeFragments.GreyMountains_ColdSet_GlovesArmor.DisplayName,Fragmento de receta,
Items::DT_RecipeFragments.GreyMountains_ColdSet_TorsoArmor.DisplayName,Fragmento de receta,
Items::DT_RecipeFragments.Halberd_2h_t2.DisplayName,Fragmento de receta,
Items::DT_RecipeFragments.Hammer_2h_t1.DisplayName,Fragmento de receta,
Items::DT_RecipeFragments.Hearth_Fragment.DisplayName,Fragmento de receta,
Items::DT_RecipeFragments.IronHills_APSet_GlovesArmor.DisplayName,Fragmento de receta,
Items::DT_RecipeFragments.IronHills_APSet_Shield.DisplayName,Fragmento de receta,
Items::DT_RecipeFragments.IronHills_APSet_TorsoArmor.DisplayName,Fragmento de receta,
Items::DT_RecipeFragments.ItemTinting_Fragment.DisplayName,Fragmento de receta,
Items::DT_RecipeFragments.Khazad_APSet_BootsArmor.DisplayName,Fragmento de receta,
Items::DT_RecipeFragments.Khazad_APSet_GlovesArmor.DisplayName,Fragmento de receta,
Items::DT_RecipeFragments.Khazad_APSet_TorsoArmor.DisplayName,Fragmento de receta,
Items::DT_RecipeFragments.Mattock_1h_t2.DisplayName,Fragmento de receta,
Items::DT_RecipeFragments.Ranged_GlovesArmor.DisplayName,Fragmento de receta,
Items::DT_RecipeFragments.Rope_Fragment.DisplayName,Fragmento de receta,
Items::DT_RecipeFragments.RuneCrafting_Fragment.DisplayName,Fragmento de receta,
Items::DT_RecipeFragments.Scaffold_Fragment.DisplayName,Fragmento de receta,
Items::DT_RecipeFragments.ShortBow.DisplayName,Fragmento de receta,
Items::DT_RecipeFragments.Sword_1h_t1.DisplayName,Fragmento de receta,
Items::DT_RecipeFragments.Sword_1h_t2.DisplayName,Fragmento de receta,
Items::DT_RecipeFragments.Sword_1h_t3.DisplayName,Fragmento de receta,
Items::DT_RecipeFragments.Sword_2h_t1.DisplayName,Fragmento de receta,
Items::DT_RecipeFragments.Sword_2h_t2.DisplayName,Fragmento de receta,
Items::DT_RecipeFragments.WarAxe_1h_t1.DisplayName,Fragmento de receta,
Items::DT_RecipeFragments.WarAxe_1h_t2.DisplayName,Fragmento de receta,
Items::DT_RecipeFragments.WarAxe_1h_t3.DisplayName,Fragmento de receta,
Items::DT_RecipeFragments.WarAxe_1h_t4.DisplayName,Fragmento de receta,
Items::DT_RecipeFragments.spear_1h_t1.DisplayName,Fragmento de receta,
Items::DT_RecipeFragments.spear_1h_t2.DisplayName,Fragmento de receta,
Items::DT_RecipeFragmetns.VenerationLamps.DisplayName,Fragmento de receta,
Items::Armor.IronHills.Shield.Description,"Todos los jóvenes enanos aprenden a forjar y manejar este escudo elaborado al estilo de las Colinas de Hierro, que también utilizan a modo de trineo.",
Items::Items.Consumables.Cranberries.Name,Arándanos rojos,
Items::Armor.Taunting.Helmet.Name,Casco con cresta,
Items::Consumables.MilledOats.Description,"Avena khuzdul machacada, ideal para cocinar y usar en repostería.",
Items::Tools.MoonStoneFlare.Name,Bengala de cristal,
Items::Armor.Falling.Boots.Name,Botas Buenpié,
Items::Items.ElvenTreeCutting.Description,Rama cortada que se convertirá en un árbol élfico tras su plantación.,
Items::Items.MushroomTreeCutting.Description,Rama cortada de un árbol que se convertirá en un árbol ubâsam tras su plantación.,
Items::Items.Trophy.FellBeastHead.Description,Amputada directamente del cuerpo y preparada para colgarse como trofeo.,
Items::Items.RemedyIngredient.Name,Âbakh dañado,
Items::OrcHunterPack.Consumables.Brew.Name,Stout A oscuras,
Items::Consumables.Brew.AntiDarkness.Name,Ale clara Alba,
Items::Items.Consumables.DeepHash.Name,Guiso del Abismo,
Items::Items.Consumables.DeepMushroom.Name,Seta del Abismo,
Items::Consumables.SaltedMeat.Description,Tiras de carne deshidratada. Cómela por el camino para restaurar algo de salud.,
Items::Items.Item.PreciousGem.Diamond.Name,Diamante,
Items::Armor.Awesome.Helmet.Name,Yelmo del Valle del Arrollo Sombrío,
Items::Armor.Awesome.Shield.Name,Escudo del Valle del Arrollo Sombrío,
Items::Weapons.Spear.Khazad.Name,Lanza del Valle del Arroyo Sombrío,
Items::Ores.Dirt.DisplayName,Tierra,
Items::Items.Consumable.Dough.Name,Masa,
Items::Runes.AntiDragon.Prefix.Name,Flagelo de dragones,
Items::Items.Trophy.DrakeBones.Name,Huesos de dragón,
Items::Items.Consumable.DriedFruit.Name,Fruta deshidratada,
Items::Items.Items.PurifiedDarkIngot.Name,Lingote de hierro de durinul ,
Items::Tools.DurinsAxe.PickHammer.Name,Hacha de Durin,
Items::Items.StatueCrown.Name,Corona de Durin,
Items::Armor.Durin.Gloves.Name,Guantes de Durin,
Items::Armor.DurinGold.Gloves.Name,Guantes de Durin (Amzul),
Items::Armor.DurinWhite.Gloves.Name,Guantes de Durin (Shayar),
Items::Armor.Durin.Torso.Name,Armadura de la guardia de Durin,
Items::Armor.DurinGold.Torso.Name,Armadura de la guardia de Durin (Amzul),
Items::Armor.DurinBlack.Torso.Name,Armadura de la guardia de Durin (Masharuz) ,
Items::Armor.DurinWhite.Torso.Name,Armadura de la guardia de Durin (Shayar),
Items::Armor.Durin.Boots.Name,Botas de protección de Durin,
Items::Armor.DurinGold.Boots.Name,Botas de la guardia de Durin (Amzul),
Items::Armor.DurinBlack.Boots.Name,Botas de la guardia de Durin (Masharuz) ,
Items::Armor.DurinWhite.Boots.Name,Botas de la guardia de Durin (Shayar),
Items::Armor.DurinBlack.Gloves.Name,Guantes de la guardia de Durin (Masharuz) ,
Items::Armor.Durin.Helmet.Name,Yelmo de la guardia de Durin,
Items::Armor.DurinGold.Helmet.Name,Yelmo de la guardia de Durin (Amzul),
Items::Armor.DurinBlack.Helmet.Name,Yelmo de la guardia de Durin (Masharuz) ,
Items::Armor.DurinWhite.Helmet.Name,Yelmo de la guardia de Durin (Shayar),
Items::Armor.Durin.Shield.Name,Escudo de la guardia de Durin,
Items::Items.AltarFigurine.Name.Durin,Talla de muznâkan de Durin,
Items::Armor.RedMountains.Gloves.Description,Los enanos mineros utilizan estos guantes para prevenir los callos y mantener las manos suaves después de un largo día de trabajo en las minas. Reducen el coste de resistencia de los picos.,
Items::Armor.GreyMountainsAntiCold.Boots.Description,Los enanos no caminan por la nieve: imponen su voluntad sobre ella. Estas botas reducen el efecto del frío.,
Items::Armor.RangeBonus.Gloves.Description,"Los enanos de las Montañas Azules no se podían permitir el lujo de comprar carne, por eso diseñaron estos guantes, que aumentan la velocidad a la que disparaban flechas con sus arcos cortos de caza.",
Items::Consumables.MealBuff.Lunch.Description,Come a mediodía para regenerar salud con el tiempo.,
Items::Consumables.MealBuff.Dinner.Description,Come por la noche para aumentar la recuperación.,
Items::Consumables.MealBuff.Breakfast.Description,Come por la mañana para reducir el coste de energía.,
Items::Items.Consumables.Eggs.Name,Huevo,
Items::Items.Consumables.ElvenSecretIngredient.Name,Bendición de Elbereth,
Items::Item.ElvenArrows.Name,Flechas élficas,
Items::Items.QualityArrows.Name,Flechas élficas,
Items::Farming.ElvenTree.Name,Árbol élfico,
Items::Items.ElvenTreeCutting.Name,Esqueje de árbol élfico,
Items::Items.Items.QualityWood.Name,Madera élfica,
Items::Consumables.Lembas.Description,Pan de viaje élfico. Uno solo trozo es suficiente para mantenerse durante una larga jornada de trabajo. Restaura por completo la salud y la energía. ,
Items::Items.Items.PreciousGem.Emerald.Name,Esmeralda,
Items::Armor.EntPack.Armor.Shield.Name,Escudo de artesanía ent,
Items::Items.EntMoss.Name,Madera ent,
Items::Armor.EreborSteel.Boots.Name,Botas de Erebor,
Items::Armor.EreborSteelGold.Boots.Name,Botas de Erebor (Amzul),
Items::Armor.EreborSteelBlack.Boots.Name,Botas de Erebor (Masharuz) ,
Items::Armor.EreborSteelWhite.Boots.Name,Botas de Erebor (Shayar),
Items::Armor.EreborSteel.Helmet.Name,Yelmo de la patrulla urbana de Erebor,
Items::Armor.EreborSteelGold.Helmet.Name,Yelmo de la patrulla urbana de Erebor (Amzul),
Items::Armor.EreborSteelBlack.Helmet.Name,Yelmo de la patrulla urbana de Erebor (Masharuz) ,
Items::Armor.EreborSteelWhite.Helmet.Name,Yelmo de la patrulla urbana de Erebor (Shayar),
Items::Armor.EreborSteel.Gloves.Name,Guanteletes de placas de Erebor,
Items::Armor.EreborSteelGold.Gloves.Name,Guanteletes de placas de Erebor (Amzul),
Items::Armor.EreborSteelBlack.Gloves.Name,Guanteletes de placas de Erebor (Masharuz) ,
Items::Armor.EreborSteelWhite.Gloves.Name,Guanteletes de placas de Erebor (Shayar),
Items::Armor.EreborSteel.Torso.Name,Cota de malla de Erebor,
Items::Armor.EreborSteelGold.Torso.Name,Cota de malla de Erebor (Amzul),
Items::Armor.EreborSteelBlack.Torso.Name,Cota de malla de Erebor (Masharuz) ,
Items::Armor.EreborSteelWhite.Torso.Name,Cota de malla de Erebor (Shayar),
Items::Items.Consumable.EreborStripSteak.Name,Lomo de ternera de Erebor,
Items::Armor.EregionElf.Torso.Name,Armadura de Eregion,
Items::Weapon.ElvenLongbow.Name,Arco largo de Eregion,
Items::Armor.Eregion.Shield.Name,Escudo de Eregion,
Items::Weapons.Spear.Elven.Name,Lanza de Eregion,
Items::Armor.Durin.Gloves.Description,Un mero roce de la sombra puede llevar incluso al más duro de los enanos a la desesperación. Estos guantes ofrecen protección contra ella.,
Items::Consumable.EveningAle.Name,Ale Atardecer,
Items::Item.PreciousGem.Diamond.Description,"Una piedra preciosa de excepcional dureza, transparente y brillante. ",
Items::Armor.BP_BlueMountainsHunter.Torso.Description,"Los peleteros enanos más expertos fabrican este abrigo para que los cazadores puedan ocultarse de sus presas. Con él, resulta más fácil acercarse a los animales.",
Items::EntPack.Consumables.Brew.EntBrew.Name,Cerveza de Fangorn,
Items::BeornPack.Consumables.BeornMeal.Name,Festín de la Carroca,
Items::Items.Items.Feathers.Name,Plumas,
Items::Items.Trophy.FellBeastHead.Name,Cabeza de bestia alada,
Items::Items.Consumables.Fennel.Name,Hinojo,
Items::Items.Item.FennelSeed.Name,Semillas de hinojo,
Items::Consumables.FruitPie.Description,"Llena una masa con manzanas salvajes cortadas en rodajas y hornéala. Bate leche hasta obtener una crema y úsala como cobertura. Cómela para restaurar salud, recuperar una gran cantidad de energía y saciarte durante un largo período.",
Items::Consumables.StuffedMushrooms.Description,"Rellena setas con arándanos rojos y cebollas solares y, a continuación, cocínalas al fuego. Cómelas para restaurar salud, recuperar una gran cantidad de energía y saciarte durante un breve período.",
Items::Items.Items.FineCloth.Name,Tela de primera calidad,
Items::Items.Items.FineLeather.Name,Cuero fino,
Items::Items.Consumables.FireRoastedStew.Name,Guiso a la hoguera,
Items::Weapons.Battleaxe.FirstAge.Name,Hacha de guerra de la Primera Edad,
Items::Item.CrossbowBolts.Name,Virotes de la Primera Edad,
Items::Weapon.Crossbow.Name,Ballesta de la Primera Edad,
Items::Weapons.Greatsword.FirstAge.Name,Espada grande de la Primera Edad,
Items::Tools.Pickaxe.FirstAge.Name,Pico de la Primera Edad,
Items::Weapons.Sword.FirstAge.Name,Espada de la Primera Edad,
Items::Runes.Fire.Prefix.Name,Llama roja,
Items::HolidayPack.Consumables.Meal.Description,Sigue las recetas manuscritas de la Comarca para preparar este magnífico banquete festivo.,
Items::Armor.Amazing.Helme.Description,"Un gorro ideal para los enanos a los que les gusta buscar comida, aunque solo tenga una función estética.",
Items::Armor.Durin.Boots.Description,Para quienes deben deambular por la sombra de las profundidades. ¡Estas botas te protegerán de la oscuridad!,
Items::Weapons.Mattock.Bronze.Description,"El arsenal de Durin IV estaba lleno de estos martillos de construcción reconvertidos, forjados con acero y bronce. Resultan muy útiles contra objetivos blindados. Cárgala para lanzar un gancho que aturde al enemigo.",
Items::Weapons.Spear.AntiDragon.Descrption,"Una lanza forjada con mithril a partir de un diseño secreto revelado por el rey bajo la montaña. Esta arma, una auténtica obra de arte, es capaz de perforar la piel de los dragones. Solo puedes llevar una obra maestra a la vez.",
Items::Tools.Pickaxe.Ironwood.Description,"En las manos expertas de los Enanos, este pico, forjado con Aleación de Shanôr y con mango de Palo Hierro y runas de poder es la herramienta definitiva. Permite extraer Oro y Adamanto con facilidad.",
Items::Weapons.Sword.Nogrod.Description,"Estas espadas, forjadas con acero de Nogrod a partir de un diseño de Telchar, poseen runas de poner que hacen que la hoja reluzca a la luz del sol. ",
Items::Weapons.Battleaxe.Steel.Description,"Renunciar a llevar una antorcha o un escudo para blandir esta hacha se premia con un enorme potencial para infligir daño a los enemigos. Aunque es lenta, puede aturdir a los enemigos. Cárgala para lanzar un tajo ascendente que quita muchísima salud a los objetivos grandes.",
Items::Items.StriderPage.Dwarrowdelf.Description,Se encuentra en Pozo Oscuro. Busca el diario por los alrededores y sustituye las páginas para adquirir los conocimientos de este montaraz. ,
Items::Items.StriderPage.Bridge.Description,Se encuentra en el bastión. Busca el diario por los alrededores y sustituye las páginas para adquirir los conocimientos de este montaraz. ,
Items::Items.StriderPage.Crossroads.Description,Se encuentra en la encrucijada. Busca el diario por los alrededores y sustituye las páginas para adquirir los conocimientos de este montaraz. ,
Items::Items.StriderPage.Grottos.Description,Se encuentra en los abismos. Busca el diario por los alrededores y sustituye las páginas para adquirir los conocimientos de este montaraz. ,
Items::Items.StriderPage.Description,Se encuentra en las minas. Busca el diario por los alrededores y sustituye las páginas para adquirir los conocimientos de este montaraz. ,
Items::Item.OldRing.Description,Este objeto encontrado en el estómago de la dragona no parece tener ningún efecto.,
Items::OrcHunter.Weapons.Axe.Name,Hacha de batalla de Aterrador,
Items::Runes.Cold.Prefix.Name,Hoja helada,
Items::Items.Consumables.FruitPie.Name,Pastel de frutas,
Items::Items.Consumables.FruitSalad.Name,Ensalada de frutas,
Items::Consumables.Grabapple.Description,Fruta que crece en zonas con luz. Tiene un agradable sabor amargo tanto cruda como cocinada o deshidratada.,
Items::Consumable.MeatPie.Description,"Fríe cebollas solares hasta que estén bien pochadas. A continuación, añade la carne y déjala que se tueste. Por último, rellena la masa de tarta y hornéala hasta que quede dorada. Cómela para restaurar salud, recuperar una gran cantidad de energía y saciarte durante un largo período.",
Items::Consumables.KingsOmlette.Description,Fríe huevos en una sartén y sírvelos calientes. Este sencillo desayuno digno de un rey restaura salud.,
Items::Items.AltarFigurine.Name.DwalinBalin,Talla de muznâkan de Fundin,
Items::Items.Items.Fur.Name,Pelaje,
Items::Armor.GreyMountainsAntiCold.Torso.Description,Una prenda gruesa de piel y pelo que protege de las temperaturas más gélidas. Reduce el efecto del frío.,
Items::Items.Trophy.WargPelt.Description,Pelaje y piel de los peligrosos acompañantes de los orcos. Se puede colgar de la pared como trofeo o usarse como alfombra. Puedes conseguir pieles matando a un huargo con cualquier arma a la que hayas equipado la runa de los <Lore.Italic>Ukhnashûn</>.,
Items::Beorn.Armor.Gloves.Description,"Camisa rematada con pelaje, cuyas mangas y puños están inspirados en la cabaña de Beorn.",
Items::Armor.GreyMountainsAntiCold.Helmet.Description,Un gorro diseñado para viajar por alta montaña o por las profundidades. Reduce el efecto del frío.,
Items::Items.Consumables.OrcTemper.Name,Âbakh de furia,
Items::Items.AltarFigurine.Name.Belegost,Talla de muznâkan de Garin,
Items::Items.Item.SemiPreciousGem.Garnet.Name,Granate,
Items::Armor.Amazing.Helme.Name,Gorro de recolector,
Items::Items.AltarFigurine.Name.Gimol,Talla de muznâkan de Gimol,
Items::Items.Consumables.MeatSkewers.Name,Brochetas de carne glaseadas,
Items::Cosmetics.Origins.GlitteringCaves.Torso.Name,Traje de las Cavernas Centelleantes,
Items::ContainerItems.Dwarf.Slot.Gloves.DisplayName,Guantes,
Items::Armor.DurinGold.Gloves.Description,Guantes que ofrecen protección contra la sombra. La armadura chapada en oro <Inventory.Regular.White>amzul</> era un obsequio de los padres de clan para recompensar hazañas honorables.,
Items::Armor.DurinBlack.Gloves.Description,Guantes que ofrecen protección contra la sombra. El estilo <Inventory.Regular.White>masharuz</> lo llevaban los enanos de luto en misiones de venganza.,
Items::Armor.DurinWhite.Gloves.Description,"Guantes que ofrecen protección contra la sombra. Tradicionalmente, los enanos llevaban la pintura <Inventory.Regular.White>shayar</> en los peregrinajes.",
Items::Items.Consumables.GlowingMushroom.Name,Seta resplandeciente,
Items::Items.Items.GoldIngot.Name,Lingote de oro,
Items::Items.Ores.GoldOre.Name,Mineral de oro,
Items::Consumables.Pasties.Description,Unas pequeñas empanadas saladas de color dorado. Cómelas por el camino para restaurar una gran cantidad de salud.,
Items::Armor.Grand.Shield.Name,Escudo gondoriano,
Items::Items.Consumables.Grabapple.Name,Manzana silvestre,
Items::Armor.GreyMountainsAntiCold.Gloves.Name,Guantes de las Montañas Grises,
Items::Armor.GreyMountainsAntiCold.Helmet.Name,Gorro de las Montañas Grises,
Items::Armor.GreyMountainsAntiCold.Torso.Name,Abrigo de las Montañas Grises,
Items::Armor.GreyMountainsAntiCold.Boots.Name,Botas de las Montañas Grises,
Items::Consumable.ShireBreakfast.Description,"Asa carne a la parrilla hasta que quede crujiente y sírvela con judías calientes y huevos. Cómela para restaurar salud, recuperar energía y saciarte, ya sea en el primer, el segundo o el tercer desayuno del día.",
Items::Consumable.EreborStripSteak.Description,"Carne sazonada y asada a la parrilla. Junta el dedo índice y el pulgar y tócate la palma de la mano. La carne estará lista cuando tenga esa misma firmeza. Cómela para restaurar salud, recuperar energía y saciarte. ",
Items::OrcHunter.Armor.Torso.Description,"Armadura oscura que llevaban los enanos <Inventory.Regular.White>Ukhnashûn</>, quienes buscan vengarse por todo el mal que se ha hecho a su pueblo.",
Items::Armor.EreborSteel.Gloves.Description,Guanteletes fabricados con planchas de acero forjado envueltas alrededor del brazo de un enano. ,
Items::Armor.EreborSteelGold.Gloves.Description,Guanteletes fabricados con planchas de acero. La armadura chapada en oro <Inventory.Regular.White>amzul</> era un obsequio de los padres de clan para recompensar hazañas honorables.,
Items::Armor.EreborSteelBlack.Gloves.Description,Guanteletes fabricados con planchas de acero. El estilo <Inventory.Regular.White>masharuz</> lo llevaban los enanos de luto en misiones de venganza.,
Items::Armor.EreborSteelWhite.Gloves.Description,"Guanteletes fabricados con planchas de acero. Tradicionalmente, los enanos llevaban la pintura <Inventory.Regular.White>shayar</> en los peregrinajes.",
Items::Items.Items.GundabadScrap.Name,Escoria de Gundabad,
Items::Armor.Mithril.Boots.Description,"Estas botas son lo suficientemente resistentes como para usarlas en combate, pero también tan cómodas que podrían combinarse con un camisón. ",
Items::Consumables.FruitSalad.Description,"Calienta rodajas de manzanas salvajes al fuego y, a continuación, mézclalas con arándanos rojos y miel. Cómelo para restaurar salud, recuperar una gran cantidad de energía y saciarte durante un breve período.",
Items::Armor.Khazad.Boots.Description,"Unas botas pesadas de acero khazâd. Los enanos suelen reservarlas para el día de la batalla, ya que su peso dificulta las marchas largas. ",
Items::Armor.KhazadGold.Boots.Description,Botas pesadas de acero khazâd. La armadura chapada en oro <Inventory.Regular.White>amzul</> era un obsequio de los padres de clan para recompensar hazañas honorables.,
Items::Armor.KhazadBlack.Boots.Description,Botas pesadas de acero khazâd. El estilo <Inventory.Regular.White>masharuz</> lo llevaban los enanos de luto en misiones de venganza.,
Items::Armor.KhazadWhite.Boots.Description,"Botas pesadas de acero khazâd. Tradicionalmente, los enanos llevaban la pintura <Inventory.Regular.White>shayar</> en los peregrinajes.",
Items::Items.HeavyCarryWrapper.DisplayName,Objeto pesado,
Items::Armor.GreyMountainsAntiCold.Gloves.Description,Unos guantes gruesos pensados para viajar por alta montaña. Mantienen los dedos calientes y reducen el efecto del frío.,
Items::Armor.Wonderful.Shield.Name,Escudo heredado,
Items::Items.Consumable.HelmFriedMeatandChips.Name,Patatas fritas en yelmo,
Items::ContainerItems.Dwarf.Slot.Helmet.DisplayName,Yelmo,
Items::Armor.Durin.Helmet.Description,"Un yelmo que solo se puede fabricar en la Gran Fragua de Durin. Como todas las creaciones del padre de los artefactos enanos, protege contra la sombra.",
Items::Cosmetics.Helmet.InvisibleItem.Name,Sin yelmo,
Items::Items.Memorial.Name,Brazalete de héroe,
Items::Items.Items.Hide.Name,Piel,
Items::Items.Items.HideScraps.Name,Restos de piel,
Items::Armor.BlueMountains.Torso.Description,Un traje de piel y pelo que se usa para buscar comida y cazar en Ered Luin.,
Items::Consumables.Brew.Stamina.Name,Lager Cáliz de Lúpulo,
Items::Armor.KhazadGold.Helmet.Description,Un yelmo de guerra con cuernos. La armadura chapada en oro <Inventory.Regular.White>amzul</> era un obsequio de los padres de clan para recompensar hazañas honorables.<lf>,
Items::Armor.KhazadBlack.Helmet.Description,Un yelmo de guerra con cuernos. El estilo <Inventory.Regular.White>masharuz</> lo llevaban los enanos de luto en misiones de venganza.,
Items::Armor.KhazadWhite.Helmet.Description,"Un yelmo de guerra con cuernos. Tradicionalmente, los enanos llevaban la pintura <Inventory.Regular.White>shayar</> en los peregrinajes.",
Items::Runes.Hunters.Prefix.Name,de cazador,
Items::Weapon.ShortBow.Name,Arco de caza,
Items::Items.Items.Granite.Name,Granito de Ihraz,
Items::Weapons.Axe.Improvised.Name,Hacha improvisada,
Items::Armor.Oakenshield.Shield.Description,"Un escudo inspirado en el gran Thorin Escudo de Roble, liberador de Erebor, que sabía que los enanos son capaces de protegerse con cualquier cosa cuando la necesidad aprieta.",
Items::RohanPack.Weapons.Spear.Rohan.Description,Una lanza inspirada en las armas de largo alcance de la caballería de Rohan y utilizada por la Guardia Yerêg. Muy útil para ataques a un solo objetivo. Carga para ejecutar una poderosa estocada hacia delante.,
Items::Items.Item.SemiPreciousGem.Iolite.Name,Iolita,
Items::Tools.Hammer.Restoration.Iron.Name,Martillo de hierro,
Items::Armor.IronHills.Torso.Name,Armadura de las Colinas de Hierro,
Items::Armor.IronHills.Gloves.Name,Guantes de las Colinas de Hierro,
Items::Cosmetics.Origins.IronHills.Torso.Name,Traje de las Colinas de Hierro,
Items::Armor.IronHills.Shield.Name,Escudo de las Colinas de Hierro,
Items::Items.Items.IronIngot.Name,Lingote de hierro,
Items::Items.Ores.IronOre.Name,Mineral de hierro,
Items::Weapons.Spear.Iron.Name,Lanza de hierro,
Items::Weapons.Sword.Iron.Name,Espada de hierro,
Items::Weapons.Axe.Iron.Name,Hacha bélica de hierro,
Items::Armor.IronHills.Gloves.Description,Unos guantes de hierro diseñados para ofrecer una protección eficaz.,
Items::Weapons.Sword.Greenbeard.Name,Espada grande de hierro,
Items::Brews.Defensive_Brew.DisplayName,Stout Corazón de Hierro,
Items::Items.Items.Ironwood.Name,Palo fierro,
Items::Tools.Pickaxe.Ironwood.Name,Pico de Palo Hierro,
Items::Armor.Mithril.Shield.Description,"Forjar un escudo de mithril es un privilegio que rara vez se le presenta a uno en la vida. Según la tradición, se reservaban para fines ceremoniales, a pesar de ser prácticamente impenetrables. ",
Items::Items.Items.IthildinIngot.Name,Lingote de ithildin,
Items::Items.Consumables.Journeybread.Name,Pan para el viaje,
Items::Item.Khazadstone.Name,Piedra khazâd,
Items::Armor.Khazad.Torso.Name,Armadura del ejército khazâd,
Items::Armor.KhazadGold.Torso.Name,Armadura del ejército khazâd (Amzul),
Items::Armor.KhazadBlack.Torso.Name,Armadura del ejército khazâd (Masharuz) ,
Items::Armor.KhazadWhite.Torso.Name,Armadura del ejército khazâd (Shayar),
Items::Armor.Khazad.Boots.Name,Botas del ejército khazâd ,
Items::Armor.KhazadGold.Boots.Name,Botas del ejército khazâd (Amzul),
Items::Armor.KhazadBlack.Boots.Name,Botas del ejército khazâd (Masharuz) ,
Items::Armor.KhazadWhite.Boots.Name,Botas del ejército khazâd (Shayar),
Items::Armor.Khazad.Gloves.Name,Guanteletes del ejército khazâd,
Items::Armor.KhazadGold.Gloves.Name,Guanteletes del ejército khazâd (Amzul),
Items::Armor.KhazadBlack.Gloves.Name,Guanteletes del ejército khazâd (Masharuz) ,
Items::Armor.KhazadWhite.Gloves.Name,Guanteletes del ejército khazâd (Shayar),
Items::Weapons.Greatsword.Khazad.Name,Espada grande del ejército khazâd,
Items::Weapons.Halberd.Khazad.Name,Alabarda del ejército khazâd,
Items::Armor.Khazad.Helmet.Name,Yelmo del ejército khazâd,
Items::Armor.KhazadGold.Helmet.Name,Yelmo del ejército khazâd (Amzul),
Items::Armor.KhazadBlack.Helmet.Name,Yelmo del ejército khazâd (Masharuz) ,
Items::Armor.KhazadWhite.Helmet.Name,Yelmo del ejército khazâd (Shayar),
Items::Item.BestArrows.Name,Flechas khazâd,
Items::Item.BetterCrossbowBolts.Name,Virotes khazâd,
Items::Weapons.Mattock.Khazad.Name,Maza khazâd,
Items::Items.Items.KhazadSteelIngot.Name,Lingote de acero khazâd,
Items::Weapons.Axe.Khazad.Name,Hacha bélica khazâd,
Items::Weapons.Hammer.Khazad.Name,Piqueta de guerra khazâd,
Items::Items.Consumables.DwarfOat.Name,Avena khuzdul,
Items::Items.Consumables.KingsOmlette.Name,Tortilla del rey,
Items::Armor.Nogrod.Torso.Description,"Estos enanos son célebres por su talento para fabricar armas, más que armaduras. Esta armadura de placas damasquinas aumenta la potencia de los ataques de su portador, pero lo deja vulnerable a los de los enemigos.",
Items::Armor.NogrodGold.Torso.Description,"Conocidos por fabricar armas, no armaduras, esta placa damasquinada aumenta el poder de ataque de un enano, pero los deja vulnerables a los ataques de otros. Los padres del clan otorgaban como gran honor la armadura dorada de Amzul.",
Items::Armor.NogrodBlack.Torso.Description,"Conocidos por fabricar armas, no armaduras, esta placa damasquinada aumenta el poder de ataque de un enano, pero los deja vulnerables a los ataques de otros. Los enanos afligidos usaban la moda de Masharuz en misiones de venganza.",
Items::Armor.NogrodWhite.Torso.Description,"Conocidos por fabricar armas, no armaduras, esta placa damasquinada aumenta el poder de ataque de un enano, pero los deja vulnerables a los ataques de otros. La pintura de Shayar era tradicional para los enanos en las peregrinaciones.",
Items::Items.Hide.Description,Trozos más grandes de piel de animal tratada para su uso.,
Items::Armor.Classic.Helmet.Name,Yelmo de la Última Alianza,
Items::Weapons.Mattock.Bronze.Name,Maza de la Última Alianza,
Items::Armor.Amazing.Shield.Name,Escudo de la Última Alianza,
Items::Items.Items.Leather.Name,Cuero,
Items::Armor.BlueMountainsHunter.Boots.Description,Unas botas de cuero que amortiguan el sonido de las pisadas. Las favoritas de los cazadores.,
Items::Armor.EreborSteel.Torso.Description,"Una armadura ligera de acero. Aunque no es más que una sombra de lo que fue el antiguo estilo de Belegost, es lo suficientemente liviana como para luchar y viajar.",
Items::Armor.EreborSteelGold.Torso.Description,"Una armadura ligera de acero, apenas una sombra de lo que otrora fue el antiguo estilo de Belegost. La armadura chapada en oro <Inventory.Regular.White>amzul</> era un obsequio de los padres de clan para recompensar hazañas honorables.",
Items::Armor.EreborSteelBlack.Torso.Description,"Una armadura ligera de acero, apenas una sombra de lo que otrora fue el antiguo estilo de Belegost. El estilo <Inventory.Regular.White>masharuz</> lo llevaban los enanos de luto en misiones de venganza.",
Items::Armor.EreborSteelWhite.Torso.Description,"Una armadura ligera de acero, apenas una sombra de lo que fue el antiguo estilo de Belegost. Tradicionalmente, los enanos llevaban la pintura <Inventory.Regular.White>shayar</> en los peregrinajes.",
Items::Armor.Durin.Shield.Description,"Como todos los objetos elaborados con <Inventory.Regular.White>nimir-yazad,</> y <Inventory.Regular.White>luthun durinul,</>, este escudo protege contra la sombra.",
Items::Cosmetics.Origins.LonelyMountain.Torso.Name,Traje de la Montaña Solitaria,
Items::Armor.Grand.Helmet.Name,Gorro espacioso,
Items::Cosmetics.LordOfMoria.Torso.Name,Armadura del señor,
Items::Cosmetics.LordOfMoria.Boots.Name,Botas del señor,
Items::Cosmetics.LordOfMoria.Helmet.Name,Corona del señor,
Items::Cosmetics.LordOfMoria.Gloves.Name,Guantes del señor,
Items::Armor.Mithril.Helmet.Description,"Notable por su magnífico diseño y resistencia, este yelmo no tiene rival entre las creaciones de los elfos, hombres y enanos.",
Items::Items.Consumables.ShadowCrafting.Name,Obsequio de Mahal,
Items::ContainerItems.Dwarf.Slot.MainHand.DisplayName,Mano dominante,
Items::Items.SilverIngot.Description,"Se utiliza para crear joyas, armaduras y armas brillantes y de la más alta calidad. Era el metal preferido de los enanos de la Primera Edad. ",
Items::Items.Consumable.MashedPotatoes.Name,Puré de patatas,
Items::Items.Consumable.GenericMeal.Name,Comida,
Items::Weapons.Battleaxe.Mithril.Description,"La Gran Hacha de la Historia, un hacha de guerra legendaria fabricada con mithril.",
Items::Items.Consumables.Meat.Name,Carne,
Items::Items.Consumable.MeatPie.Name,Pastel de carne,
Items::Items.Consumables.MeatStew.Name,Guiso de carne,
Items::Items.Consumable.VeggieSkewers.Name,Brochetas variadas,
Items::Tools.MemorialTorch.Name,Llama conmemorativa,
Items::Items.Items.ScrapMetal.Name,Fragmentos de metal,
Items::Items.Consumables.MilledOats.Name,Avena molida,
Items::Ores.Salt.Description,Se extrae del agua que retienen las rocas. Es un condimento clave para las comidas y raciones.,
Items::Armor.RedMountains.Gloves.Name,Guantes de minero,
Items::Armor.RedMountains.Helmet.Name,Yelmo de minero,
Items::Items.Consumables.Mint.Name,Menta,
Items::Items.Item.MintSeed.Name,Semilla de menta,
Items::Armor.Mithril.Torso.Name,Armadura de mithril,
Items::Armor.Mithril.Gloves.Name,Guantes de mithril,
Items::Armor.Mithril.Helmet.Name,Yelmo de mithril,
Items::Items.Items.MithrilIngot.Name,Lingote de mithril,
Items::Items.Ores.MithrilOre.Name,Mineral de mithril,
Items::Armor.Mithril.Shield.Name,Escudo de mithril,
Items::Armor.Mithril.Boots.Name,Zapatillas de mithril,
Items::Ores.MithrilOre.Description,Mithril extraído directamente de la veta. El orgullo y la perdición de Khazad-dûm. Puede golpearse como el cobre y pulirse como el vidrio.,
Items::Consumables.NanasCasserole.Description,"Mezcla huevos, patatas y hierbas y cocínalo todo. Esta popular receta restaura salud, recupera una gran cantidad de energía y te aporta saciedad (y algo de nostalgia) durante un largo período.",
Items::Consumable.Dough.Description,La masa con avena mezclada y enrollada puede hornearse para preparar muchas comidas y raciones. ,
Items::Tools.Hammer.Restoration.Steel.Description,Herramienta más duradera que se usa para reconstruir estatuas complejas y restaurar edificios dañados. Desbloquea nuevas opciones de construcción de base. ,
Items::Items.Consumables.MountainPotato.Name,Patata de montaña,
Items::EpicPacks.AdventurersPack.Large.Name,Mochila de montañero,
Items::Container.Mug.Name,Jarra,
Items::HolidayPack.Consumables.Brew.HolidayBrew.Name,Sidra caliente especiada,
Items::Items.Consumable.MushroomPie.Name,Pastel de setas,
Items::Items.Consumables.MushroomScramble.Name,Revuelto de setas,
Items::Items.Consumables.MushroomStew.Name,Guiso de setas,
Items::Items.Consumables.Mushroom.Name,Setas,
Items::Consumables.DeepMushroom.Description,Una seta que solo crece en el Abismo Oscuro de Khazad-dûm.,
Items::Weapon.Crossbow.Description,"La leyenda dice que los enanos de antaño sabían cómo fabricar un <Inventory.Regular.White>Islut-thasdûr</>, un arma de tiro extremadamente potente capaz de atravesar las armaduras.  ",
Items::Items.Consumables.NanasCasserole.Name,Guiso de la abuela,
Items::Items.AltarFigurine.Name.Narvi,Talla de muznâkan de Narvi,
Items::Items.Items.NaturalFiber.Name,Fibra natural,
Items::Items.Items.Biofuel.Name,Reserva natural,
Items::Armor.RedMountains.Helmet.Description,"Nadie recuerda quién fue el primer enano que decidió ponerse una vela en la cabeza, pero las generaciones de mineros que vinieron después de él deberían agradecérselo. Emite luz sin necesidad de antorcha.",
Items::Armor.Nogrod.Torso.Name,Armadura de Nogrod,
Items::Armor.NogrodGold.Torso.Name,Armadura Nogrod Amzul,
Items::Armor.NogrodBlack.Torso.Name,Armadura Nogrod Masharuz,
Items::Armor.NogrodWhite.Torso.Name,Armadura Nogrod Shayar,
Items::Item.BestCrossbowBolts.Name,Rollos de Nogrod,
Items::Armor.Nogrod.Gloves.Name,Guanteletes de Nogrod,
Items::Armor.NogrodGold.Gloves.Name,Guanteletes Nogrod Amzul,
Items::Armor.NogrodBlack.Gloves.Name,Guanteletes Nogrod Masharuz,
Items::Armor.NogrodWhite.Gloves.Name,Guanteletes Nogrod Shayar,
Items::Armor.Nogrod.Shield.Name,Escudo de Nogrod,
Items::Items.Items.NogrodSteelIngot.Name,Lingote de acero de Nogrod,
Items::Item.Letter.Name,Mensaje del rey,
Items::Items.Items.BoltsOfCloth.Name,Tela númenóreana,
Items::Armor.Oakenshield.Shield.Name,Escudo de roble,
Items::Items.Consumable.OatMilk.Name,Leche de avena,
Items::Items.Coin.Description,Moneda de gran valor antaño. Un tesoro para los coleccionistas.,
Items::Weapons.Greatsword.Khazad.Description,Solo los enanos más fuertes recibían esta espada de gran alcance. Golpea a muchos enemigos a la vez o a un solo objetivo más grande para causar un daño considerable. Cárgala para lanzar un mandoble contra cualquier cosa que esté a tu alcance. ,
Items::Items.Item.SemiPreciousGem.Onyx.Name,Ónice,
Items::OrcHunter.Armor.Boots.Name,Botas de cazaorcos,
Items::OrcHunter.Armor.Helmet.Name,Gálea de cazaorcos,
Items::OrcHunter.Armor.Gloves.Name,Guantes de cazaorcos,
Items::OrcHunter.Armor.Torso.Name,Manto de cazaorcos,
Items::Runes.AntiOrc.Prefix.Name,Flagelo de Orcos,
Items::Items.IthildinIngot.Description,"Este metal creado por los elfos, cuyo nombre puede traducirse como «estrella-luna», brilla a la luz de la luna y las estrellas. Es una aleación de mithril y cuarzo verdadero.",
Items::Items.AltarFigurine.Name,Talla de muznâkan de Ori,
Items::Item.Balin.Lore.Name,Diario de Ori,
Items::Item.OrcKey.Name,Llave orca,
Items::Brews.OrcMedicineBrew_Brew.DisplayName,Remedio orco ,
Items::Armor.Stunning.Shield.Name,Escudo ornamental,
Items::Armor.Awesome.Helmet.Description,"Yelmo ornamentado utilizado por el ejército khazâd para vigilar las Puertas del Valle del Arrollo Sombrío. El dragón que las adorna indicaba que los enanos no temían a los dragones, algo que quedó refutado en la Tercera Edad.",
Items::Items.Consumables.OvernightBowl.Name,Tentempié nocturno,
Items::Items.Consumables.Parsnips.Name,Chirivías,
Items::Items.Consumables.Pasties.Name,Empanadillas,
Items::Item.LoreObjectBase.Pickup.Text,Recoger,
Items::Items.Chitin.Description,Trozos del caparazón de insectos. Tienen varias aplicaciones una vez transformados en polvo.,
Items::DT_Runes.RedeyeAntiArmor.ItemPrefix,Daño perforante,
Items::Items.Item.PreciousGem.PinkOpal.Name,Ópalo rosa,
Items::Armor.KhazadGold.Gloves.Description,Protectores de placas para las manos de los enanos. La armadura chapada en oro <Inventory.Regular.White>amzul</> era un obsequio de los padres de clan para recompensar hazañas honorables.,
Items::Armor.KhazadBlack.Gloves.Description,Protectores de placas para las manos de los enanos. El estilo <Inventory.Regular.White>masharuz</> lo llevaban los enanos de luto en misiones de venganza.,
Items::Armor.KhazadWhite.Gloves.Description,"Protectores de placas para las manos de los enanos. Tradicionalmente, los enanos llevaban la pintura <Inventory.Regular.White>shayar</> en los peregrinajes.",
Items::Armor.Khazad.Gloves.Description,"Protectores de placas para las manos de los enanos. En el pasado, se personalizaban en función del arma favorita de su portador.",
Items::Armor.Nogrod.Gloves.Description,Guanteletes de placas de metal que aumentan la resistencia ante los ataques pero causan más vulnerabilidad.,
Items::Armor.NogrodGold.Gloves.Description,Guanteletes de placas de metal que aumentan la fuerza de ataque pero causan más vulnerabilidad. La armadura dorada <Inventory.Regular.White>Amzul</> era otorgada como un gran honor por los padres del clan.,
Items::Armor.NogrodBlack.Gloves.Description,Guanteletes de placas de metal que aumentan la fuerza de ataque pero causan más vulnerabilidad. La moda <Inventory.Regular.White>Masharuz</> era usada por los Enanos afligidos en misiones de venganza.,
Items::Armor.NogrodWhite.Gloves.Description,Guanteletes de placas de metal que aumentan la fuerza de ataque pero causan más vulnerabilidad. La pintura <Inventory.Regular.White>Shayar</> era tradicional para los Enanos en peregrinaciones.,
Items::Consumables.Cheese.Description,Pequeñas ruedas de queso que caben en cualquier bolsillo. Llévate unas cuantas para restaurar un poco de salud.,
Items::Items.Consumables.PoisonMushroom.Name,Seta venenosa,
Items::Items.Consumables.AttackBoost.Name,Âbakh de poder,
Items::Item.BestArrows.Description,Poderosas flechas con una punta de acero khazâd. Límite de 30 flechas.,
Items::Items.PreciousGem.Name,Gemas preciosas,
Items::Tools.Pickaxe.2h.Name,Patrón de cantería,
Items::Items.Item.SemiPreciousGem.Quartz.Name,Cuarzo,
Items::Runes.AntiShadow.Prefix.Name,Radiante,
Items::Items.ClothScraps.Description,Retazos de tela de origen desconocido.,
Items::Armor.Taunting.Shield.Name,Escudo de cabeza de carnero,
Items::Items.StriderPage.Bridge.Name,Página del diario del montaraz,
Items::Items.StriderPage.Crossroads.Name,Página del diario del montaraz,
Items::Items.StriderPage.Dwarrowdelf.Name,Página del diario del montaraz,
Items::Items.StriderPage.Grottos.Name,Página del diario del montaraz,
Items::Items.StriderPage.Name,Página del diario del montaraz,
Items::Items.EntMoss.Description,"Corteza y raíz raras que crecen en un manantial eterno de la artesanía ent. Es demasiado robusta como para apilarla o tallarla, pero se puede usar para la artesanía ent. Sus flores sirven como ingrediente para brebajes. ",
Items::Items.Wood.Description,"Madera recuperada. Sigue siendo útil, a pesar de estar en mal estado.",
Items::Weapons.Battleaxe.Nogrod.Name,Hacha roja de Nogrod,
Items::Items.Item.SemiPreciousGem.RedBeryl.Name,Berilo rojo,
Items::Cosmetics.Origins.RedMountains.Torso.Name,Traje de las Montañas Rojas,
Items::Armor.RedMountains.Starting.Torso.Name,Traje de las Montañas Rojas,
Items::Weapons.Sword.Nogrod.Name,Espada radiante de Nogrod,
Items::Items.Consumables.FreeDodge.Name,Âbakh de reflejos,
Items::Tools.DurinsAxe.PickHammer.Broken.Description,Reforjar en la Gran Fragua de Durin,
Items::Items.Consumables.RefreshingSalad.Name,Ensalada refrescante,
Items::Consumables.Mint.Description,Una hierba refrescante que se usa en la cocina.,
Items::Items.Ores.Resin.Name,Resina,
Items::Items.Consumables.AntiShadowPoison.Name,Âbakh de resolución,
Items::Consumable.Tagine.Description,"Sazona bien la carne y las setas y cocínalas a fuego lento hasta que estén tiernas. Cómelo para restaurar salud, recuperar una gran cantidad de energía y saciarte durante un largo período.",
Items::Items.Trophy.DrakeBones.Description,"Tras llevar a cabo un ritual, se han extraído estos huesos del cuerpo de un dragón para fabricar un trofeo decorativo.",
Items::Consumables.RoastedFruit.Description,Corta manzanas salvajes y ásalas al fuego. Cómelo para restaurar salud.,
Items::Consumables.RoastedCranberries.Description,Asa arándanos rojos al fuego. Cómelos para restaurar el medidor de salud y de comida.,
Items::Items.Consumables.RoastMeat.Name,Carne asada,
Items::Consumable.SmashedCurry.Description,"Asa judías blancas a la parrilla y luego machácalas con especias hasta que queden cremosas. Cómelo para restaurar salud, recuperar energía y saciarte. ",
Items::Consumables.RoastMeat.Description,Asa una chuleta al fuego. Cómelo para restaurar salud.,
Items::Consumables.RoastedParsnips.Description,Asa chirivías enteras al fuego. Cómelo para restaurar salud.,
Items::Items.Consumables.RoastedCranberries.Name,Arándanos rojos asados,
Items::Items.Consumables.RoastedFruit.Name,Fruta asada,
Items::Items.Consumables.RoastedParsnips.Name,Chirivías asadas,
Items::Ores.Rock.DisplayName,Roca,
Items::RohanPack.Armor.Torso.Name,Armadura de Rohan,
Items::RohanPack.Armor.Boots.Name,Botas de Rohan,
Items::RohanPack.Armor.Gloves.Name,Guanteletes de Rohan,
Items::RohanPack.Armor.Helmet.Name,Yelmo de Rohan,
Items::RohanPack.Consumables.RohanMeal.Name,Guiso Yerêg de Rohan,
Items::RohanPack.Armor.Shield.Name,Escudo rohirrim,
Items::RohanPack.Weapons.Spear.Rohan.Name,Lanza rohirrim,
Items::Items.Consumable.RommegrotPudding.Name,Gachas de crema agria,
Items::Item.RopeLadder.Name,Escalera de cuerdas,
Items::Items.Items.RopeVines.Name,Enredaderas de cuerda,
Items::Items.Item.PreciousGem.Ruby.Name,Rubí,
Items::Items.Trophy.OrcSkull.Name,Calavera de Rukhus,
Items::Items.Ores.Salt.Name,Sal,
Items::Items.Consumables.SaltedMeat.Name,Carne salada,
Items::Items.Item.PreciousGem.Sapphire.Name,Zafiro,
Items::Consumable.MushroomPie.Description,"Sofríe las setas y rellena la masa de la tarta. Hornéala hasta que se dore. Cómelo para restaurar salud, recuperar energía y saciarte durante un largo período.",
Items::Consumables.MeatStew.Description,"Sofríe cebollas solares y setas hasta que estén bien pochadas. A continuación, añade la carne y el repollo y deja que se cocinen a fuego lento. Cómelo para restaurar salud, recuperar una gran cantidad de energía y saciarte durante un breve período.",
Items::Items.Items.Scales.Name,Escamas,
Items::Items.Consumable.Scones.Name,Panecillos,
Items::Consumables.Brew.Antidote.Name,Pilsner Limpiatodo,
Items::EpicPacks.AdventurersPack.Small.Name,Mochila de explorador,
Items::Item.FennelSeed.Description,Planta estas semillas para obtener hinojo.,
Items::Item.MintSeed.Description,Planta estas semillas para obtener menta.,
Items::Item.ThymeSeed.Description,Planta estas semillas para obtener tomillo.,
Items::Item.WhiteBeanSeed.Description,Planta estas semillas para obtener judías blancas.,
Items::Items.ChiveSeeds.Description,Planta estas semillas para obtener cebollino.,
Items::Tools.Hammer.Gunmetal.Name,Martillo de shanôr,
Items::Weapons.Battleaxe.Mithril.Broken.Name,Fragmentos de Barôkamlut,
Items::Weapons.Sword.FamousElven.Broken.Name,Fragmentos de Dagamarth,
Items::Weapons.Axe.Mithril.Broken.Name,Fragmentos de Khushnabrak,
Items::Weapons.Halberd.Mithril.Broken.Name,Fragmentos de Lafarnîzîn,
Items::Weapons.Mattock.Mithril.Broken.Name,Fragmentos de Muasgadnûr,
Items::Weapons.Sword.Mithril.Broken.Name,Fragmentos de Rukhnaman,
Items::Weapons.Battlehammer.Mithril.Broken.Name,Fragmentos de Sagrûrisâbun,
Items::Weapons.Spear.AntiDragon.Broken.Name,Fragmentos de Shaz’akhnaman ,
Items::Weapons.Greatsword.Mithril.Broken.Name,Fragmentos de Thanazbad,
Items::Rune.DamageBoost.Prefix.Name,Afilada,
Items::Weapons.Spear.AntiDragon.Name,Shaz’akhnaman ,
Items::Weapons.Shield.TowerShield.Name,Muro de escudos,
Items::Items.Consumable.ShireBreakfast.Name,Desayuno de la Comarca,
Items::Items.Items.SilverIngot.Name,Lingote de plata,
Items::Items.Ores.SilverOre.Name,Mineral de plata,
Items::Consumables.OvernightBowl.Description,"Cocina a fuego lento avena molida y fruta hasta obtener una mezcla cremosa. Cómelo para restaurar salud, recuperar energía y saciarte durante un largo período.",
Items::Armor.Belegost.Gloves.Description,Guanteletes de placas sencillos fabricados con una aleación de <Lore.Italic>shanôr</>.,
Items::Armor.BelegostGold.Gloves.Description,Guanteletes de placas sencillos fabricados con una aleación de <Inventory.Regular.White>shanôr</>. La armadura chapada en oro <Inventory.Regular.White>amzul</> era un obsequio de los padres de clan para recompensar hazañas honorables.,
Items::Armor.BelegostBlack.Gloves.Description,"Guanteletes de placas sencillos, fabricados con una aleación de <Inventory.Regular.White>shanôr</>. El estilo <Inventory.Regular.White>masharuz</> lo llevaban los enanos de luto en misiones de venganza.",
Items::Armor.BelegostWhite.Gloves.Description,"Guanteletes de placas sencillos fabricados con una aleación de <Inventory.Regular.White>shanôr</>. Tradicionalmente, los enanos llevaban la pintura <Inventory.Regular.White>shayar</> en los peregrinajes.",
Items::Tools.Pickaxe.Basic.Name,Pico sencillo,
Items::Item.Arrow.Description,Flechas sencillas con una punta de metal rescatado. Límite de 30 flechas.,
Items::Armor.RedMountains.Starting.Torso.Description,Ropajes sencillos de paño y lana para el solitario reino de los enanos de las Montañas Rojas.,
Items::Items.Trophy.TrollHide.Description,Piel de un enorme trol que se puede usar para construir muebles. ,
Items::EntPack.Armor.Torso.Name,Corteza,
Items::EntPack.Armor.Boots.Name,Botas de Corteza,
Items::EntPack.Armor.Helmet.Name,Corona de Corteza,
Items::EntPack.Armor.Gloves.Name,Guantes de Corteza,
Items::Consumables.DeepHash.Description,"Corta setas del Abismo y saltéalas al fuego con huevos frescos. Cómelo para restaurar salud, recuperar energía y saciarte. ",
Items::Consumables.MushroomScramble.Description,Corta setas y mézclalas con huevos al fuego para preparar un revuelto. Cómelo para restaurar el medidor de salud y de comida.,
Items::Items.HideScraps.Description,Pequeñas tiras de piel recogidas apresuradamente de animales cazados o recuperadas en antiguos talleres de marroquinería.,
Items::Cosmetics.LordOfMoria.Helmet.Description,Pequeña y ceremonial corona de la que hace entrega el rey bajo la montaña al nuevo señor de Moria.,
Items::Consumable.Cranachan.Description,"Machaca avena y luego caliéntala. Mézclale leche y revuélvela hasta que quede cremosa. Por último, añádele fruta y miel por encima. Cómelo para restaurar salud, recuperar una gran cantidad de energía y saciarte durante un largo período.",
Items::Items.Consumable.SmashedCurry.Name,Puré de curry,
Items::RohanPack.Consumables.Brew.RohanBrew.Name,Hidromiel ahumada,
Items::Consumables.DriedMeat.Description,Carne ahumada y seca. Cómelo por el camino para restaurar un poco de salud.,
Items::Beorn.Armor.Boots.Description,Botas suaves que aportan una gran comodidad en las frías noches junto al fogón.,
Items::Armor.Wonderful.Helmet.Description,Algunas formas del estilo enano nacieron a raíz de una apuesta. Al menos esta vino acompañada de un acto heroico. ,
Items::Runes.Ironwood.Prefix.Name,Tallahechizos,
Items::Items.Items.SpiderSilk.Name,Seda de araña,
Items::Armor.SouthernmostFireProof.Helmet.Name,Casco con pinchos,
Items::OrcHunter.Armor.Boots.Description,"Botas de metal con pinchos que llevaban los enanos <Inventory.Regular.White>Ukhnashûn</>, quienes buscan vengarse por todo el mal que se ha hecho a su pueblo.",
Items::Consumables.MeatSkewers.Description,"Unta la carne con miel y luego ásala a la parrilla hasta que se caramelice. Cómelo para restaurar salud, recuperar energía y saciarte. ",
Items::OrcHunter.Armor.Gloves.Description,"Guantes manchados y desgastados de los enanos <Inventory.Regular.White>Ukhnashûn</>, quienes buscan vengarse por todo el mal que se ha hecho a su pueblo.",
Items::Weapons.Axe.Khazad.Description,Hacha reglamentaria del ejército permanente de Khazad-dûm. Cárgala para lanzar un ataque giratorio contra los enemigos cercanos.,
Items::Tools.Hammer.Restoration.Starmetal.Name,Martillo de metal estelar,
Items::Items.Items.StarAlloyIngot.Name,Lingote de metal estelar,
Items::Items.Ores.StarMetalOre.Name,Mineral de metal estelar,
Items::Weapons.Battleaxe.Steel.Name,Hacha de guerra de acero,
Items::Tools.Hammer.Restoration.Steel.Name,Martillo de acero,
Items::Items.Items.SteelIngot.Name,Lingote de acero,
Items::Tools.Pickaxe.Steel.Name,Pico de acero,
Items::Weapons.Sword.Steel.Name,Espada de acero,
Items::Weapons.Axe.Steel.Name,Hacha bélica de acero,
Items::Armor.EreborSteel.Boots.Description,"Botas de piel con forro y puntera de acero. Son comunes entre los enanos viajeros, que a veces deben abrirse camino a patadas para salir de una situación peliaguda.",
Items::Armor.EreborSteelGold.Boots.Description,Botas de piel con forro y puntera de acero. La armadura chapada en oro <Inventory.Regular.White>amzul</> era un obsequio de los padres de clan para recompensar hazañas honorables.,
Items::Armor.EreborSteelBlack.Boots.Description,Botas de piel con forro y puntera de acero. El estilo <Inventory.Regular.White>masharuz</> lo llevaban los enanos de luto en misiones de venganza.,
Items::Armor.EreborSteelWhite.Boots.Description,"Botas de piel con forro y puntera de acero. Tradicionalmente, los enanos llevaban la pintura <Inventory.Regular.White>shayar</> en los peregrinajes.",
Items::EntPack.Consumables.Brew.EntBrew.Description,Esta cerveza se consigue pisando las flores de la madera ent. Aumenta la reducción de daño.,
Items::Items.Items.SterlingIngot.Name,Lingote de plata de ley,
Items::Consumables.MushroomStew.Description,Guisa setas al fuego hasta que queden tiernas y aromáticas. Cómelo para restaurar salud.,
Items::Items.Items.Stone.Name,Piedra,
Items::Items.AncientWood.Description,Una variedad de madera fúngica robusta del Abismo Inferior cuya existencia se consideraba una leyenda. ,
Items::Consumable.BangersAndMash.Description,"Rellena con carne una piel fina en forma de tubo y séllala. Mientras tanto, hierve patatas y haz un puré. Sírvelo todo junto para restaurar salud, recuperar energía y saciarte durante un largo período.",
Items::Items.Consumables.StuffedMushrooms.Name,Setas rellenas,
Items::Items.Ores.SunStone.Name,Piedra solar,
Items::Ores.SunStone.DisplayName,Piedra solar,
Items::Items.Consumables.Sunion.Name,Cebolla solar,
Items::Items.Items.QuietMoss.Name,Musgo encharcado,
Items::Item.OilyPeatMoss.Description,Seta de los pantanos que tiende a arder y puede utilizarse como combustible.,
Items::Consumables.CaveHoney.Description,"Dulce y pegajosa, una delicia típica de las montañas. ",
Items::Items.Consumables.FreeSprint.Name,Âbakh de presteza,
Items::Item.ElvenArrows.Description,Flechas rápidas y elegantes fabricadas con madera élfica y con punta de Bronce. Límite de 30 flechas.,
Items::Items.QualityArrows.Description,Flechas rápidas y elegantes fabricadas con madera élfica. ,
Items::Items.Consumable.Tagine.Name,Tajín,
Items::Items.AltarFigurine.Name.Telchar,Talla de muznâkan de Telchar,
Items::Weapons.Mattock.Mithril.Description,"La Destructora de Armaduras, una maza legendaria fabricada con mithril.",
Items::Weapons.Sword.Mithril.Description,"El Flagelo de Orcos, una espada legendaria fabricada con mithril. ",
Items::Weapons.Axe.Mithril.Description,"La Cuchilla del Miedo, un hacha bélica legendaria fabricada con mithril.",
Items::Weapons.Battlehammer.Mithril.Description,"El Martillo del Abismo, un martillo de guerra legendario fabricado con mithril.",
Items::Item.Khazadstone.Description,La piedra khazâd traerá el re-despertar de Durin.,
Items::Weapons.Greatsword.Mithril.Description,"La Hoja del Señor, una espada grande de mithril diseñada por los herreros de Erebor como obsequio del rey para el señor de Moria.",
Items::Armor.Nogrod.Shield.Description,"Los herreros de Nogrod son conocidos por su habilidad para forjar armas, a pesar de que sus escudos son de una excepcional belleza.",
Items::Tools.DurinsAxe.PickHammer.Broken.Name,Los fragmentos del hacha de Durin,
Items::Weapons.Halberd.Mithril.Description,"La Vista Amplia, una alabarda legendaria fabricada con mithril.",
Items::Armor.Belegost.Shield.Descrption,"Con sus franjas en aleación de <Inventory.Regular.White>shanôr</>, este escudo mejorado parece sacado directamente de la Primera Edad.",
Items::Items.StatueCrown.Description,"La corona de una estatua de Durin V, robada por el Rey Troll. ",
Items::Items.QualityWood.Description,La madera de crecimiento rápido de los bosques élficos.,
Items::Items.BronzeIngot.Description,"El metal favorito de los elfos artesanos. Es un material excelente para fabricar armas, herramientas e incluso edificios. Se trata de una aleación de estaño y cobre.",
Items::Items.Stone.Description,La base de muchos edificios y confecciones.,
Items::Items.Adamant.Description,La piedra inmortal de los altos salones de Khazad-dûm.,
Items::Items.IronIngot.Description,El metal que constituye la base del trabajo de los enanos. Es el primer ingrediente de muchas recetas.,
Items::Items.PurifiedDarkIngot.Description,El metal sagrado de Durin I. Se obtiene al purificar la escoria de Gundabad de su corrupción.,
Items::Weapon.ElvenLongbow.Description,"Gracias a la habilidad de los elfos para fabricar arcos, esta arma está adaptada al tamaño de los enanos y tiene un alcance mayor que un arco corto tradicional.",
Items::Tools.DurinsAxe.PickHammer.Description,"La herramienta del mismísimo Durin, el Inmortal, capaz de realizar hasta las extracciones mineras más complejas. Aleja las sombras y puede romper cualquier material de Moria. Ni siquiera la roca maldita se le resiste. Solo puedes llevar una obra maestra a la vez.",
Items::Consumables.MountainPotato.Description,Estas patatas crecen hasta alcanzar el tamaño de un canto rodado.,
Items::Consumable.HelmFriedMeatandChips.Description,"Corta patata de montaña en rodajas finas. Calienta un yelmo que no se esté usando al fuego hasta que chisporrotee. Fríe las patatas hasta que queden crujientes. Cómelo para restaurar salud, recuperar energía y saciarte. ",
Items::Items.RemedyIngredient.Description,Un <Inventory.Regular.White>âbakh</> dañado por el paso del tiempo o por las fechorías de los orcos. Se puede usar para fabricar uno nuevo en el banco de trabajo.,
Items::Tools.Pickaxe.FirstAge.Description,"Este pico tiene runas grabadas con diamante negro que le otorgan el poder de extraer desde las rocas más difíciles hasta los minerales más frágiles y valiosos, como la plata. ",
Items::Consumables.Brew.Antidote.Description,"Este brebaje artesano, de sabor fresco y ácido, purifica de la cabeza a los pies a aquellos que la beben. Previene y cura el envenenamiento.",
Items::Items.NogrodSteelIngot.Description,"Los herreros enanos de Nogrod inventaron esta aleación damasquina de hierro, cuarzo verdadero y piedra solar en la Primera Edad. Brilla con la luz del sol y la luna. ",
Items::Armor.EreborSteel.Helmet.Description,"Los enanos de la estimada Compañía de la Guardia, los vigilantes de la Montaña Solitaria, usaban este diseño.",
Items::Armor.Grand.Helmet.Description,Este gorro resulta útil cuando los enanos se desvían para hacer una pequeña parada en la Comarca a fin de reponer sus reservas de hierbas.,
Items::Consumables.Brew.Stamina.Description,Esta cerveza con un potente sabor a lúpulo le da un pequeño empujón a quien la bebe. Aumenta la resistencia máxima y la regeneración de resistencia.,
Items::Armor.Khazad.Torso.Description,Esta impresionante armadura de placas festoneadas es la que usaron los solados de Khazad-dûm en la Tercera Edad.,
Items::Armor.KhazadGold.Torso.Description,Una impresionante armadura de placas festoneadas. La armadura chapada en oro <Inventory.Regular.White>amzul</> era un obsequio de los padres de clan para recompensar hazañas honorables.,
Items::Armor.KhazadBlack.Torso.Description,Una impresionante armadura de placas festoneadas. El estilo <Inventory.Regular.White>masharuz</> lo llevaban los enanos de luto en misiones de venganza.,
Items::Armor.KhazadWhite.Torso.Description,"Una impresionante armadura de placas festoneadas. Tradicionalmente, los enanos llevaban la pintura <Inventory.Regular.White>shayar</> en los peregrinajes.",
Items::Container.Keg.Description,"Este barril, una maravilla de la ingeniería enana, permite transportar cerveza sin esfuerzo durante los viajes sin notar su peso. Solo puedes llevar una obra maestra a la vez.",
Items::Items.HeavyCarryWrapper.Description,Este objeto es tan pesado que incluso un enano necesita usar ambas manos para sostenerlo. ,
Items::Armor.EntPack.Armor.Shield.Description,Este escudo combina madera y metal como solo la unión entre enanos y ents podría haber hecho realidad.,
Items::Items.QuietMoss.Description,Esta pequeña planta puede usarse en una gran variedad de preparaciones alquímicas. ,
Items::Armor.Classic.Helmet.Description,Los enanos utilizaron este diseño de acero en la Guerra de la Última Alianza. Recibía el nombre de Rompetrasgos por las veces que se utilizó para partirles la cabeza a esos seres en Orodruin. ,
Items::Armor.Stunning.Shield.Descriptio,Este resistente escudo de metal lleva los diseños de un largo linaje de enanos artesanos extinguido muchos años atrás.,
Items::RohanPack.Armor.Shield.Description,"Este estilo de escudo anillado se encontraba entre los presentes obsequiados a los nuevos aliados enanos de Rohan, que se asentaron en las Montañas Blancas tras el Abismo de Helm.",
Items::HolidayPack.Consumables.Cookies.Description,"Esta galleta es densa, empalagosa y duradera…, demasiado, de hecho. Suele ofrecerse como regalo en gran cantidad de ocasiones.",
Items::Consumable.VeggieSkewers.Description,"Ensarta setas y cebollas solares en un palo y cocínalas al fuego, girando el palo de vez en cuando. Cómelo para restaurar salud, recuperar energía y saciarte durante un breve período.",
Items::Items.NaturalFiber.Description,"Material semejante a un hilo, como la seda de araña o las enredaderas de cuerda, que se usa para construir escaleras de cuerdas. ",
Items::Runes.Thunder.Prefix.Name,Golpe de trueno,
Items::Items.Consumables.Thyme.Name,Tomillo,
Items::Items.Item.ThymeSeed.Name,Semilla de tomillo,
Items::Items.Ores.TinOre.Name,Mineral de estaño,
Items::Items.Item.PreciousGem.Topaz.Name,Topacio,
Items::Tools.Torch.Name,Antorcha,
Items::Tools.CrystalTorch.Description,Antorcha de cuarzo verdadero con runas de poder grabadas. Nunca se apaga. Solo puedes llevar una obra maestra a la vez.,
Items::BeornPack.Consumables.BeornMeal.Description,"La tradición dicta que siempre se deben preparar dos porciones, aún en solitario. Coloca sobras de carne asada, raciones y delicias horneadas en un mismo plato para rendir homenaje a la hospitalidad de Beorn. Pero, oye, ¡no les digas a los demás enanos que él no comía carne!",
Items::Armor.Stunning.Helmet.Name,Gorro de trampero,
Items::Items.Trophy.TrollHide.Name,Piel de trol,
Items::Items.Ores.MoonStone.Name,Cuarzo verdadero,
Items::Items.MushroomTreeCutting.Name,Esqueje de ubâsam,
Items::Farming.FungalTree.Name,Árbol de Ubâsam,
Items::Items.Items.AncientWood.Name,Madera de Ubâsam,
Items::Weapon.ShortBow.Description,"Los enanos de las Montañas Azules, que no están acostumbrados a sobrevivir sin carne ni siquiera en viajes largos, llevan consigo este arco corto. ",
Items::Tools.Hammer.Gunmetal.Description,Herramienta mejorada que reconstruye estatuas complejas y restaura edificios dañados más rápido. Se necesita para reconstruir las escaleras orientales.,
Items::Armor.Amazing.Shield.Broken.Description,Usa la forja de reparación para arreglar este objeto.,
Items::Armor.Awesome.Shield.Broken.Description,Usa la forja de reparación para arreglar este objeto.,
Items::Armor.BalinsCompany.Shield.Broken.Description,Usa la forja de reparación para arreglar este objeto.,
Items::Armor.Belegost.Shield.Broken.Descrption,Usa la forja de reparación para arreglar este objeto.,
Items::Armor.Durin.Shield.Broken.Description,Usa la forja de reparación para arreglar este objeto.,
Items::Armor.EntPack.Armor.Shield.Broken.Description,Usa la forja de reparación para arreglar este objeto.,
Items::Armor.EregionElf.Shield.Broken.Descrption,Usa la forja de reparación para arreglar este objeto.,
Items::Armor.Grand.Shield.Broken.Description,Usa la forja de reparación para arreglar este objeto.,
Items::Armor.IronHills.Shield.Broken.Descrption,Usa la forja de reparación para arreglar este objeto.,
Items::Armor.Mithril.Shield.Broken.Description,Usa la forja de reparación para arreglar este objeto.,
Items::Armor.Nogrod.Shield.Broken.Description,Usa la forja de reparación para arreglar este objeto.,
Items::Armor.Oakenshield.Shield.Broken.Description,Usa la forja de reparación para arreglar este objeto.,
Items::Armor.Stunning.Shield.Broken.Description,Usa la forja de reparación para arreglar este objeto.,
Items::Armor.Taunting.Shield.Broken.Description,Usa la forja de reparación para arreglar este objeto.,
Items::Armor.Wonderful.Shield.Broken.Description,Usa la forja de reparación para arreglar este objeto.,
Items::RohanPack.Armor.Shield.Broken.Description,Usa la forja de reparación para arreglar este objeto.,
Items::Tools.Hammer.Adamant.Broken.Description,Usa la forja de reparación para arreglar este objeto.,
Items::Tools.Hammer.Gunmetal.Broken.Description,Usa la forja de reparación para arreglar este objeto.,
Items::Tools.Hammer.Restoration.Iron.Broken.Description,Usa la forja de reparación para arreglar este objeto.,
Items::Tools.Hammer.Restoration.Starmetal.Broken.Description,Usa la forja de reparación para arreglar este objeto.,
Items::Tools.Hammer.Restoration.Steel.Broken.Description,Usa la forja de reparación para arreglar este objeto.,
Items::Tools.Pickaxe.2H.Broken.Description,Usa la forja de reparación para arreglar este objeto.,
Items::Tools.Pickaxe.Basic.Broken.Description,Usa la forja de reparación para arreglar este objeto.,
Items::Tools.Pickaxe.FirstAge.Broken.Description,Usa la forja de reparación para arreglar este objeto.,
Items::Tools.Pickaxe.Ironwood.Broken.Description,Usa la forja de reparación para arreglar este objeto.,
Items::Tools.Pickaxe.Steel.Broken.Description,Usa la forja de reparación para arreglar este objeto.,
Items::Weapon.BrokenCrossbow.Description,Usa la forja de reparación para arreglar este objeto.,
Items::Weapons.Axe.Belegost.Broken.Description,Usa la forja de reparación para arreglar este objeto.,
Items::Weapons.Axe.Improvised.Broken.Description,Usa la forja de reparación para arreglar este objeto.,
Items::Weapons.Axe.Iron.Broken.Description,Usa la forja de reparación para arreglar este objeto.,
Items::Weapons.Axe.Khazad.Broken.Description,Usa la forja de reparación para arreglar este objeto.,
Items::Weapons.Axe.Mithril.Broken.Description,Usa la forja de reparación para arreglar este objeto.,
Items::Weapons.Axe.Steel.Broken.Description,Usa la forja de reparación para arreglar este objeto.,
Items::Weapons.Battleaxe.FirstAge.Broken.Description,Usa la forja de reparación para arreglar este objeto.,
Items::Weapons.Battleaxe.Mithril.Broken.Description,Usa la forja de reparación para arreglar este objeto.,
Items::Weapons.Battleaxe.Nogrod.Broken.Description,Usa la forja de reparación para arreglar este objeto.,
Items::Weapons.Battleaxe.Steel.Broken.Description,Usa la forja de reparación para arreglar este objeto.,
Items::Weapons.Greatsword.FirstAge.Broken.Description,Usa la forja de reparación para arreglar este objeto.,
Items::Weapons.Greatsword.Khazad.Broken.Description,Usa la forja de reparación para arreglar este objeto.,
Items::Weapons.Greatsword.Mithril.Broken.Description,Usa la forja de reparación para arreglar este objeto.,
Items::Weapons.Halberd.Belegost.Broken.Description,Usa la forja de reparación para arreglar este objeto.,
Items::Weapons.Halberd.Khazad.Broken.Description,Usa la forja de reparación para arreglar este objeto.,
Items::Weapons.Halberd.Mithril.Broken.Description,Usa la forja de reparación para arreglar este objeto.,
Items::Weapons.Hammer.Khazad.Broken.Description,Usa la forja de reparación para arreglar este objeto.,
Items::Weapons.Mattock.Bronze.Broken.Description,Usa la forja de reparación para arreglar este objeto.,
Items::Weapons.Mattock.Khazad.Broken.Description,Usa la forja de reparación para arreglar este objeto.,
Items::Weapons.Mattock.Mithril.Broken.Description,Usa la forja de reparación para arreglar este objeto.,
Items::Weapons.Shield.TowerShield.Broken.Descrption,Usa la forja de reparación para arreglar este objeto.,
Items::Weapons.ShortBow.Broken.Descrption,Usa la forja de reparación para arreglar este objeto.,
Items::Weapons.Spear.AntiDragon.Broken.Descrption,Usa la forja de reparación para arreglar este objeto.,
Items::Weapons.Spear.Elven.Broken.Description,Usa la forja de reparación para arreglar este objeto.,
Items::Weapons.Spear.Iron.Broken.Description,Usa la forja de reparación para arreglar este objeto.,
Items::Weapons.Spear.Khazad.Broken.Description,Usa la forja de reparación para arreglar este objeto.,
Items::Weapons.Spear.Mithril.Broken.Description,Usa la forja de reparación para arreglar este objeto.,
Items::Weapons.Sword.FamousElven.Broken.Descrption,Usa la forja de reparación para arreglar este objeto.,
Items::Weapons.Sword.FirstAge.Broken.Description,Usa la forja de reparación para arreglar este objeto.,
Items::Weapons.Sword.Greenbeard.Broken.Description,Usa la forja de reparación para arreglar este objeto.,
Items::Weapons.Sword.Iron.Broken.Description,Usa la forja de reparación para arreglar este objeto.,
Items::Weapons.Sword.Mithril.Broken.Description,Usa la forja de reparación para arreglar este objeto.,
Items::Weapons.Sword.Nogrod.Broken.Description,Usa la forja de reparación para arreglar este objeto.,
Items::Weapons.Sword.Steel.Broken.Description,Usa la forja de reparación para arreglar este objeto.,
Items::Items.Consumables.AntiPoison.Description,Usa este <Inventory.Regular.White>âbakh</> para eliminar los efectos del veneno. Reduce el modificador de efectos de veneno y aumenta la tasa de recuperación del veneno.,
Items::Items.Consumables.FreeDodge.Description,Usa este <Inventory.Regular.White>âbakh</> para esquivar sin consumir resistencia durante un breve período.,
Items::Items.Consumables.OrcTemper.Description,"Usa este <Inventory.Regular.White>âbakh</> para montar en cólera durante un breve período. Aumenta la efectividad de la armadura, el poder de ataque y la resistencia, pero resta salud con el tiempo.",
Items::Items.Consumables.AntiShadowPoison.Description,Usa este <Inventory.Regular.White>âbakh</> para contener los efectos de la maldición de la sombra. Reduce el modificador de efectos de la maldición de la sombra y aumenta la tasa de recuperación de la maldición de la sombra.,
Items::Items.Consumables.DefenseBoost.Description,Usa este <Inventory.Regular.White>âbakh</> para aumentar la efectividad de la armadura durante un breve período.,
Items::Items.Consumables.AttackBoost.Description,Usa este <Inventory.Regular.White>âbakh</> para aumentar el poder de ataque durante un breve período.,
Items::Items.Consumables.StaminaBoost.Description,Usa este <Inventory.Regular.White>âbakh</> para aumentar la resistencia durante un breve período.,
Items::Items.Consumables.FreeSprint.Description,Usa este <Inventory.Regular.White>âbakh</> para correr sin consumir resistencia durante un breve período.,
Items::Items.ScrapMetal.Description,Restos útiles aunque insignificantes de metal antiguo. Pueden refundirse para trabajos básicos de fabricación de objetos.,
Items::Armor.Mithril.Gloves.Description,"Gracias a su particular malla de anillos largos, estos guantes de brazo entero son capaces de repeler las hojas mejor que la mayoría de los escudos. ",
Items::Weapons.Spear.Elven.Description,"La punta de esta lanza, única entre el arsenal de los enanos, ha sido fabricada con una técnica élfica. Es muy eficaz para atacar rápidamente a un único objetivo. Cárgala para ejecutar una pesada estocada hacia delante. ",
Items::Weapons.Shield.TowerShield.Descrption,"Con este escudo en torre, un solo enano puede defender a todo un grupo de un ataque. Solo puedes llevar una obra maestra a la vez.",
Items::Container.Keg.Name,Barril ambulante,
Items::Items.Consumables.DefenseBoost.Name,Âbakh de protección,
Items::Items.Trophy.WargPelt.Name,Piel de huargo,
Items::Beorn.Armor.Helmet.Description,Sombrero cálido inspirado en el estilo que llevaban los hombres del valle de Anduin.,
Items::OrcHunter.Armor.Helmet.Description,"Cuando los enanos <Inventory.Regular.White>Ukhnashûn</> salen del sigilo y pasan a la acción, este yelmo los ayuda a sembrar el miedo en el corazón del mal al que dan caza.",
Items::Consumable.RommegrotPudding.Description,"Bate leche hasta obtener una crema espesa y, a continuación, caliéntala hasta que adquiera un sabor ácido. Hiérvela con miel y menta y luego deja que se cocine a fuego lento, removiéndola con frecuencia. Cómelo para restaurar salud, recuperar una gran cantidad de energía y saciarte durante un largo período.",
Items::Consumables.KingsFingers.Description,"Mezcla huevos, miel y avena y bátelos. Fríe la mezcla en una sartén hasta que quede dorada y luego enróllala. Cómelo para restaurar salud, recuperar una gran cantidad de energía y saciarte durante un largo período.",
Items::Runes.Whisperwood.Prefix.Name,Madera susurrante,
Items::Items.Item.WhiteBeanSeed.Name,Semilla de judías blancas,
Items::Items.Consumables.WhiteBeans.Name,Judías blancas,
Items::Armor.Stunning.Helmet.Description,"Con las dos orejeras levantadas, este gorro no pasa desapercibido. ",
Items::Armor.Wonderful.Helmet.Name,Gorro de piel de lobo,
Items::Tools.ThrowTorch.Name,Antorcha de madera,
Items::Items.Items.Wood.Name,Restos de madera,
Items::Armor.SouthernmostFireProof.Helmet.Description,"El elemento más destacado de este yelmo, que usan los enanos de las Montañas Costeras, es más estético que funcional.",
Items::Armor.Taunting.Helmet.Description,Lo llevan las tropas de infantería pesada que cargan contra las líneas enemigas con las manos desnudas y a pecho descubierto. Llama la atención y obliga a los enemigos cercanos a atacar a su portador.,
Items::Armor.EreborSteelGold.Helmet.Description,Lo lleva la Compañía de la Guardia. La armadura chapada en oro <Inventory.Regular.White>amzul</> era un obsequio de los padres de clan para recompensar hazañas honorables.,
Items::Armor.EreborSteelBlack.Helmet.Description,Lo lleva la Compañía de la Guardia. El estilo <Inventory.Regular.White>masharuz</> lo llevaban los enanos de luto en misiones de venganza.,
Items::Armor.EreborSteelWhite.Helmet.Description,"Lo lleva la Compañía de la Guardia. Tradicionalmente, los enanos llevaban la pintura <Inventory.Regular.White>shayar</> en los peregrinajes.",
Items::Armor.DurinGold.Torso.Description,"Esta armadura, usada por la guardia personal del rey, protege contra la sombra. La armadura chapada en oro <Inventory.Regular.White>amzul</> era un obsequio de los padres de clan para recompensar hazañas honorables.",
Items::Armor.DurinBlack.Torso.Description,"Esta armadura, usada por la guardia personal del rey, protege contra la sombra. El estilo <Inventory.Regular.White>masharuz</> lo llevaban los enanos de luto en misiones de venganza. ",
Items::Armor.DurinWhite.Torso.Description,"Esta armadura, usada por la guardia personal del rey, protege contra la sombra. Tradicionalmente, los enanos llevaban la pintura <Inventory.Regular.White>shayar</> en los peregrinajes.",
Items::Armor.Durin.Torso.Description,"Esta armadura, utilizada por la guardia personal del rey, protege contra la sombra. Fue una pieza clave para la victoria de Durin.",
Items::Item.OldRing.Name,Anillo viejo y desgastado.,
Items::RohanPack.Consumables.RohanMeal.Description,"Envuelve carne y otros ingredientes en las hojas húmedas de ballico perenne y luego ásalas lentamente sobre las brasas de una hoguera, al estilo tradicional de Rohan.",
Items::Consumables.Brew.AntiDarkness.Description,Esta cerveza refrescante y con sabor a levadura le otorga a quien la bebe una luz interior. Previene y cura la desesperación de la sombra y la oscuridad.,
Items::HolidayPack.Consumables.Cookies.Name,Tarta de fruta de Yuletide,
Items::HolidayPack.Consumables.Meal.Name,Banquete de Yuletide,
Items::Tools.CrystalTorch.Name,Antorcha Zarôk,
PlayerStats::Stat.DamageResist.AntiArmor,Ruptura de la armadura,
PlayerStats::Stat.Combat.DamageReduction,Efectividad de la armadura,
PlayerStats::Stat.Combat.DamageProtection,Protección de la armadura,
PlayerStats::Stat.Combat.AttackBonus,Bonificación de ataque,
PlayerStats::Stat.Modifiers.AttackEnergy,Coste de energía al atacar,
PlayerStats::Stat.Combat.AttackPower,Poder de ataque,
PlayerStats::Stat.Modifiers.AttackStamina,Coste de resistencia al atacar,
PlayerStats::Stat.DamageResist.Bludgeon,Contundencia,
PlayerStats::Stat.Modifiers.BuildRepairEnergy,Coste de energía al construir,
PlayerStats::Stat.Modifiers.BuildRepairStamina,Coste de resistencia al construir,
PlayerStats::Heading.Combat,COMBATE,
PlayerStats::Stat.Combat.ChargeAttackDamage,Daño de ataque cargado,
PlayerStats::Stat.Combat.ChargeAttackStamina,Coste de resistencia por ataque cargado,
PlayerStats::Stat.Survival.MovementSoundMultiplier,Estruendo,
PlayerStats::Stat.Modifier.ClimbingEnergy,Coste de energía al escalar,
PlayerStats::Stat.Modifier.ClimbingStamina,Coste de resistencia al escalar,
PlayerStats::Stat.DamageResist.Cold,Frío,
PlayerStats::Stat.DamageResist.Corrosive,Corrosión,
PlayerStats::Stat.Combat.CriticalChance,Probabilidad de golpe crítico,
PlayerStats::Stat.Survival.CurrentHunger,Hambre actual,
PlayerStats::Heading.DamageResist,RESISTENCIA A DAÑOS,
PlayerStats::Stat.Survival.Awareness,Nivel de peligro,
PlayerStats::Stat.Modifier.DodgeEnergy,Coste de energía al evadir,
PlayerStats::Stat.Modifier.DodgeStaminaCost,Coste de resistencia al evadir,
PlayerStats::Stat.Survival.EnemyDropRate,Tasa de aparición de botín,
PlayerStats::Heading.EnergyStaminaModifiers,ENERGÍA Y RESISTENCIA,
PlayerStats::Stat.Survival.Energy.CostModifier,Modificador del coste de energía,
PlayerStats::Stat.Survival.Energy.RechargeRate,Tasa de recarga de energía,
PlayerStats::Stat.Survival.FallResist,Caída,
PlayerStats::Stat.Combat.FallAttackDamage,Daño de ataque en picado,
PlayerStats::Stat.DamageResist.Fire,Fuego,
PlayerStats::Stat.Modifiers.FreeRecipeChance,Oportunidad de construcción gratuita,
PlayerStats::Stat.Survival.HungerRechargeRate,Tasa de recarga de hambre,
PlayerStats::Stat.Survival.FaunaSpawnRate,Tasa de aparición de presas,
PlayerStats::Stat.Combat.JumpAttackDamage,Daño de ataque con salto,
PlayerStats::Stat.DamageResist.Light,Luz,
PlayerStats::Stat.Survival.Luminance,Luminosidad,
PlayerStats::Stat.Combat.MaxArmor,Armadura máxima,
PlayerStats::Stat.Survival.MaxEnergy,Energía máxima,
PlayerStats::Stat.Survival.MaxHealth,Salud máxima,
PlayerStats::Stat.Survival.MaxStamina,Resistencia máxima,
PlayerStats::Stat.Modifiers.MiningEnergyCost,Coste de energía al excavar,
PlayerStats::Stat.Survival.OreDropRate,Tasa de aparición de minerales,
PlayerStats::Stat.Modifiers.MiningStamina,Coste de resistencia al excavar,
PlayerStats::Stat.Survival.MoveSpeed,Velocidad de movimiento,
PlayerStats::Stat.DamageResist.AntiOrc,Orco,
PlayerStats::Stat.DamageResist.Piercing,Daño perforante,
PlayerStats::Stat.DamageResist.Poison,Veneno,
PlayerStats::Stat.Survival.PoisonBuildupRate,Modificador de efectos de veneno,
PlayerStats::Stat.Survival.PoisonRecoveryRate,Tasa de recuperación del veneno,
PlayerStats::Stat.Combat.RangedAttackBonus,Bonificación de ataque a distancia,
PlayerStats::Stat.Combat.RangedAttack,Poder de las armas a distancia,
PlayerStats::Stat.Modifiers.RestoreEnergy,Coste de recuperación de energía,
PlayerStats::Stat.Survival.RestorationPower,Habilidad de restauración,
PlayerStats::Stat.Modifier.RestorationStaminaCost,Coste de recuperación de resistencia,
PlayerStats::Stat.Modifiers.RestoreStamina,Coste de recuperación de resistencia,
PlayerStats::Heading.StatusEffects,EFECTOS DE ESTADO,
PlayerStats::Heading.Survival,SUPERVIVENCIA,
PlayerStats::Stat.DamageResist.Shadow,Sombra,
PlayerStats::Stat.Survival.ShadowPoisonBuildupRate,Modificador de efectos de sombra,
PlayerStats::Stat.Survival.ShadowPoisonRecoverRate,Tasa de recuperación del veneno de la sombra,
PlayerStats::Stat.DamageResist.Slashing,Daño cortante,
PlayerStats::Stat.Modifiers.SpecialAttackEnergy,Coste de energía del ataque especial,
PlayerStats::Stat.Modifiers.SpecialAttackStamina,Coste de resistencia del ataque especial,
PlayerStats::Stat.Modifiers.SprintEnergy,Coste de energía al esprintar,
PlayerStats::Stat.Survival.SprintSpeed,Velocidad de esprint,
PlayerStats::Stat.Modifiers.SprintStamina,Coste de resistencia al esprintar,
PlayerStats::Stat.Survival.Stamina.CostModifier,Modificador de costo de resistencia,
PlayerStats::Stat.Survival.StaminaRechargeRate,Tasa de recarga de resistencia,
PlayerStats::Stat.Survival.Taunt,Provocación,
PlayerStats::Stat.Combat.UnarmedAttackPower,Poder de ataque sin armas,
PlayerStats::Stat.Combat.WeaponPower,Poder del arma,
ST_AiCharacters::BP_Monster_Bat,Murciélago,
ST_AiCharacters::BP_Fauna_Bear,Oso cavernario,
ST_AiCharacters::BP_Spider_Cave,Araña cavernaria,
ST_AiCharacters::BP_Bat_Cavern,Murciélago cavernario,
ST_AiCharacters::BP_Drake_Base,Dragoncillo,
ST_AiCharacters::BP_Monster_Dragon,Bestia alada,
ST_AiCharacters::BP_Goblin_Base,Trasgo,
ST_AiCharacters::BP_Uruk_GoblinMan,Hombre bestial,
ST_AiCharacters::BP_Monster_Spider,Gran araña,
ST_AiCharacters::BP_Uruk_Bolgahk_OrcMenace,Voz áspera,
ST_AiCharacters::BP_Worm,Gusano de hielo,
ST_AiCharacters::BP_Monster_Moth,Polilla,
ST_AiCharacters::BP_Fauna_Goat,Cabra montañesa,
ST_AiCharacters::BP_Bear_Nameless,Sin nombre,
ST_AiCharacters::BP_Orc_Base,Orco,
ST_AiCharacters::BP_Fauna_NakedRat,Rata tapa,
ST_AiCharacters::BP_Spider_Tiny,Arañita,
ST_AiCharacters::BP_Troll_TrollKing,El Rey Troll,
ST_AiCharacters::BP_Monster_Watcher,El Guardián del Agua,
ST_AiCharacters::BP_Orc_OrcLeader,Jefe de guerra,
ST_AiCharacters::BP_Wolf_Warg,Huargo,
ST_AiCharacters::BP_Wolf_GiantWarg,Huargo Demoníaco,
ST_AiCharacters::BP_Monster_Wolf,Lobo,
ST_CinematicSubtitles::Subtitle.Cine4.01,¡Un enano atravesando tales puertas! ¡Qué regalo para los ojos!,
ST_CinematicSubtitles::Subtitle.StartCinematic.06,"A lo largo de toda la Tierra Media, excavamos y picamos en busca de riquezas,",
ST_CinematicSubtitles::Subtitle.Cine3.14,"Ay, puede que no esté aquí cuando Durin regrese...",
ST_CinematicSubtitles::Subtitle.Cine3.11,El tío Balin pensó en todo momento que era un buen arma.,
ST_CinematicSubtitles::Subtitle.StartCinematic.15,"Y Durin, Durin el Inmortal, aún no ha regresado.",
ST_CinematicSubtitles::Subtitle.Cine3.12,¿Y una dragona?,
ST_CinematicSubtitles::Subtitle.Cine3.24,Y que la suerte de los enanos siempre te acompañe.,
ST_CinematicSubtitles::Subtitle.StartCinematic.10,"Y a través de las edades, cuando la oscuridad amenazaba con cernirse sobre nuestro reino,",
ST_CinematicSubtitles::Subtitle.Cine2.09,¿Ha habido suerte?,
ST_CinematicSubtitles::Subtitle.Cine3.04,"Al fin, Durin podrá despertar",
ST_CinematicSubtitles::Subtitle.StartCinematic.20,"Traed vuestras hachas y herramientas,",
ST_CinematicSubtitles::Subtitle.Cine3.20,"Pero tu historia no acaba aquí, ¡claro que no!",
ST_CinematicSubtitles::Subtitle.Cine2.29,¡Venga! ¡Ayudadle!,
ST_CinematicSubtitles::Subtitle.StartCinematic.19,"Venga, avancemos juntos.",
ST_CinematicSubtitles::Subtitle.Cine3.08,"Primo Gimli, ¡tenías razón! Al menos esta vez.",
ST_CinematicSubtitles::Subtitle.StartCinematic.05,Lejos de nuestro verdadero hogar.,
ST_CinematicSubtitles::Subtitle.Cine2.01,A pesar de la objeción del rey bajo la montaña.,
ST_CinematicSubtitles::Subtitle.Cine2.11,¿Has intentado hacerlo en son de paz?,
ST_CinematicSubtitles::Subtitle.StartCinematic.09,Durin la construyó antes del primer amanecer.,
ST_CinematicSubtitles::Subtitle.Cine2.19,"Durin no está aquí, ¡tenemos que hacerlo por nosotros mismos!",
ST_CinematicSubtitles::Subtitle.Cine2.00,Enanos de todos los clanes han respondido a tu llamada.,
ST_CinematicSubtitles::Speaker.Dwarf1,Emisario de Erebor,
ST_CinematicSubtitles::Subtitle.Cine2.04,Todos los intentos hasta la fecha han sido en vano.,
ST_CinematicSubtitles::Subtitle.Cine3.23,Adiós.,
ST_CinematicSubtitles::Subtitle.Cine2.14,¡Por fin!,
ST_CinematicSubtitles::Subtitle.StartCinematic.11,¡despertó para volver a liderarnos!,
ST_CinematicSubtitles::Subtitle.Cine3.15,"He hecho alguna que otra promesa, ¿sabes?",
ST_CinematicSubtitles::Subtitle.StartCinematic.17,¡Pero yo digo que no debemos seguir esperando!,
ST_CinematicSubtitles::Subtitle.Cine2.17,"Si yo fuera tú, me echaría para atrás.",
ST_CinematicSubtitles::Subtitle.Cine2.03,"Si el rey quiere detenernos, tendrá que venir a hacerlo en persona.",
ST_CinematicSubtitles::Subtitle.Cine2.16,¿Eso ha sido un estallido?,
ST_CinematicSubtitles::Subtitle.StartCinematic.18,Es hora de partir desde las montañas.,
ST_CinematicSubtitles::Subtitle.StartCinematic.22,"¡Es hora de que nosotros,",
ST_CinematicSubtitles::Subtitle.StartCinematic.01,Es hora de que la contemos nosotros mismos.,
ST_CinematicSubtitles::Subtitle.Cine3.10,Era un pico.,
ST_CinematicSubtitles::Subtitle.Cine2.25,Estamos en la Cuarta Edad. ,
ST_CinematicSubtitles::Speaker.Thorin,Rey Thorin Yelmo de Piedra,
ST_CinematicSubtitles::Subtitle.Cine2.02,¡Señor Gimli! Erebor no respaldará la incursión a los Pozos Negros.,
ST_CinematicSubtitles::Subtitle.Cine2.23,"Señor Gimli, ¡esto es otra señal!",
ST_CinematicSubtitles::Subtitle.Cine4.08,señor de Moria!,
ST_CinematicSubtitles::Subtitle.Cine3.22,Que sus hazañas sean por siempre recordadas.,
ST_CinematicSubtitles::Subtitle.Cine2.20,A lo mejor así despierta de su letargo...,
ST_CinematicSubtitles::Subtitle.StartCinematic.08,¡Moria!,
ST_CinematicSubtitles::Subtitle.Cine2.06,No hay señal ni rey que pueda detenernos.,
ST_CinematicSubtitles::Subtitle.Cine2.10,"Nada, no se mueve.",
ST_CinematicSubtitles::Subtitle.Cine2.26,No habrá nada que nos detenga.,
ST_CinematicSubtitles::Subtitle.Cine2.12,"Anda, ¡¿por qué no se me habrá ocurrido antes?!",
ST_CinematicSubtitles::Subtitle.Cine2.24,"¡Ay, martillos y yunques!",
ST_CinematicSubtitles::Subtitle.StartCinematic.00,Nuestra historia va más allá de lo que saben hobbits y elfos.,
ST_CinematicSubtitles::Subtitle.Cine2.28,"¡Venga, nos lo llevamos! ¡Que quede bien sujeto!",
ST_CinematicSubtitles::Subtitle.Cine3.19,E incluso volver a oír a la Dama de los Bosques...,
ST_CinematicSubtitles::Subtitle.Cine2.15,¿Al plan B?,
ST_CinematicSubtitles::Subtitle.StartCinematic.23,"los enanos, volvamos a Moria.",
ST_CinematicSubtitles::Subtitle.Cine2.30,¡Corred!,
ST_CinematicSubtitles::Subtitle.Cine3.17,Volver a ver a Merry y a Pippin.,
ST_CinematicSubtitles::Subtitle.Cine3.02,Gran parte de nuestro destino está vinculado a esta piedra.,
ST_CinematicSubtitles::Subtitle.Cine4.07,"Venga, ponte de nuevo manos a la obra.",
ST_CinematicSubtitles::Subtitle.StartCinematic.16,Hay quienes apuestan por la paciencia...,
ST_CinematicSubtitles::Speaker.Dwarf2,Guardián pétreo,
ST_CinematicSubtitles::Subtitle.Cine4.05,"Con suministros de Rohan, la Comarca, Puertos Grises...",
ST_CinematicSubtitles::Subtitle.Cine4.02,"Gracias a Durin, tienes la cabeza más dura que la montaña.",
ST_CinematicSubtitles::Subtitle.Cine4.03,¡El derrumbamiento nos ha asustado a todos!,
ST_CinematicSubtitles::Subtitle.StartCinematic.14,Eso fue hace mil años.,
ST_CinematicSubtitles::Subtitle.Cine3.03,¡Hemos encontrado el corazón de los enanos!,
ST_CinematicSubtitles::Subtitle.Cine3.06,"Debemos continuar luchando contra la sombra,",
ST_CinematicSubtitles::Subtitle.Cine3.01,El primer mithril que Durin extrajo.,
ST_CinematicSubtitles::Subtitle.Cine2.05,¡Esto es una señal!,
ST_CinematicSubtitles::Subtitle.Cine2.18,"¡Esto es una locura! Gimli, no puedes hacer eso. ¡Debemos esperar a Durin!",
ST_CinematicSubtitles::Subtitle.Cine2.07,Ha llegado el momento de recuperar <Subtitle.Italic>Khazad-dûm.</>,
ST_CinematicSubtitles::Subtitle.Cine3.21,"Ahora, esta es tu compañía.",
ST_CinematicSubtitles::Subtitle.Cine3.18,Hacer un último viaje con Legolas...,
ST_CinematicSubtitles::Subtitle.Cine3.16,Prometí encontrarme con Aragorn en las Minas Tirith.,
ST_CinematicSubtitles::Subtitle.Cine2.08,Hoy partimos hacia la montaña.,
ST_CinematicSubtitles::Subtitle.StartCinematic.12,Hasta ,
ST_CinematicSubtitles::Subtitle.Cine4.04,Debemos crear un campamento comercial.,
ST_CinematicSubtitles::Subtitle.Cine3.09,"Bien hecho, joven. Ahora, ¡toca celebrarlo!",
ST_CinematicSubtitles::Subtitle.Cine4.06,Lo que necesites para acabar aquí tu tarea.,
ST_CinematicSubtitles::Subtitle.StartCinematic.02,"Con martillos y hachas,",
ST_CinematicSubtitles::Subtitle.StartCinematic.07,"sin embargo, el mayor de los tesoros se nos escapa.",
ST_CinematicSubtitles::Subtitle.StartCinematic.04,"Aun así, los enanos celebramos tal hazaña separados.",
ST_CinematicSubtitles::Subtitle.Cine2.13,"Lo has hecho lo mejor que has podido. Ahora, pasemos al plan B.",
ST_CinematicSubtitles::Subtitle.Cine3.13,"Sí que tienes historias que contarnos, señor de Moria.",
ST_CinematicSubtitles::Subtitle.Cine2.27,Ya habéis oído al señor Gimli. Vamos.,
ST_CinematicSubtitles::Subtitle.StartCinematic.21,vuestra artesanía y vuestra valentía.,
ST_CinematicSubtitles::Subtitle.CIne3.07,siguiendo las órdenes de nuestro nuevo señor de Moria.,
ST_CinematicSubtitles::Subtitle.StartCinematic.13,que el Balrog nos lo arrebató todo.,
ST_CinematicSubtitles::Subtitle.Cine3.05,para llevarnos hasta <Subtitle.Italic>Khazad-dûm</>.,
ST_CinematicSubtitles::Subtitle.StartCinematic.03,"erradicamos la sombra del anillo, así como a su maestro.",
ST_Console::Settings.Input.ActionBarSelectLeft,Seleccionar barra de acción (izquierda),
ST_Console::Settings.Input.ActionBarSelectRight,Seleccionar barra de acción (derecha),
ST_Console::TIPC_Waypoint_Details,"Después de abrir el mapa con <prompt actions=""Map_Menu""/>, pulsa <prompt actions=""Map_Waypoint""/> para fijar puntos de ruta personalizados.",
ST_Console::Settings.Input.Attack,Usar/Atacar/Excavar,
ST_Console::Settings.Input.Block,Bloquear/Apuntar,
ST_Console::Waypoint.StaticName10,Construir,
ST_Console::TIPC_RopeLadders_Details,"Construye escaleras de cuerdas para poder subir y bajar en las profundidades de Moria. Pulsa <prompt actions=""Platform_Quick""/> y consulta las diferentes opciones con <prompt actions=""Menu_Left""/>/<prompt actions=""Menu_Right""/> para empezar a construir una.",
ST_Console::Settings.Heading.BuildMode,Construcción,
ST_Console::Settings.Input.BuildMenu,Planos de construcción,
ST_Console::ST_Console.Settings.Input.CallOut,Indicar,
ST_Console::Settings.Input.Camera,Cámara,
ST_Console::Waypoint.StaticName08,Atención,
ST_Console::Waypoint.StaticName15,Peligro,
ST_Console::ST_Console.Settings.Input.Deconstruct,Modo Deconstruir,
ST_Console::ST_Console.Settings.Input.Dodge,Evadir/Agacharse,
ST_Console::Callout.Emote,Emoticono {0},
ST_Console::Settings.Input.Emote,Emoticonos,
ST_Console::Settings.Input.ExitBuildMode,Salir del modo Construir,
ST_Console::Waypoint.StaticName11,Explora,
ST_Console::Waypoint.StaticName04,Forraje,
ST_Console::Waypoint.StaticName14,Histórico,
ST_Console::ST_Console.Settings.Input.Interact,Interactuar,
ST_Console::Settings.Input.Inventory,Inventario,
ST_Console::Settings.Input.Jump,Saltar,
ST_Console::Waypoint.StaticName03,Marca,
ST_Console::Settings.Input.LastMenuScreen,Último menú de juego,
ST_Console::ST_Console.Settings.Input.Map,Mapa,
ST_Console::Waypoint.StaticName01,Marca,
ST_Console::Waypoint.StaticName09,Excavar,
ST_Console::Settings.Input.Move,Mover,
ST_Console::TIPC_Goals_Summary,"¿Necesitas ayuda? Pulsa <prompt actions=""Pause""/> y usa <prompt actions=""Menu_Prev""/>/<prompt actions=""Menu_Next""/> para ir al Compendio de objetivos.",
ST_Console::Waypoint.StaticName12,Orcos,
ST_Console::Waypoint.StaticName07,Camino,
ST_Console::Settings.Input.Confrim,Colocar/Deconstruir,
ST_Console::TTC_Torch_1,"Pulsa <prompt actions=""Pause""/> y usa <prompt actions=""Menu_Prev""/>/<prompt actions=""Menu_Next""/> para ir al menú Fabricar.",
ST_Console::TTC_BalinRepair2_0,"Pulsa <prompt actions=""Pause""/> y usa <prompt actions=""Menu_Prev""/>/<prompt actions=""Menu_Next""/> para ir al menú Construir.",
ST_Console::Settings.Input.PushForward,Atraer,
ST_Console::Settings.Input.PullBack,Retroceder,
ST_Console::Settings.Input.QuickBuild,Construcción rápida,
ST_Console::Waypoint.StaticName05,Reconstruir,
ST_Console::Waypoint.StaticName13,Recursos,
ST_Console::TIPC_RopeLadders_Summary,"Las escaleras de cuerdas son útiles para navegar por superficies verticales. Pulsa <prompt actions=""Platform_Quick""/> y consulta las diferentes opciones con <prompt actions=""Menu_Left""/>/<prompt actions=""Menu_Right""/> para empezar a construir una.",
ST_Console::Settings.Input.RotateLeft,Rotar a la izquierda,
ST_Console::Settings.Input.RotateRight,Rotar a la derecha,
ST_Console::Settings.Input.PushDown,Deslizarse hacia abajo,
ST_Console::Settings.Input.PullUp,Deslizarse hacia arriba,
ST_Console::Waypoint.StaticName02,Puesto,
ST_Console::Settings.Input.SwapQuickBuildChoice,Cambio rápido de elección de edificio (solo en construcción rápida),
ST_Console::Settings.Input.TargetLock,Fijar objetivo,
ST_Console::TIPC_Goals_Details,"Los objetivos del compendio te guiarán en tu misión por recuperar Moria. Si no sabes cómo avanzar, pulsa <prompt actions=""Pause""/> y usa <prompt actions=""Menu_Prev""/>/<prompt actions=""Menu_Next""/> para consultar los objetivos que te esperan.",
ST_Console::ST_Console.Settings.Input.Throw,Tirar objeto principal,
ST_Console::ST_Console.Settings.Input.ToggleCameraHeight,Activar/desactivar altura de la cámara de construcción,
ST_Console::ST_Console.Settings.Input.Sprint,Activar/desactivar carrera,
ST_Console::Waypoint.StaticName06,Tesoros,
ST_Crossplay::PopUp.Report.HintText,(Opcional) Indica cualquier detalle importante. ,
ST_Crossplay::ReportPlayer.Reason.Abuse,Maltrato,
ST_Crossplay::Button.BlockPlayer,Bloquear,
ST_Crossplay::Crossplay.BlockList.LimitReachedText,Has alcanzado el límite de bloqueos,
ST_Crossplay::PopUp.Heading.BlockPlayer,¿Quieres bloquear a {0}?,
ST_Crossplay::Button.PlayerBlocked,Bloqueado,
ST_Crossplay::PopUp.Heading.BlockedPlayerJoined,Se ha unido un jugador bloqueado,
ST_Crossplay::PlayerList.Heading.BlockedPlayers,Jugadores bloqueados (juego multiplataforma),
ST_Crossplay::PopUp.BlockPlayer.Description.Confirm,Los jugadores bloqueados no podrán unirse a las partidas que organizas. Te enviaremos una notificación si un jugador bloqueado se une a una partida que no organices tú. Puedes desbloquearlos desde Configuración de jugabilidad.,
ST_Crossplay::ReportPlayer.Reason.Cheating,Trucos,
ST_Crossplay::BlockList.Status.FailedToSave,No se ha podido guardar el jugador bloqueado.,
ST_Crossplay::Setting.MultiplayerSessionMode.Label,Juego multiplataforma,
ST_Crossplay::CrossplayStatusAlert.Disabled.Heading,Juego multiplataforma desactivado,
ST_Crossplay::CrossplayStatusAlert.Enabled.Heading,Juego multiplataforma activado,
ST_Crossplay::Setting.WaypointNamesMode.Label,Texto editable,
ST_Crossplay::PopUp.Description.InvalidPlayer,Error: El jugador no es válido,
ST_Crossplay::ReportPlayer.Reason.Exploit,Abuso,
ST_Crossplay::PopUp.Heading.Fail,Error,
ST_Crossplay::BlockList.Status.FailedToSync,Ha habido un error al sincronizar la lista de jugadores bloqueados.,
ST_Crossplay::PopUp.Heading.HostConfirmation,Alojando partida de juego multiplataforma,
ST_Crossplay::PopUp.Description.ConfirmDisableCrossplay,"Si desactivas el juego multiplataforma, abandonarás esta sesión y volverás al menú principal.",
ST_Crossplay::SystemMessage.Heading.JoinCrossplay,Uniéndose a partida de juego multiplataforma,
ST_Crossplay::Button.KickPlayer,Expulsar,
ST_Crossplay::PopUp.Heading.RemovePlayer,¿Quieres echar a {0}?,
ST_Crossplay::PopUp.Heading.LeaveGame,¿Quieres abandonar la partida?,
ST_Crossplay::Button.ManagePlayers,GESTIONAR JUGADORES,
ST_Crossplay::Button.BlockedPlayerList,Gestionar jugadores bloqueados,
ST_Crossplay::Crossplay.PlayerList.Text.Empty,No hay jugadores bloqueados.,
ST_Crossplay::Setting.MultiplayerSessionMode.Off,No,
ST_Crossplay::ReportPlayer.Reason.OffensiveContent,Perfil ofensivo,
ST_Crossplay::Setting.MultiplayerSessionMode.On,Sí,
ST_Crossplay::Setting.Heading.Online,Multijugador en línea,
ST_Crossplay::ReportPlayer.Reason.Other,Otros,
ST_Crossplay::Setting.PlayerNamesMode.Label,Visualización de otros jugadores,
ST_Crossplay::PopUp.Description.BlockList.DuplicatePlayer,Este jugador ya está bloqueado.,
ST_Crossplay::PopUp.Descriptiom.PlayerNotInGame,Este jugador ya no está en la partida.,
ST_Crossplay::PopUp.Description.PlayerRemoved,Se ha quitado al jugador de la partida.,
ST_Crossplay::PopUp.Description.BlockList.PlayerAdded,Se ha bloqueado al jugador correctamente.,
ST_Crossplay::PlayerList.Heading.CurrentPlayers,Jugadores en esta partida,
ST_Crossplay::CrossplayStatusAlert.Enabled.PS.Description,Los jugadores de otras redes y plataformas pueden unirse a las partidas que organizas.<lf>Puedes cambiar esta opción en Configuración de jugabilidad.,
ST_Crossplay::CrossplayStatusAlert.Enabled.XSX.Description,Los jugadores de otras redes y plataformas pueden unirse a las partidas que organices.<lf>Puedes cambiar esta opción en la configuración de Comunicación y multijugador de tu perfil de Xbox.,
ST_Crossplay::Button.ReportPlayer,Denunciar,
ST_Crossplay::PopUp.Heading.ReportPlayer,¿Quieres denunciar a {0}?,
ST_Crossplay::BlockList.Status.SavingList,Guardando la lista de jugadores bloqueados...,
ST_Crossplay::Setting.PlayerNamesMode.CustomFullNames,Mostrar nombres de enanos personalizados,
ST_Crossplay::Setting.WaypointNamesMode.CustomNames,Mostrar texto personalizado,
ST_Crossplay::Setting.WaypointNamesMode.QuickNames,Mostrar solo nombres predeterminados,
ST_Crossplay::Setting.PlayerNamesMode.UserNamesOnly,Mostrar solo nombres de usuario,
ST_Crossplay::ReportPlayer.Reason.Spam,Spam,
ST_Crossplay::PopUp.Heading.Success,Listo,
ST_Crossplay::BlockList.Status.Synchronizing,Sincronizando la lista de bloqueados...,
ST_Crossplay::PopUp.Description.LeaveGameBlockedPlayer,"Has bloqueado al usuario {name}, pero solo puede eliminarlo la persona que la organiza.<lf>¿Quieres abandonar la partida?",
ST_Crossplay::PopUp.Description.BlockedPlayerJoined,"El usuario {name}, a quien habías bloqueado, se ha unido a la partida.<lf>¿Quieres abandonar la partida?",
ST_Crossplay::PopUp.Description.BlockList.Error,Se ha producido un error al intentar bloquear a este jugador.,
ST_Crossplay::PopUp.Description.RemoveError,Se ha producido un error al intentar eliminar a este jugador.,
ST_Crossplay::CrossplayStatusAlert.Disabled.PS.Description,Puedes cambiar esta opción en Configuración de jugabilidad.,
ST_Crossplay::CrossplayStatusAlert.Disabled.XSX.Description,Puedes cambiar esta opción en la configuración de Comunicación y multijugador de tu perfil de Xbox.,
ST_Crossplay::SessionFoundMessage.LocalEnabled,Esta partida es compatible con el juego multiplataforma.,
ST_Crossplay::PopUp.Description.RemovePlayer,Este jugador será eliminado de este juego.,
ST_Crossplay::PlayerList.PSNBlockedListMessage,"Para ver los jugadores bloqueados de PlayStation Network, edita la configuración de privacidad de tu perfil.",
ST_Crossplay::PlayerList.XboxBlockedListMessage,"Para ver a los jugadores bloqueados de Xbox, ve a la pestaña Social de tu perfil, selecciona Siguiendo y, a continuación, Bloqueados.",
ST_Crossplay::Button.Unblock,Desbloquear,
ST_Crossplay::PopUp.Description.UnblockPlayer,"Si desbloqueas a este jugador, podrá unirse a tus partidas.",
ST_Crossplay::Button.ViewPlayerProfile,Ver perfil,
ST_Crossplay::PopUp.Description.ReportPlayer,¿Por qué quieres denunciar a este jugador?,
ST_Crossplay::Button.Yes,Sí,
ST_Crossplay::Crossplay.Player.You,Tú,
ST_Crossplay::PopUp.Description.HostConfirmationPS5,Estás organizando una partida de juego multiplataforma-<lf>Los jugadores de otras redes y plataformas pueden unirse a esta partida.<lf><lf>Puedes cambiar esta opción en Configuración de jugabilidad.,
ST_Crossplay::Popup.Description.HostConfirmationXbox,Estás organizando una partida de juego multiplataforma-<lf>Los jugadores de otras redes y plataformas pueden unirse a esta partida.<lf><lf>Puedes desactivar esta función en la configuración de Comunicación y multijugador de tu perfil de Xbox.,
ST_Crossplay::SystemMessage.Description.JoinCrossplay,Vas a unirte a una partida de juego multiplataforma.<lf>Los jugadores de otras redes y plataformas pueden unirse a esta partida.,
ST_Crossplay::SessionFoundMessage.PSS.LocalDisabled,No puedes unirte a esta partida de juego multiplataforma. Activa esta opción multiplataforma desde Configuración de jugabilidad.,
ST_Crossplay::SessionFoundMessage.XSX.LocalDisabled,"No puedes unirte a esta partida de juego multiplataforma. Activa esta opción desde Comunicación y multijugador, en la configuración de tu perfil de Xbox.",
ST_Crossplay::PopUp.Description.CannotRemovePlayer,No puedes eliminar a este jugador,
ST_Crossplay::PopUp.Description.BlockList.Full,Tu lista de jugadores bloqueados está llena. Se eliminará al primer jugador al que hayas bloqueado.,
ST_Crossplay::Crossplay.PlayerNameFormat.Offline,{UserName} (Desconectado),
ST_DwarfNames::RandomDwarf.Name.20,Gróin,
ST_Effects::Gameplay.Debuff.Corrosion.Description,Un efecto corrosivo que daña la armadura y que también puede drenar salud.,
ST_Effects::Survival.Buff.EveningAle.Description,Un brebaje mejoró la energía durante un breve período.,
ST_Effects::BeornPack.Survival.Buff.BeornBrew.Description,"El brebaje ha aumentado la energía, la resistencia y la resistencia al daño.",
ST_Effects::RohanPack.Survival.Buff.RohanBrew.Description,El brebaje ha aumentado la resistencia y la resistencia al daño.,
ST_Effects::Survival.Buff.StaminaBrew.Description,Un brebaje mejoró la resistencia durante un breve período.,
ST_Effects::Survival.Buff.Antidote.Description,Un brebaje elimina cualquier veneno y previene sus efectos durante un breve período.,
ST_Effects::Survival.Buff.AntiDarknessBrew.Description,Un brebaje curó la maldición de la sombra y previene los efectos de la oscuridad y de la sombra durante un breve período.,
ST_Effects::Survival.Buff.DefensiveBrew.Description,Un brebaje redujo el daño sufrido.,
ST_Effects::OrcHunterPack.Survival.Buff.Brew.Description,Brebaje que mejora la visión en condiciones de poca luz.,
ST_Effects::Yule.Survival.Buff.HolidayBrew.Description,El brebaje ha aumentado la resistencia al frío y reducido el coste de energía.,
ST_Effects::EntPack.Survival.Buff.EntBrew.Description,Brebaje que aumenta la reducción de daño.,
ST_Effects::Survival.Buff.Full.Breakfast_Lv3.Description,Un desayuno copioso reduce el coste de energía durante un largo período.,
ST_Effects::Survival.Buff.Full.Dinner_Lv3.Description,Una cena copiosa aumenta la potencia de restauración y reduce su coste de energía durante un largo período.,
ST_Effects::Survival.Buff.Full.Lunch_Lv3.Description,Un almuerzo copioso regenera salud durante un largo período.,
ST_Effects::Survival.Buff.HealthBrew.Description,Un trago refrescante que regenera salud durante un breve período.,
ST_Effects::Survival.Buff.OrcMedicineBrewTracker.Description,Una sensación intensa y ardiente que aumenta el ataque y la resistencia pero deja al paciente con poca energía.,
ST_Effects::Gameplay.Buff.Rested.Description,Un buen descanso restaura la energía y cura todos los efectos negativos.,
ST_Effects::Gameplay.Buff.Motivated.Description,"Una canción alegre te motiva para trabajar. Mientras dure, usar el pico no consume resistencia.",
ST_Effects::Gameplay.Buff.HighSpirits.Description,Una canción estridente levanta el ánimo. Duerme ahora y obtendrás un efecto positivo al despertar.,
ST_Effects::Survival.Buff.Full.Breakfast_Lv2.Description,Un desayuno razonable reduce el coste de energía.,
ST_Effects::Survival.Buff.Full.Dinner_Lv2.Description,Una cena razonable aumenta la potencia de restauración y reduce su coste de energía.,
ST_Effects::Survival.Buff.Full.Lunch_Lv2.Description,Un almuerzo sencillo regenera salud.,
ST_Effects::Survival.Buff.Full.Breakfast.Description,Un desayuno sencillo reduce el coste de energía durante un breve período.,
ST_Effects::Survival.Buff.Full.Dinner.Description,Una cena sencilla aumenta la potencia de restauración y reduce su coste de energía durante un breve período.,
ST_Effects::Survival.Buff.Full.Lunch.Description,Un almuerzo sencillo regenera salud durante un breve período.,
ST_Effects::Gameplay.Buff.WellRested.Description,"Un excelente descanso restaura la energía, cura todos los efectos negativos y otorga una bonificación de resistencia.",
ST_Effects::Gameplay.Buff.Ardent.Description,Estás cerca de un tesoro de los enanos durante un asedio. Recibes una bonificación de daño contra los orcos.,
ST_Effects::Gameplay.Buff.Zealous.Description,Estás cerca de un enorme tesoro de los enanos durante un asedio. Recibes una potente bonificación de daño contra los orcos. ,
ST_Effects::Gameplay.Buff.Fierce.Lv4.Description,Estás cerca de un ingente tesoro de los enanos. Recibes una bonificación adicional de daño contra los orcos.,
ST_Effects::Gameplay.Buff.Fierce.Description,Estás cerca de un pequeño tesoro de los enanos durante un asedio. Recibes una pequeña bonificación de daño contra los orcos.,
ST_Effects::Survival.Buff.Full_Lv3.Description,Todas las acciones consumen menos energía durante un largo período.,
ST_Effects::Survival.Buff.Full.Description,Todas las acciones consumen menos energía durante un breve período.,
ST_Effects::Survival.Buff.Full_Lv2.Description,Todas las acciones consumen menos energía durante un tiempo.,
ST_Effects::BeornPack.Survival.Buff.BeornBrewTracker.Name,Té de Anduin,
ST_Effects::EntPack.Survival.Buff.EntBrew.Name,Cuerocorteza,
ST_Effects::RohanPack.Survival.Buff.RohanBrew.Name,Audaz,
ST_Effects::Gameplay.Debuff.Cold.Name,Congelación,
ST_Effects::Gameplay.Buff.StaminaBoost.Name,Vigor,
ST_Effects::Survival.Buff.AntiDarknessBrew.Name,Rayo de esperanza,
ST_Effects::Gameplay.Buff.MasterBuilder.Lv1.Name,Aprendiz de la construcción,
ST_Effects::Gameplay.Buff.MasterBuilder.Lv4.Name,Artista de la construcción,
ST_Effects::Gameplay.Buff.MasterBuilder.Lv2.Name,Oficial de la construcción,
ST_Effects::Gameplay.Buff.MasterBuilder.Lv3.Name,Genio de la construcción,
ST_Effects::Gameplay.Buff.MasterBuilder.Lv5.Name,Intelectual de la construcción,
ST_Effects::Gameplay.Buff.MasterBuilder.Name,Intelectual de la construcción,
ST_Effects::Gameplay.Buff.AntiPoison.Name,Purificación,
ST_Effects::Gameplay.Debuff.ColdTracker.Name,Frío,
ST_Effects::Gameplay.Debuff.Corrosion.Name,Corrosión,
ST_Effects::OrcHunterPack.Survival.Buff.Brew.Name,A oscuras,
ST_Effects::OrcHunterPack.Survival.Buff.BrewTracker.Name,Stout A oscuras,
ST_Effects::Survival.Buff.AntiDarknessBrewTracker.Name,Ale clara Amanecer,
ST_Effects::Gameplay.Debuff.Despair.Name,Desesperación,
ST_Effects::Survival.Buff.EveningAle.Name,Determinación,
ST_Effects::Gameplay.Buff.FreeDodge.Description,Esquivar no consume resistencia.,
ST_Effects::Survival.Buff.HightSpiritsBrew.DragonHunter.Name,Cazadragones,
ST_Effects::Survival.Buff.Full.Breakfast.Name,Alondra,
ST_Effects::Survival.Buff.Full.Breakfast_Lv2.Name,Alondra,
ST_Effects::Survival.Buff.Full.Breakfast_Lv3.Name,Alondra,
ST_Effects::Gameplay.Buff.AttackBoost.Name,Empoderamiento,
ST_Effects::Survival.Buff.EveningAleTracker.Name,Ale Atardecer,
ST_Effects::Gameplay.Debuff.NoEnergy.Name,Extenuación,
ST_Effects::EntPack.Survival.Buff.EntBrewTracker.Name,Cerveza de Fangorn,
ST_Effects::BeornPack.Survival.Buff.BeornBrew.Name,Temible,
ST_Effects::Survival.Buff.OrcMedicineBrewTracker.Name,Temperamento letal,
ST_Effects::Yule.Survival.Buff.HolidayBrew.Name,Festiva,
ST_Effects::Survival.Buff.Antidote.Name,Fortalecimiento,
ST_Effects::Survival.Buff.Full_Lv2.Name,Saciedad,
ST_Effects::Gameplay.Buff.OrcTemper.Name,Furia,
ST_Effects::Gameplay.Debuff.LowEnergy_Moderate.Description,Te estás cansando y tu resistencia se ha reducido. Descansa para recuperar energía.,
ST_Effects::Survival.Buff.HightSpiritsBrew.EnergyRegen.Name,Deseo de gloria,
ST_Effects::Challenge.Buff.CompleteChallenge.Name,Espíritu de gloria,
ST_Effects::Survival.Buff.StaminaBrew.Name,Sed de gloria,
ST_Effects::Gameplay.Buff.HighSpirits.Name,Moral alta,
ST_Effects::Gameplay.Buff.Fierce.Lv4.Name,Furia del tesoro,
ST_Effects::Gameplay.Buff.Fierce.Name,Acopio airado,
ST_Effects::Gameplay.Buff.Ardent.Name,Acopio furioso,
ST_Effects::Gameplay.Buff.Zealous.Name,Acopio colérico,
ST_Effects::Survival.Buff.Full.SecondBreakfast.Description,Un homenaje a una tradición de los hobbits. ,
ST_Effects::Survival.Buff.StaminaBrewTracker.Name,Lager Cáliz de Lúpulo,
ST_Effects::Survival.Debuff.InDarkness,En la oscuridad,
ST_Effects::Gameplay.Debuff.Despair.Description,Llevas demasiado tiempo en la oscuridad y tu salud está reduciéndose. Busca la luz para recuperarte. ,
ST_Effects::Survival.Debuff.ShadowTracker.Name,En la sombra,
ST_Effects::Survival.Debuff.PoisonTracker.Description,"Estás en una zona con veneno. Si no te vas, sufrirás de envenenamiento.",
ST_Effects::Gameplay.Debuff.ColdTracker.Description,"Estás en una zona fría. Si no te vas, sufrirás de congelación.",
ST_Effects::Gameplay.Buff.OrcTemper.Description,"Aumenta la efectividad de la armadura, el poder de ataque y la resistencia, pero resta salud con el tiempo.",
ST_Effects::Gameplay.Buff.DefenseBoost.Description,Aumenta la efectividad de la armadura.,
ST_Effects::Gameplay.Buff.AttackBoost.Description,Aumenta el poder de ataque.,
ST_Effects::Gameplay.Buff.AntiPoison.Description,Aumenta la tasa de recuperación del veneno y frena el modificador de efectos de veneno.,
ST_Effects::Gameplay.Buff.AntiShadowPoison.Description,Aumenta la tasa de recuperación de la maldición de la sombra y frena el modificador de efectos de la maldición de la sombra.,
ST_Effects::Gameplay.Buff.StaminaBoost.Description,Aumenta la resistencia máxima durante un breve período.,
ST_Effects::Survival.Buff.DefensiveBrewTracker.Name,Stout Corazón de Hierro,
ST_Effects::Effects.MiningSong.General.Description,Canción minera,
ST_Effects::Effects.MiningSong.General.Name,Canción minera,
ST_Effects::Survival.Buff.HightSpiritsBrew.Stalker.Name,Cazamonstruos,
ST_Effects::Yule.Survival.Buff.HolidayBrewTracker.Name,Sidra caliente especiada,
ST_Effects::Gameplay.Debuff.NoEnergy.Description,No te queda energía y tu resistencia se regenera muy lentamente. Descansa para recuperar energía.,
ST_Effects::Survival.Debuff.Tired.Description,No te queda resistencia. Empezarás a recuperarla en unos segundos.,
ST_Effects::Gameplay.Buff.Respawn.Description,Con una derrota no basta. Inmune al daño durante un breve período.,
ST_Effects::Survival.Buff.OrcMedicineBrewTrackerTracker.Name,Remedio orco,
ST_Effects::Survival.Buff.HightSpiritsBrew.Vengeful.Name,Cazaorcos,
ST_Effects::Survival.Buff.HightSpiritsBrew.Miner.Name,Concentración minera,
ST_Effects::Gameplay.Buff.Motivated.Name,Frenesí minero,
ST_Effects::Survival.Buff.HightSpiritsBrew.DespairResist.Name,Hilo de esperanza,
ST_Effects::Survival.Debuff.PoisonTracker.Name,Veneno,
ST_Effects::Survival.Debuff.Poison.Name,Envenenamiento,
ST_Effects::Survival.Buff.Full.Dinner.Name,Productividad,
ST_Effects::Survival.Buff.Full.Dinner_Lv2.Name,Productividad,
ST_Effects::Survival.Buff.Full.Dinner_Lv3.Name,Productividad,
ST_Effects::Survival.Debuff.Tired.Name,Recuperación,
ST_Effects::Gameplay.Buff.FreeDodge.Name,Reflejos,
ST_Effects::Survival.Buff.Full.Lunch.Name,Renovación,
ST_Effects::Survival.Buff.Full.Lunch_Lv2.Name,Renovación,
ST_Effects::Survival.Buff.Full.Lunch_Lv3.Name,Renovación,
ST_Effects::Gameplay.Buff.AntiShadowPoison.Name,Resolución,
ST_Effects::Gameplay.Buff.Rested.Name,Descanso,
ST_Effects::Challenge.Buff.CompleteChallenge.Description,Restaurar y honrar Khazad-dûm otorga una bonificación de energía durante un breve período.,
ST_Effects::Survival.Buff.HealthBrew.Name,Revitalización,
ST_Effects::Survival.Buff.AntidoteTracker.Name,Pilsner Limpiatodo,
ST_Effects::Survival.Buff.Full.SecondBreakfast.Name,Segundo desayuno,
ST_Effects::Survival.Debuff.ShadowPoison.Name,Maldición de la sombra,
ST_Effects::BeornPack.Survival.Buff.BeornBrewTracker.Description,Le das un trago al té de Anduin. Termínate la taza para sentirte temible.,
ST_Effects::OrcHunterPack.Survival.Buff.BrewTracker.Description,Le das un trago a la stout A oscuras. Termínatela para mejorar tu visión en lugares oscuros.,
ST_Effects::Survival.Buff.AntiDarknessBrewTracker.Description,Le das un trago a la ale clara Amanecer. Acábate la jarra para sentir un rayo de esperanza.,
ST_Effects::Survival.Buff.OrcMedicineBrewTrackerTracker.Description,Le das un trago al remedio orco. Acábate la dosis para adquirir un temperamento letal.,
ST_Effects::RohanPack.Survival.Buff.RohanBrewTracker.Description,Estás bebiendo hidromiel ahumada. Tómatela entera para sentirte fuerte e invencible.,
ST_Effects::Survival.Buff.EveningAleTracker.Description,Le das un trago a la ale Atardecer. Acábate la jarra para sentir determinación.,
ST_Effects::EntPack.Survival.Buff.EntBrewTracker.Description,Le das un trago a la cerveza de Fangorn. Terminaste el brebaje para aumentar la reducción de daño.,
ST_Effects::Survival.Buff.StaminaBrewTracker.Description,Le das un trago a la lager Cáliz de Lúpulo. Acábate la jarra para sentirte con sed de gloria.,
ST_Effects::Survival.Buff.DefensiveBrewTracker.Description,Le das un trago a la stout Corazón de Hierro. Terminaste el brebaje para reducir el daño recibido.,
ST_Effects::Survival.Buff.HealthBrewTracker.Description,Das un trago de Mirvuvor. Acábate la bebida para tener una sensación de revitalización.,
ST_Effects::Yule.Survival.Buff.HolidayBrewTracker.Description,Estás bebiendo sidra caliente especiada. Termínala para entrar en calor y reducir el coste de energía.,
ST_Effects::Survival.Buff.AntidoteTracker.Description,Le das un trago a la pilsner Limpiatodo. Acábate la jarra para tener una sensación de fortalecimiento.,
ST_Effects::RohanPack.Survival.Buff.RohanBrewTracker.Name,Hidromiel ahumada,
ST_Effects::Survival.Buff.HightSpiritsBrew.Brisk.Name,Velocista,
ST_Effects::Gameplay.Buff.FreeSprint.Description,Correr no consume resistencia.,
ST_Effects::Survival.Debuff.Starving.Name,Hambre voraz,
ST_Effects::Survival.Buff.HightSpiritsBrew.Defensive.Name,Piel de acero,
ST_Effects::Survival.Buff.Full.Name,Estómago lleno,
ST_Effects::Gameplay.Buff.MasterBuilder.Lv3.Description,Has estudiado los conocimientos sobre construcción. Hay cierta probabilidad de que la construcción no consuma ingredientes.,
ST_Effects::Gameplay.Buff.MasterBuilder.Lv4.Description,Has estudiado los conocimientos sobre construcción. Hay una buena probabilidad de que la construcción no consuma ingredientes.,
ST_Effects::Gameplay.Buff.MasterBuilder.Lv5.Description,Has estudiado los conocimientos sobre construcción. Hay una alta probabilidad de que la construcción no consuma ingredientes.,
ST_Effects::Gameplay.Buff.MasterBuilder.Description,Has estudiado los conocimientos sobre construcción. Hay una pequeña probabilidad de que la construcción no consuma ingredientes.,
ST_Effects::Gameplay.Buff.MasterBuilder.Lv2.Description,Has estudiado los conocimientos sobre construcción. Hay una pequeña probabilidad de que la construcción no consuma ingredientes.,
ST_Effects::Gameplay.Buff.MasterBuilder.Lv1.Description,Has estudiado los conocimientos sobre construcción. Hay una ínfima probabilidad de que la construcción no consuma ingredientes.,
ST_Effects::Survival.Buff.Full_Lv3.Name,Estómago a tope,
ST_Effects::Gameplay.Buff.FreeSprint.Name,Presteza,
ST_Effects::Survival.Debuff.InDarkness.Description,"La oscuridad acaba con cualquier halo de esperanza. Sin luz, caerás en la desesperación.",
ST_Effects::Survival.Debuff.Poison.Description,El veneno drena la salud. Solo el tiempo o un brebaje pueden curarte.,
ST_Effects::Survival.Debuff.ShadowTracker.Description,"La sombra es una fuerza oscura. Si permaneces cerca de ella, sufrirás una maldición.",
ST_Effects::Survival.Debuff.ShadowPoison.Description,La maldición de la sombra deja tras de sí una desesperación más profunda que solo el tiempo o una brebaje pueden curar.,
ST_Effects::Gameplay.Buff.Courage.Description,"El poder de Durin fluye por Khazad-dûm. Recibes una bonificación de resistencia, salud y energía y te curas de la desesperación.",
ST_Effects::Gameplay.Debuff.LowEnergy_Severe.Name,Cansancio,
ST_Effects::Survival.Buff.HightSpiritsBrew.NoEnergyCost.Name,Infatigable,
ST_Effects::Gameplay.Debuff.Cold.Description,Hace demasiado frío para explorar o dormir. Busca una fuente de calor.,
ST_Effects::Survival.Debuff.Starving.Description,Tienes demasiada hambre. Tu salud se va reduciendo poco a poco. Come para recuperarte.,
ST_Effects::Survival.Buff.HightSpiritsBrew.Traveler.Name,Nómada,
ST_Effects::Survival.Buff.NoEpicPack.Name,Ligereza,
ST_Effects::Gameplay.Buff.Courage.Name,Temeridad,
ST_Effects::Gameplay.Buff.Respawn.Name,Inexorable,
ST_Effects::Gameplay.Debuff.LowEnergy_Severe.Description,No te quedan fuerzas y tu resistencia se ha reducido mucho. Descansa para recuperar energía.,
ST_Effects::Gameplay.Buff.DefenseBoost.Name,Protección,
ST_Effects::Gameplay.Debuff.LowEnergy_Moderate.Name,Agotamiento,
ST_Effects::Gameplay.Buff.WellRested.Name,Descanso reparador,
ST_Effects::Survival.Buff.NoEpicPack.Description,"Al no llevar la mochila, recibes una bonificación de resistencia.",
ST_Effects::Survival.Buff.HightSpiritsBrew.Defensive.Description,Te has despertado con la sensación de ser invencible. El daño que sufres se reduce durante un largo período.,
ST_Effects::Survival.Buff.HightSpiritsBrew.DespairResist.Description,Te has despertado con esperanza. Se ralentizan los efectos de la oscuridad.,
ST_Effects::Survival.Buff.HightSpiritsBrew.Traveler.Description,Te has despertado con ganas de aventura. Los viajes rápidos son gratuitos durante un largo período.,
ST_Effects::Survival.Buff.HightSpiritsBrew.NoEnergyCost.Description,Te has despertado con ganas de todo. Las acciones no consumen energía durante un largo período.,
ST_Effects::Survival.Buff.HightSpiritsBrew.EnergyRegen.Description,Te has despertado con ganas de hacer heroicidades. Recibes una bonificación de resistencia que dura un largo período.,
ST_Effects::Survival.Buff.HightSpiritsBrew.DragonHunter.Description,Te has despertado con una bonificación de daño contra los dragones y los orcos que dura un largo período.,
ST_Effects::Survival.Buff.HightSpiritsBrew.Vengeful.Description,Te has despertado con una bonificación de daño contra los orcos que dura un largo período.,
ST_Effects::Survival.Buff.HightSpiritsBrew.Stalker.Description,Te has despertado con una bonificación de daño contra las criaturas aladas que dura un largo período.,
ST_Effects::Survival.Buff.HightSpiritsBrew.Miner.Description,Te has despertado con una concentración que te permite hacer trabajos de minería sin consumir resistencia durante un largo período.,
ST_Effects::Survival.Buff.HightSpiritsBrew.Brisk.Description,Te has despertado con una reducción en el consumo de resistencia al correr durante un largo período.,
ST_LoreEntry::5-3_G_NainsGrave_DurinMonument,"<Lore.Italic>Náin, nuestro rey, se enfrentó aquí a la bestia de sombra y fuego. Derramó su sangre por aquellos a los que protegía. Nos ha salvado a todos, incluso mientras perdíamos nuestro hogar.</>",
ST_LoreEntry::4-1_G_Bridge_1_BlackDragon,"¡Una <Lore.Italic>Narag-Shazôn!</>! Desde el mismísimo Smaug, no se ha visto a ningún otro dragón al sur del Brezal Marchito. Y aquí, en Moria, inscribiendo las <Lore.Bold.Purple>runas de la maldición de la Sombra</>... Seguro que esta es la dragona a la que temen los Orcos. <lf><lf>Pero... ¿qué hace una dragona en Moria? ¿Y por qué recurre a las maldiciones para dejarnos aquí sellados? ",
ST_LoreEntry::2-1_WesternTown_3_Heading,Sombra oscura,
ST_LoreEntry::4-1_G_Bridge_1_BlackDragon_Heading,Una dragona en Moria,
ST_LoreEntry::3-2A_Grottos_6_DeepOrcConvo_Heading,Una tribu pútrida y voraz,
ST_LoreEntry::4-3_G_EasternBastion_RedEyeOrc_2_Heading,Un Rey de los Orcos,
ST_LoreEntry::4-4_G_Dwarrowdelf_DurinMonument_Heading,Monumento a Durin IV,
ST_LoreEntry::3-4_G_Tomb_2_Monument_Heading,Monumento a Durin I,
ST_LoreEntry::3-2A_Grottos_7_DurinsMonument_Heading,Monumento a Durin II,
ST_LoreEntry::2-1_WesternTown_2_Heading,Monumento a Durin III,
ST_LoreEntry::4-4_G_Desolation_DurinMonument_Heading,Monumento a Durin V,
ST_LoreEntry::5-3_NainsGrave_DurinMonument_Heading,Monumento a Durin VI,
ST_LoreEntry::4-4_G_Desolation_Gundabad_1_Heading,Una tribu saqueadora de Gundabad,
ST_LoreEntry::4-4_G_BlockedHighwayEast_PJ_Heading,¿Una herramienta para romper la roca maldita?,
ST_LoreEntry::4-1_G_Bridge_2_RedEye_Heading,Tribu de Mordor,
ST_LoreEntry::2-2_ElvenPromenade_5_Heading,Tribu de la impureza de Saruman,
ST_LoreEntry::4-5_G_DurinsForge_2_SeeKing,Un troll se hace llamar Rey y se sienta en el trono de Durin. ¡Debemos acabar con él y purgar la Gran Forja!,
ST_LoreEntry::2-2_ElvenPromenade_5.2,¡Un golpe de suerte! La presencia del espíritu de los elfos sigue latente en el barrio élfico y no cabe duda de que los trasgos también la sienten: su magia les daña.,
ST_LoreEntry::4-5_G_DurinsForge_BoS_2,"Un pasaje pesimista escrito en un pergamino ensangrentado:<lf><lf><Lore.Italic>Tercera Edad, año 1980</><lf><lf><Lore.Italic>El Rey Durin VI, mi padre, ha muerto. Esta criatura de fuego y Sombra le ha arrebatado.</><lf><lf><Lore.Italic>En cuanto la batalla de Pozo Oscuro se alargó hasta el séptimo día, mi padre desenvainó su espada contra la bestia, al igual que sus soldados más leales. Pocos viven para contarlo y solo por suerte.</><lf><lf><Lore.Italic>Mi padre ahora descansará en la Tumba de los Reyes. Ya han preparado su sepelio. Y entonces, deberemos comenzar a reagruparnos para sobrevivir. La bestia disfruta sembrando el caos y sigue matando a muchos de los nuestros. No podemos quedarnos de brazos cruzados.</>—Príncipe..., no, Rey Náin",
ST_LoreEntry::4-3_21stHall_1_ToAxeFragment4,Una serie de órdenes escritas con formalidad:<lf><lf><Lore.Italic>Flói:</><lf><Lore.Italic>Debe de haber un fragmento en el Abismo Negro. Busca en todos los edificios hasta encontrarlo.</><lf><Lore.Italic>—Balin</>,
ST_LoreEntry::4-4_G_GundabadTown_DurinsAxe_PickUP,"¡Un fragmento de la Hacha de Durin fue encontrado en la Desolación!<lf><lf>Hay algunas runas ancestrales grabadas en el metal, aunque me cuesta distinguirlas. Reconozco las palabras «Sombra» y «Victoria».<lf><lf>Necesitaré los cinco fragmentos de la Hacha de Durin para reforjarla.",
ST_LoreEntry::4-3_G_PosterNexus_DurinAxe_PickUP,"¡Se ha encontrado un fragmento del <Lore.Bold.Gold>hacha de Durin</> en Abismo Negro!<lf><lf>Este fragmento es parte de la cabeza, aunque no lo veo del todo claro. Tiene una forma extraña, parece más un cincel. <lf><lf>Necesitaré los cinco fragmentos del <Lore.Bold.Gold>hacha de Durin</> para reforjarla.",
ST_LoreEntry::4-4_G_BalinCamp5_LockedBox_1,"Un pergamino a duras penas enrollado con una nota que transmite una gran emoción: <lf><lf><Lore.Italic>Tercera Edad, año 2994</><lf><lf><Lore.Italic>Hemos visto la cabeza del hacha. Estaba demasiado incrustada en la mampostería como para llevárnosla sin llamar la atención de los enemigos que había a nuestros pies, pero hemos podido leer las runas grabadas en el metal. Tal y como sospechaba: ¡sirven como protección contra las sombras! Creo que esta gran arma otrora sirvió para purgar Baranzibar de las criaturas que llegaron hasta ella... ¡y puede hacerlo de nuevo! Debemos reforjarla.</>  <lf><lf><Lore.Italic>—Balin</>",
ST_LoreEntry::2-1_WesternTown_2,"Una estatua de Durin III, ¡aquel que cerró la puerta a Sauron en sus narices! Ay, ojalá Durin hubiese despertado cuando Erebor y la Ciudad del Valle lo necesitaban... Ya luchó contra el señor oscuro cuando este se alzó por primera vez. ¿Por qué no nos ayudó en la segunda? <lf> <lf><Lore.BoldItalic>Durin III, rey de Khazad-dûm, finales de la Segunda Edad</> <lf><Lore.Italic>Mecenas de la gran artesanía,</> <lf><Lore.Italic>nació donde se crearon las Puertas de Durin.</> <lf><Lore.Italic>Un buen rey que estrechó lazos</> <lf><Lore.Italic>con hombres y elfos bajo la sombra de la montaña.</> <lf><Lore.Italic>Durin el Defensor, protector de nuestro reino,</> <lf><Lore.Italic>quien consiguió poner freno a la sombra para que este reino no se sumiera en la oscuridad.</>",
ST_LoreEntry::4-3_21stHall_5_KhazadstoneInfo_Heading,Relato de los últimos días de Durin VI,
ST_LoreEntry::2-2_Horde_1,"Tras volver a encender la gran fragua de Narvi, la explosión resonó por toda la montaña. No es de extrañar que esto atrajese a todos los orcos en un radio de 20 brazas de profundidad a la cámara. ¡Hasta los trasgos y los orcos de Moria se lanzaron a las armas!",
ST_LoreEntry::4-4_G_BlockedHighwayEast_Arrival,"De nuevo la maldición de la dragona me impide avanzar mientras trato de llegar a la encrucijada. Con la maldición, no podré continuar, pero sigue siendo el único camino hasta Baranzibar.",
ST_LoreEntry::2-3A_BlockedHighwayWestMine_1,"Otra vez las mismas runas malditas por la sombra me impiden avanzar hacia las Puertas de Durin y las Puertas del Oeste hasta el Camino de Durin. Parece que las maldiciones se lanzaron de forma más que intencional...<lf><lf>¡Hasta los orcos se quejan de no poder avanzar hacia el este por culpa de «ella»! Quienquiera que sea, debe suponer una gran amenaza.",
ST_LoreEntry::6-1_DimrilGate_ByeAric,"Todos los enanos saben que llorar es sentir algo, y conocemos nuestros sentimientos mejor que nadie en la Tierra Media. Es hora de despedirnos de nuestro mejor amigo alado.",
ST_LoreEntry::5-4_G_GhashTown_Seal,"Sobre el pozo de las sombras, hay un inmenso sello enano ancestral. Diría que este sello lleva aquí desde la época de Durin I. Además, repartidas por toda la montaña, se encuentran las lámparas de Durin, que ayudaron a luchar contra las descargas de sombras.<lf><lf>Seguro que tiene algo que ver con el deber de la casa de Durin, ya que servían para subyugar a las sombras que surgían de lo más profundo de la tierra y llevar la luz a los lugares más oscuros. ",
ST_LoreEntry::2-1_WesternTown_3,"Una abrumadora oscuridad <Lore.Bold.Purple>repleta de sombras</> asola Moria. Drena el valor y la energía de sus habitantes, dejando incapacitado hasta al más robusto de los enanos. <lf><lf>Estar bajo la montaña y en la oscuridad no son lo mismo. Moria nunca debió ser tan oscura. Para combatir la incipiente desesperación y reconfortar de nuevo los corazones, lo mejor son una buena canción y un faro.",
ST_LoreEntry::3-4_G_Tomb_4_TheMaker,"Las runas ancestrales de la tumbra rezan: <lf><lf><Lore.Italic>Tal y como designó Mahal. Los Khazad, para poner remedio a la separación de Morgoth. Tal y como nos enseñó Mahal. Durin verá la coronación de las estrellas en Lago Espejo. Tal y como bendijo Mahal. El Pueblo de Durin, acabará con la sombra que asola las profundidades. Tal y como anheló Mahal. Un héroe que llevará la luz bajo las montañas.</>",
ST_LoreEntry::3-4_G_Tomb_3_DurinsVictory,"Las runas ancestrales rezan: <lf> <lf><Lore.Italic>La victoria de Durin durará toda una vida en la tierra. Para sellar los pozos y poner remedio a la separación del pueblo, deberá forjar las lámparas. No se debe apartar la mirada de las lámparas. Que su victoria jamás caiga en el olvido. Que Durin sea eterno y siempre lidere a los Khazad en tiempos de necesidad.</>",
ST_LoreEntry::2-1_BlockedHighway_3,"Otra <Lore.Bold.Purple>runa de la maldición de la sombra</> impide avanzar en el Camino de Durin, que lleva hasta la ciudad de Abismo Negro y los pueblos que le siguen. Parece que es la misma maldición presente en la Puerta Oeste. ¿Por qué será?",
ST_LoreEntry::4-4_G_Desolation_Gundabad_1,"Aquí hay otro grupo de orcos atrapado, ¡y luchan con los orcos de ojos rojos de Mordor! Estos orcos provienen de Gundabad y tienen a los huargos de su parte. Más orcos a los que dar caza, aunque al menos estos dos grupos ya parecen estar matándose entre sí.",
ST_LoreEntry::4-1_BalinCamp3_2_Dain&Balin,"¡Otra carta del rey Dáin a Balin! Creía que Durin debía guiarnos hasta aquí, por eso no ayudó a Balin. Es cierto que no tenían a nadie...<lf><lf><Lore.Italic>Primo Balin:</> <lf><Lore.Italic>Te dejas llevar por tus impulsos. ¡Te he dicho que debemos esperar al regreso de Durin!</><lf><lf><Lore.Italic>No puedo ni pienso respaldar tu aventura en Moria. Aunque me duela, no recibirás tropas de refuerzo de Erebor. Así son las cosas.</> <lf><lf>Para ello, <Lore.Italic>Durin deberá despertar primero.</><lf><lf><Lore.Italic>—Dáin</>",
ST_LoreEntry::4-5_G_DurinsForge_BoS_3,"Otra sección escrita por Náin, ahora rey:<lf><lf><Lore.Italic>Tercera Edad, año 1981</><lf><Lore.Italic>Ya ha pasado un año desde la muerte de mi padre. Mi hijo insiste en que pongamos rumbo a las colonias en las Colinas de Hierro o las Montañas Grises. Hay algunos que ya se han marchado, ¡pero yo me niego!</><lf><lf><Lore.Italic>Yo, rey Náin, me enfrentaré a la bestia que se convirtió en el flagelo de Durin. ¡No se derramará más sangre enana bajo el miedo de una criatura de las sombras!</><lf><lf><Lore.Italic>Vive en las minas de mithril. Me acompañará un escuadrón compuesto por mis soldados más fieles. También me llevaré conmigo la piedra khazâd, con la esperanza de que la fuerza de Durin el Inmortal resista ante la bestia de sombra y fuego. Dejo esto aquí como rey de la casa de Durin.</><lf><lf><Lore.Italic>—Rey Náin, hijo de Durin VI</>",
ST_LoreEntry::4-5_Crossroads_3_TalktoAric_Subhead,Reúnte con Aric en la encrucijada,
ST_LoreEntry::3-4_EasternStairs_5_TalktoAric_Subhead,Reúnete con Aric cerca del Abismo Inferior,
ST_LoreEntry::2-3_BlockedHighwayWestMine_5_TalktoAric_Subhead,Reúnete con Aric cerca de la puerta maldita del Camino de la Mina,
ST_LoreEntry::2-1_DoorsOfDurin_11_TalktoAric_Subheading,Reúnete con Aric cerca de la cascada,
ST_LoreEntry::5-4_BalrogsNest_Raven_Subhead,Habla con Aric e infórmalo de la derrota de la dragona.,
ST_LoreEntry::2-1_BlockedHighway_TalktoAric_Subhead,Reúnete con el Cuervo cerca de la entrada obstruida del Camino,
ST_LoreEntry::4-3_Dwarrowdelf_Shadow_Heading,¿Las descargas de sombras son designios de la dragona?,
ST_LoreEntry::2-1_G_AricTheRaven_3,"Aric no ha encontrado supervivientes ni forma de salir de aquí. Tómate tu tiempo para hacer un refugio, comer y forjar lo que necesitaremos para el viaje que nos aguarda. ",
ST_LoreEntry::2-3A_BlockedHighwayWestMine_3,"Aric ha confirmado que todos los caminos que llevan al este de los niveles superiores están bloqueados por las runas malditas por la sombra. <lf><lf>Es posible que la legendaria ruta de los peregrinos siga abierta y esté libre de toda maldición, aunque está más sumida en las profundidades que las minas. Debo encontrar la forma de llegar hasta ahí. Será una mina ancestral enorme, repleta de <Lore.Italic>uzug-zarôk</> brillante, es decir, cuarzo verdadero.",
ST_LoreEntry::4-1_G_Bridge_5_Raven_Mazarbul,"¡Aric se ha reunido con el mismísimo Rey Thorin! Qué bien que lleguen noticias del exterior.<lf><lf>El Rey Thorin me ha pedido que encuentre la <Lore.Bold>piedra khazâd</>, que se encuentra en algún lugar bajo las Montañas. Pensaba que podría seguir en Moria, pero me alegra saber que es así.<lf><lf>Tengo que buscar algunas pistas sobre su posible ubicación. Yo diría que debería empezar por los registros enterrados en la Cámara de Mazarbul, donde se encuentra la Tumba de Balin.",
ST_LoreEntry::2-1_DoorsOfDurin_11_TalktoAric,Aric ha vuelto. A lo mejor ha encontrado supervivientes o sabe algo de esta extraña maldición que asola las Puertas de Durin. ,
ST_LoreEntry::2-1_BlockedHighway_TalktoAric,Aric ha salido a explorar y seguro que tiene información sobre estas misteriosas runas y por qué nos impiden el paso hacia la Puerta de Dimrill.,
ST_LoreEntry::2-1_AricTheRaven_2,"Aric, un cuervo del campamento de la Compañía de Gimli, también ha quedado atrapado en Moria. Nos ayudará a buscar supervivientes y la forma de salir de aquí.<lf><lf>Yo continuaré mi aventura con esperanza de encontrar la puerta. Estaba atascada, pero a lo mejor puedo abrirla desde dentro.",
ST_LoreEntry::4-1_Bridge_TalktoAric,Aric ha venido por el este... ¿Habrá encontrado la forma de salir de Moria?,
ST_LoreEntry::3-4_G_EasternStairs_StairsRepaired_Heading,Llega al Puente de Khazad-dûm,
ST_LoreEntry::4-1_G_Bridge_5_Raven_Mazarbul_Subhead,"Llega al séptimo nivel, hasta la Cámara de los Registros, enterrada en la mina",
ST_LoreEntry::2-3A_OrcsAndGoblins_3_Heading,El descenso de Azog,
ST_LoreEntry::4-3_21stHall_4_GatherDurinsAxe,"Balin creía que el hacha sería de gran ayuda contra las sombras que se alzaban. Sus notas me indicaban la ubicación de cada uno de los puestos de avanzada que buscaban los fragmentos. Ahora, ¡a buscarlos todos!",
ST_LoreEntry::4-3_G_PosterNexus_DurinAxe_ArriveWP,"En la ciudad, Balin buscaba este fragmento del <Lore.Bold.Gold>hacha de Durin</>. <lf><lf>¡Debería estar en el interior de estos edificios! ",
ST_LoreEntry::4-3_G_BalinCamp4_2_LockedBox,"La Compañía de Balin creía que uno de los fragmentos del <Lore.Bold.Gold>hacha de Durin</> se encontraba en un edificio del Abismo Negro. Temo que los orcos hayan tomado la ciudad en los años posteriores, aunque espero que aún no lo hayan encontrado.<lf><lf>Lo buscaré.",
ST_LoreEntry::4-4_G_BalrogsWake_BalinCamp5React,"La Compañía de Balin había estado buscando uno de los fragmentos de la <Lore.Bold.Gold>Hacha de Durin</> en la Desolación, la zona de Pozo Negro que Balrog destruyó.<lf><lf>Ante la enorme presencia de Orcos en la Montaña, sospecho que estará en una de sus fortalezas.",
ST_LoreEntry::2-3A_G_BalinCamp2_3,La Compañía de Balin había estado buscando uno de los fragmentos de la <Lore.Bold.Gold>Hacha de Durin</> en las Minas de Moria. Parece que no lograron encontrarlo y la ubicación en este mapa me indica que se encuentra dentro de lo que los Orcos llaman Orcópolis.,
ST_LoreEntry::4-4_G_BalinCamp5_LockedBox_1_Heading,Carta de Balin,
ST_LoreEntry::4-3_21stHall_FindBalinCampA,"Los registros de Balin hablan de un puesto de avanzada en la Puerta Oeste, cerca de las Puertas de Durin. Debo volver hacia el oeste, a ver si encuentro alguna pista del fragmento del hacha que buscaban.",
ST_LoreEntry::4-3_21stHall_FindBalinCampE,"Los registros de Balin hablan de un puesto de avanzada en la Desolación, cerca de la gran forja de Durin. Debo seguir indagando en la ciudad, a ver si encuentro alguna pista del fragmento del hacha que buscaban.",
ST_LoreEntry::4-3_21stHall_FindBalinCampB,"Los registros de Balin hablan de un puesto de avanzada en las minas, cerca de las Puertas de Durin. Debo volver hacia el oeste, a ver si encuentro alguna pista del fragmento del hacha que buscaban.",
ST_LoreEntry::4-3_21stHall_FindBalinCampC,"Los registros de Balin hablan de un puesto de avanzada en el tercer nivel, cerca de las escaleras orientales. Debo volver hacia el oeste, a ver si encuentro alguna pista del fragmento del hacha que buscaban.",
ST_LoreEntry::4-3_21stHall_FindBalinCampD,"Los registros de Balin apuntan que las pruebas se encuentran aquí, en la sala vigesimoprimera, cerca de su tumba. Debería ir a por las pistas del fragmento del hacha que buscaban.",
ST_LoreEntry::2-3B_CrystalDescentEntrance_5_Descend,"Abajo, se encuentran los abismos inferiores y la ruta de los peregrinos. Se dice que va desde el centro de Zirakzigil hasta las escaleras orientales.<lf><lf>Así que este es el camino que debo buscar, aunque primero, debo bajar hasta las profundidades. El primer descenso es bastante amplio, así que debo usar este artilugio ancestral.",
ST_LoreEntry::4-3_G_EasternBastion_RedEyeOrc_5_Heading,Obstruido por la Sombra,
ST_LoreEntry::sb40_Rebuilding_Orcs_Destroy_Bolgahk_body,Bolgakh debe tener uno de los fragmentos del hacha de Durin. Debemos recuperarlo y expulsar a esos <Lore.Italic>rakhâs</> asquerosos de esta parte de la montaña.,
ST_LoreEntry::5-3_G_NainsGrave_BoS_6_Heading,"Libro de Thamsâ, parte 1",
ST_LoreEntry::5-3_G_NainsGrave_BoS_7_Heading,"Libro de Thamsâ, parte 2",
ST_LoreEntry::5-3_G_NainsGrave_BoS_4_Heading,"Libro de Thamsâ, parte 3",
ST_LoreEntry::4-5_G_DurinsForge_BoS_1_Heading,"Libro de Usmûr, parte 1",
ST_LoreEntry::4-5_G_DurinsForge_BoS_2_Heading,"Libro de Usmûr, parte 2",
ST_LoreEntry::4-5_G_DurinsForge_BoS_3_Heading,"Libro de Usmûr, parte 3",
ST_LoreEntry::5-3_G_AngryCaverns_ShadowDragon_Heading,Trayendo huesos a la dragona,
ST_LoreEntry::2-1_DoorsOfDurin_5_Subhead,Construye una base y prepárate<lf>para la peligrosa aventura que te aguarda,
ST_LoreEntry::3-2B_G_Drainworks_1_ArriveWP_Subhead,Construye una forma de atravesar el río hasta la isla con las bombas de drenaje,
ST_LoreEntry::5-4_G_GhashTown_ShadowLampRecipe_Heading,Construyendo lámparas nuevas,
ST_LoreEntry::3-4_G_Tomb_1_Reaction,"¿Podría ser este el lugar de descanso del gran Durin el Primero? Parece que hay un hechizo milenario que la protege de orcos y demás criaturas. Las runas de poder del suelo coinciden con las de las demás estatuas. Se activan a través del canto. Una vez consiga abrirla, igual descubro algo más de este lugar sagrado.   ",
ST_LoreEntry::4-5_G_DurinsForge_StoryStone_Nain,"Siguiendo el ancestral método de los Cirth de Moria, hay un grabado que dice así:<Lore.BoldItalic>La Piedra de los Enanos</><lf><lf><Lore.Italic>La primera piedra extraída y tallada por Durin, el primero de nuestros Padres en despertar. Por designio de Aulë, la piedra khazâd lo llevó hasta Lago Espejo para que tallara sus Salas bajo estas Montañas. Aquí permanece para transmitir a su linaje, pues solo entonces Durin despertará de nuevo. Pues su deber, su honor y su fortaleza residen en guiar a su pueblo y evitar el avance de las Sombra.</>",
ST_LoreEntry::5-4_GhashTown_Reseal_Subhead,Despeja la zona y busca la forma de volver a sellar las barreras alrededor del pozo de la sombra,
ST_LoreEntry::3-4_G_EasternStairs_StairsRepaired_Subhead,Sube las Escaleras Orientales junto al Abismo para llegar a los Niveles Superiores,
ST_LoreEntry::4-1_21stHall_2_FindInfo_Subhead,Peina la Cámara de Mazarbul en busca de pistas sobre la ubicación de la piedra khazâd,
ST_LoreEntry::sb48_Rebuilding_Altars_Complete_Durin_heading,Completa la muznâkan de Durin,
ST_LoreEntry::sb49_Rebuilding_Altars_Complete_Fundin_heading,Completa la muznâkan de Fundin,
ST_LoreEntry::sb47_Rebuilding_Altars_Complete_Garin_heading,Completa la muznâkan de Garin,
ST_LoreEntry::sb51_Rebuilding_Altars_Complete_Gimol_heading,Completa la muznâkan de Gimol,
ST_LoreEntry::sb46_Rebuilding_Altars_Complete_Narvi_heading,Completa la muznâkan de Narvi,
ST_LoreEntry::sb45_Rebuilding_Altars_Complete_Ori_heading,Completa la muznâkan de Ori,
ST_LoreEntry::sb50_Rebuilding_Altars_Complete_Telchar_heading,Completa la muznâkan de Telchar,
ST_LoreEntry::3-4_BelegostForge_ContinuePR_Heading,Continúa en la Ruta de los Peregrinos,
ST_LoreEntry::5-3_NainsGrave_DurinMonument,"¿Podría ser esta la respuesta al acertijo? Durin jamás había fracasado antes, pero tampoco se había enfrentado a ninguna criatura como el horror que dormía bajo Caradhras. ¿Acaso habría alguna vez otro Durin?<lf><lf><Lore.BoldItalic>Durin VI, rey de Khazad-dûm. Tercera Edad</><lf><Lore.Italic>Ay, rey Durin, nuestro más querido,</><lf><Lore.Italic>entre nuestras murallas, al terror plantó cara.</> <lf><Lore.Italic>La bestia despertó bajo la montaña, liberando un gran alarido.</><lf><Lore.Italic>Sangre, fuego y sombras que retumban, como si nada importara.</><lf><Lore.Italic>Ay, Durin el Perdido, ante un horror ancestral caído,</><lf><Lore.Italic>nuestro padre se ha ido, pero en nuestros corazones, nada nos separa.</>",
ST_LoreEntry::3-4_G_Library_5_GiveHammer_Heading,Fabrica un Martillo de Shanôr,
ST_LoreEntry::4-5_G_DurinsForge_PJ_ClearCurse_Subhead,Busca la forma de destruir las maldiciones de la sombra y la roca corrupta que te impide entrar en la encrucijada,
ST_LoreEntry::2-3A_BlockedHighwayWestMine_1_Heading,Maldición en todos los caminos,
ST_LoreEntry::3_2A_Orctown_2_Heading,Guarida de los Orcos de las Profundidades,
ST_LoreEntry::5-4_GhashTown_Reseal,"¡Por las estrellas de las profundidades! ¡Esto que ven mis ojos es el <Lore.Italic>Gushum Âzanul</>, el legendario pozo de la sombra desde donde la esencia de Morgoth escapa hacia el mundo exterior! Cuenta la leyenda que el rey Durin el Inmortal lo selló con las runas y las barreras más poderosas de las tres edades de este mundo. Y esos asquerosos <Lore.Italic>rakhâs</> lo han destrozado todo.<lf><lf>Ahora debo sellarlo de nuevo.",
ST_LoreEntry::4-5_G_DurinsForge_2_SeeKing_Subhead,Derrota al líder de la tribu de los Ojos Rojos,
ST_LoreEntry::2-3B_CrystalDescentEntrance_5_Descend_Heading,Desciende hasta los abismos inferiores,
ST_LoreEntry::sb40_Rebuilding_Orcs_Destroy_Bolgahk_heading,"Acaba con Bolgakh, el jefe de guerra de los orcos nativos",
ST_LoreEntry::sb41_Rebuilding_Orcs_Destroy_Deep_Orc_Leader_heading,Acaba con el jefe de guerra de los orcos de las profundidades,
ST_LoreEntry::sb43_Rebuilding_Orcs_Destroy_Gundabad_Orc_Leader_heading,Acaba con el jefe de guerra de los orcos de Gundabad,
ST_LoreEntry::sb42_Rebuilding_Orcs_Destroy_Red_Eye_Orc_Leader_heading,Acaba con el jefe de guerra de los orcos de ojos rojos,
ST_LoreEntry::sb44_Rebuilding_Orcs_Destroy_Shadow_Orc_Leader_heading,Acaba con el jefe de guerra de los orcos de las sombras,
ST_LoreEntry::4-5_G_DurinsForge_2_SeeKing_Heading,Destrona al Rey Troll,
ST_LoreEntry::4-1_G_Bridge_5_Raven_Mazarbul_Heading,Descubre la Cámara de Mazarbul,
ST_LoreEntry::2-1_ElvenPromenade_11_DigThrough_Subhead,Atraviesa los escombros que llevan<lf>hasta las Minas de Moria,
ST_LoreEntry::4-3_21stHall_5_KhazadstoneInfo,"Tras leer concienzudamente los pocos registros que quedan en la Cámara de Mazarbul, he encontrado uno que podría ayudarme en la búsqueda de la piedra khazâd. Si Durin VI no se alejó nunca demasiado de ella, es posible que se la llevase a la gran forja durante su derrota.<lf><lf><Lore.Italic>La criatura de la sombra se va acercando y no puedo poner en peligro a ninguno de los herederos de la casa de Durin. Ahora mismo regreso de lo que será mi última visita a la tumba de los reyes. He arrebatado de su lugar la piedra de nuestro pueblo y ahora la llevo conmigo, escondida. Una vez nos deshagamos de este monstruo, la devolveré a su lugar. </><lf><Lore.Italic>—Durin VI</>",
"ST_LoreEntry::sb35_Rebuilding_Forges_Light_Narvi's_Forge_subhead",Descubre artesanía élfica y de acero en esta antigua fragua,
ST_LoreEntry::sb36_Rebuilding_Forges_Light_Belegost_Forge_subhead,Descubre armaduras de la Primera Edad en esta antigua fragua,
ST_LoreEntry::sb37_Rebuilding_Forges_Light_Nogrod_Forge_subhead,Descubre armas ancestrales en esta antigua fragua,
"ST_LoreEntry::sb38_Rebuilding_Forges_Light_Durin's_Forge_subhead",Descubre artesanía del flagelo de la sombra en esta antigua fragua,
ST_LoreEntry::sb39_Rebuilding_Forges_Light_Mithril_Forge_subhead,Descubre artesanía de mithril en esta antigua fragua,
ST_LoreEntry::4-5_G_DurinsForge_PJ_ClearCurse_Heading,Rompe la maldición,
ST_LoreEntry::5-1_G_Crossroads_PJ_1_Killdragon_Subhead,Haz lo que sea necesario para acabar con su presencia en Moria,
ST_LoreEntry::sb10_Sandbox_Shadow_Kill_the_Shadow_Dragon_subhead,Haz lo que sea necesario para acabar con la presencia de ella en Moria,
ST_LoreEntry::6-1_DimrilGate_DurinsReturn,"Durian el Último nos llevará de vuelta a Khazad-dûm. Hasta entonces, se me ha nombrado señor de Moria. Mi labor consiste en prepararme para el día en el que regrese alguien más que mi pequeña compañía.",
ST_LoreEntry::4-4_G_BlockedHighwayEast_AxeReforged_Heading,Hacha de Durin,
ST_LoreEntry::4-5_G_DurinsForge_DurinsAxeReforged_Heading,¡Has reforjado el hacha de Durin!,
ST_LoreEntry::4-5_G_DurinsForge_DurinsAxeReforged,"¡El <Lore.Bold.Gold>hacha de Durin</> es un pico! No es una simple arma, sino más bien una herramienta para que el deber de la casa Durin pueda hacer frente a las <Lore.Bold.Purple>sombras</> que se propagan bajo la montaña. Puede repeler a las sombras y romper las maldiciones de la dragona. ",
ST_LoreEntry::2-3A_NexusMineA_2,"El Camino de Durin es la ruta más directa hacia la salida este. La entrada de la Puerta Oeste estaba bloqueada, pero Aric, el Cuervo, cree que la puerta de las Minas podría seguir abierta.",
ST_LoreEntry::3-4_G_Tomb_3_DurinsVictory_Heading,La victoria de Durin,
ST_LoreEntry::sb45_Rebuilding_Altars_Complete_Ori_body,"Cada familia enana esculpe retratos de sus familiares en piedra. Una <Lore.Italic>muznâkan</> es una mesa tradicional donde la familia se reúne para rendir homenaje y dar gracias a sus antepasados, en la segunda luna llena después del Día de Durin. Cuando Khazad-dûm cayó, muchos enanos se vieron obligados a dejar atrás las figuras de su <Lore.Italic>muznâkan</>. Si las encontramos y las devolvemos a sus propietarios, descubriremos información que solo tenían dichas familias.",
ST_LoreEntry::sb46_Rebuilding_Altars_Complete_Narvi_body,"Cada familia enana esculpe retratos de sus familiares en piedra. Una <Lore.Italic>muznâkan</> es una mesa tradicional donde la familia se reúne para rendir homenaje y dar gracias a sus antepasados, en la segunda luna llena después del Día de Durin. Cuando Khazad-dûm cayó, muchos enanos se vieron obligados a dejar atrás las figuras de su <Lore.Italic>muznâkan</>. Si las encontramos y las devolvemos a sus propietarios, descubriremos información que solo tenían dichas familias.",
ST_LoreEntry::sb47_Rebuilding_Altars_Complete_Garin_body,"Cada familia enana esculpe retratos de sus familiares en piedra. Una <Lore.Italic>muznâkan</> es una mesa tradicional donde la familia se reúne para rendir homenaje y dar gracias a sus antepasados, en la segunda luna llena después del Día de Durin. Cuando Khazad-dûm cayó, muchos enanos se vieron obligados a dejar atrás las figuras de su <Lore.Italic>muznâkan</>. Si las encontramos y las devolvemos a sus propietarios, descubriremos información que solo tenían dichas familias.",
ST_LoreEntry::sb48_Rebuilding_Altars_Complete_Durin_body,"Cada familia enana esculpe retratos de sus familiares en piedra. Una <Lore.Italic>muznâkan</> es una mesa tradicional donde la familia se reúne para rendir homenaje y dar gracias a sus antepasados, en la segunda luna llena después del Día de Durin. Cuando Khazad-dûm cayó, muchos enanos se vieron obligados a dejar atrás las figuras de su <Lore.Italic>muznâkan</>. Si las encontramos y las devolvemos a sus propietarios, descubriremos información que solo tenían dichas familias.",
ST_LoreEntry::sb49_Rebuilding_Altars_Complete_Fundin_body,"Cada familia enana esculpe retratos de sus familiares en piedra. Una <Lore.Italic>muznâkan</> es una mesa tradicional donde la familia se reúne para rendir homenaje y dar gracias a sus antepasados, en la segunda luna llena después del Día de Durin. Cuando Khazad-dûm cayó, muchos enanos se vieron obligados a dejar atrás las figuras de su <Lore.Italic>muznâkan</>. Si las encontramos y las devolvemos a sus propietarios, descubriremos información que solo tenían dichas familias.",
ST_LoreEntry::sb50_Rebuilding_Altars_Complete_Telchar_body,"Cada familia enana esculpe retratos de sus familiares en piedra. Una <Lore.Italic>muznâkan</> es una mesa tradicional donde la familia se reúne para rendir homenaje y dar gracias a sus antepasados, en la segunda luna llena después del Día de Durin. Cuando Khazad-dûm cayó, muchos enanos se vieron obligados a dejar atrás las figuras de su <Lore.Italic>muznâkan</>. Si las encontramos y las devolvemos a sus propietarios, descubriremos información que solo tenían dichas familias.",
ST_LoreEntry::sb51_Rebuilding_Altars_Complete_Gimol_body,"Cada familia enana esculpe retratos de sus familiares en piedra. Una <Lore.Italic>muznâkan</> es una mesa tradicional donde la familia se reúne para rendir homenaje y dar gracias a sus antepasados, en la segunda luna llena después del Día de Durin. Cuando Khazad-dûm cayó, muchos enanos se vieron obligados a dejar atrás las figuras de sus <Lore.Italic>muznâkan</>. Si las encontramos y las devolvemos a sus propietarios, descubriremos información que solo tenían dichas familias.",
ST_LoreEntry::4-3_Dwarrowdelf_Shadow,"En cada roca o puerta maldita que encontramos, hay más sombras como esta. ¿Podría ser ella la causante de todo esto?",
ST_LoreEntry::5-3_Orctowns_Complete,"Cada una de las cinco tribus de Moria han tenido que evacuar sus guaridas improvisadas. Podemos respirar más tranquilos y tomar menos precauciones. Sin embargo, no podemos bajar la guardia porque aún no ha llegado el día en que hayamos acabado con todos los <Lore.Italic>rakhâs.</>",
ST_LoreEntry::sb_55_Rebuilding_DurinStatues_Durin1_body,"Con cada estatua que restauramos, ahuyentamos las sombras y preparamos nuestros corazones para el viaje que tenemos por delante",
ST_LoreEntry::sb_56_Rebuilding_DurinStatues_Durin2_body,"Con cada estatua que restauramos, ahuyentamos las sombras y preparamos nuestros corazones para el viaje que tenemos por delante",
ST_LoreEntry::sb_57_Rebuilding_DurinStatues_Durin3_body,"Con cada estatua que restauramos, ahuyentamos las sombras y preparamos nuestros corazones para el viaje que tenemos por delante",
ST_LoreEntry::sb_58_Rebuilding_DurinStatues_Durin4_body,"Con cada estatua que restauramos, ahuyentamos las sombras y preparamos nuestros corazones para el viaje que tenemos por delante",
ST_LoreEntry::sb_59_Rebuilding_DurinStatues_Durin5_body,"Con cada estatua que restauramos, ahuyentamos las sombras y preparamos nuestros corazones para el viaje que tenemos por delante",
ST_LoreEntry::sb_60_Rebuilding_DurinStatues_Durin6_body,"Con cada estatua que restauramos, ahuyentamos las sombras y preparamos nuestros corazones para el viaje que tenemos por delante",
ST_LoreEntry::4-4_G_Dwarrowdelf_DurinMonument,"Cada vez que ha ocurrido una desgracia, Durin siempre ha despertado para ayudarnos.<lf><lf><Lore.Bold>Durin IV, Rey de Khazad-dûm, finales de la Segunda Edad</><lf><Lore.Italic>Firme contra la sombra</><lf><Lore.Italic>que deambula por las tierras.</><lf><Lore.Italic>Llevando Khazad a la victoria, </><lf><Lore.Italic>con la Última Alianza que queda en nuestra memoria.</><lf><Lore.Italic>¡Durin el Aliado!</><lf><Lore.Italic>Un guerrero y amigo amado.</><lf><Lore.Italic>Construye nuestras Salas en las profundidades, </><lf><Lore.Italic>no habrá enemigo que nos pueda en ninguna de las edades.</><lf><Lore.Italic>Con Durin IV, nuestro Rey, </><lf><Lore.Italic>Khazad-dûm jamás morirá, es ley.</>",
ST_LoreEntry::4-3_G_EasternBastion_RedEyeOrc_3_Heading,Mentiras élficas y esperanzas orcas,
ST_LoreEntry::2-1_ElvenPromenade_10_Digtomines_Heading,Entra en las Minas de Moria,
ST_LoreEntry::4-5_DurinsForge_BoS_4_Subhead,Entra en la montaña de Baranzinbar a través de la Encrucijada de Khazad-dûm,
ST_LoreEntry::5-3_G_AngryCaverns_ShadowOrc_2_Heading,Cautivación,
"ST_LoreEntry::sb8_Sandbox_Shadow_Find_the_Dragon's_Hoard_body","Todos los orcos de Moria temen a la criatura de las sombras a la que llaman «ella». En cuanto la encontremos, planearemos una forma de librar Khazad-dûm de su influencia.",
ST_LoreEntry::5-4_G_BoneHoard_PJ2_Heading,Sal por la Puerta de Dimrill,
ST_LoreEntry::sb3_Sandbox_Escape_Exit_the_Dimrill_Gate_heading,Atraviesa la puerta de Dimrill,
ST_LoreEntry::2-1_ElvenPromenade_2_Subhead,Explora esta parte tan extraña de Moria y busca la forma de llegar hasta las Minas,
ST_LoreEntry::2-1_DoorsOfDurin_10_Heading,Explora hasta que vuelva Aric,
ST_LoreEntry::sb1_Sandbox_Escape_Seek_the_Dimrill_Gate_heading,Enfréntate a la larga oscuridad de Moria,
ST_LoreEntry::5-4_G_GhashTown_Shadow_Duty_Heading,La lucha contra la Sombra continúa,
ST_LoreEntry::sb6_Sandbox_Escape_Find_the_Chamber_of_Mazarbul_heading,Encuentra la Cámara de los Registros,
ST_LoreEntry::2-2_ElvenPromenade_9_Subhead,Busca una Gran Forja con temperatura suficiente para reforjar esta poderosa herramienta,
ST_LoreEntry::2-1_BlockedHighway_4_Heading,Busca un atajo hasta las Minas,
ST_LoreEntry::sb_55_Rebuilding_DurinStatues_Durin1_subhead,Encuentra y venera esta gran estatua,
ST_LoreEntry::sb_56_Rebuilding_DurinStatues_Durin2_subhead,Encuentra y venera esta gran estatua,
ST_LoreEntry::sb_57_Rebuilding_DurinStatues_Durin3_subhead,Encuentra y venera esta gran estatua,
ST_LoreEntry::sb_58_Rebuilding_DurinStatues_Durin4_subhead,Encuentra y venera esta gran estatua,
ST_LoreEntry::sb_59_Rebuilding_DurinStatues_Durin5_subhead,Encuentra y venera esta gran estatua,
ST_LoreEntry::sb_60_Rebuilding_DurinStatues_Durin6_subhead,Encuentra y venera esta gran estatua,
ST_LoreEntry::4-1_Bridge_TalktoAric_Subhead,Entérate de lo que Aric ha descubierto,
ST_LoreEntry::2-1_Aftermath_2_Raven_Subhead,Descubre quién es el cuervo y qué sabe sobre el accidente,
ST_LoreEntry::2-1_G_AxeFragment_1_Waypoint_Heading,Busca el fragmento de la Hacha,
ST_LoreEntry::2-3A_BlockedHighwayWestMine_3_Heading,Busca el Descenso de Cristal,
ST_LoreEntry::5-3_G_NainsGrave_PJ_Heading,Busca el alijo de la dragona,
ST_LoreEntry::3-2B_G_LowerDeeps_1_ForgeGate_Heading,Busca las bombas de drenaje,
ST_LoreEntry::4-4_G_GundabadTown_DurinsAxe_ArriveWP_Heading,Busca el quinto fragmento de la Hacha,
ST_LoreEntry::4-3_G_PosterNexus_DurinAxe_ArriveWP_Heading,Busca el cuarto fragmento de la Hacha,
ST_LoreEntry::5-1_G_Crossroads_PJ_2_ForgeMithrilWeapons_Subhead,Busca la gran forja de mithril y da forma a la lanza de mithril,
ST_LoreEntry::2-3_G_AxeFragment_2_Waypoint_Heading,Busca el segundo fragmento de la Hacha,
ST_LoreEntry::sb4_Sandbox_Escape_Seek_the_Doors_of_Durin_subhead,"Encuentra las Puertas de Durin, el punto más occidental",
ST_LoreEntry::3-2B_G_TrollCave_DurinAxe_ArriveWP_Heading,Busca el tercer fragmento de la Hacha,
ST_LoreEntry::sb45_Rebuilding_Altars_Complete_Ori_subhead,Encuentra la muznâkan y sus figuras para descubrir reliquias de familia,
ST_LoreEntry::sb46_Rebuilding_Altars_Complete_Narvi_subhead,Encuentra la muznâkan y sus figuras para descubrir reliquias de familia,
ST_LoreEntry::sb47_Rebuilding_Altars_Complete_Garin_subhead,Encuentra la muznâkan y sus figuras para descubrir reliquias de familia,
ST_LoreEntry::sb48_Rebuilding_Altars_Complete_Durin_subhead,Encuentra la muznâkan y sus figuras para descubrir reliquias de familia,
ST_LoreEntry::sb49_Rebuilding_Altars_Complete_Fundin_subhead,Encuentra la muznâkan y sus figuras para descubrir reliquias de familia,
ST_LoreEntry::sb50_Rebuilding_Altars_Complete_Telchar_subhead,Encuentra la muznâkan y sus figuras para descubrir reliquias de familia,
ST_LoreEntry::sb51_Rebuilding_Altars_Complete_Gimol_subhead,Encuentra la muznâkan y sus figuras para descubrir reliquias de familia,
ST_LoreEntry::4-3_21stHall_1_ToAxeFragment4_Heading,Órdenes de Flói,
ST_LoreEntry::3-1_G_CrystalDescent_1_PJ_Heading,Sigue la ruta de los peregrinos,
ST_LoreEntry::2-1_ElvenPromenade_10_Digtomines_Subhead,Sigue el camino con arcos hacia las Minas,
ST_LoreEntry::2-1_DoorsOfDurin_12_SeekDurinsHighway_Subhead,Sigue tu mapa hasta la entrada del camino,
ST_LoreEntry::6-1_DimrilGate_ByeAric_Subhead,"Habla por última vez con Aric, hijo de Arac",
ST_LoreEntry::5-1_G_Crossroads_PJ_2_ForgeMithrilWeapons_Heading,Forja un arma de mithril,
ST_LoreEntry::2-2_ElvenPromenade_9_Heading,Forja un pico de Acero,
ST_LoreEntry::sb2_Sandbox_Escape_Rebuild_the_Bridge_subhead,Forja un martillo de adamanto y reúne los recursos necesario para reconstruir el puente de Khazad-dûm,
ST_LoreEntry::sb9_Sandbox_Shadow_Forge_the_Dragon_Bane_Weapon_heading,Forja el arma Flagelo de Dragones,
ST_LoreEntry::2-2_Horde_1_Heading,El rugido de la forja ha alertado a una horda,
ST_LoreEntry::2-1_Aftermath_3_OrcEn,"Los <Lore.Bold>trasgos feroces</> de Moria son criaturas sedientas de sangre, una plaga hedionda. Son incapaces de articular palabra inteligible y habitan los túneles y las cavernas de Khazad-dûm. <lf><lf>No hace falta salir a buscarlos, ellos te encontrarán.",
ST_LoreEntry::5-4_G_BoneHoard_Khazadstone_Heading,¡Encontrada!,
ST_LoreEntry::2-3A_BalinCamp2_2_Heading,Las notas de Frár,
ST_LoreEntry::4-3_21stHall_4_GatherDurinsAxe_Heading,Consigue todos los fragmentos de la Hacha de Durin,
ST_LoreEntry::2-3A_BalinCamp2_5_Subhead,"Consigue cobre y estaño, forja la llave y abre el cofre de Loni.",
ST_LoreEntry::4-1_G_BalinCamp3_1_AxeInfo_Subhead,"Consigue cobre, estaño y plata, forja una llave y abre el cofre de Óin.",
ST_LoreEntry::4-3_G_BalinCamp4_2_LockedBox_2_Subhead,Consigue hierro y oro y usa la forja para crear una llave y abrir el cofre de Balin,
ST_LoreEntry::4-4_G_BalinCamp5_LockedBox_2_Subhead,Consigue hierro y oro y usa la forja para crear una llave y abrir el cofre de Frár,
ST_LoreEntry::2-1_DoorsOfDurin_7_Subhead,Consigue hierro y usa la forja para crear una llave y abrir el cofre de Ori,
ST_LoreEntry::2-1_Aftermath_1_Heading,Consigue suministros,
ST_LoreEntry::3-4_G_EasternStairs_2_Broken_Subhead,Consigue los recursos necesarios para reconstruir el camino hacia la superficie,
ST_LoreEntry::3-2B_G_Drainworks_1_ArriveWP_Heading,Llega hasta las bombas de drenaje,
ST_LoreEntry::2-1_G_AxeFragment_1_Search_Subhead,Ve a la zona marcada en el mapa y busca un fragmento de la Hacha de Durin.,
ST_LoreEntry::2-3A_G_BalinCamp2_3_Subhead,Ve a la zona marcada en el mapa y busca un fragmento de la Hacha de Durin.,
ST_LoreEntry::4-1_G_BalinCamp3_4_WP_Subhead,Ve a la zona marcada en el mapa y busca un fragmento de la Hacha de Durin.,
ST_LoreEntry::4-3_G_BalinCamp4_2_LockedBox_Subhead,Ve a la zona marcada en el mapa y busca un fragmento de la Hacha de Durin,
ST_LoreEntry::4-4_G_BalrogsWake_BalinCamp5React_Subhead,Ve a la zona marcada en el mapa y busca un fragmento de la Hacha de Durin.,
ST_LoreEntry::4-3_21stHall_FindBalinCampE_Subhead,Ve a la ubicación del Puesto Avanzado de Balin y busca las pistas del quinto fragmento de la Hacha,
ST_LoreEntry::4-3_21stHall_FindBalinCampA_Subhead,Ve a la ubicación del Puesto Avanzado de Balin y busca las pistas del primer fragmento de la Hacha,
ST_LoreEntry::4-3_21stHall_FindBalinCampB_Subhead,Ve a la ubicación del Puesto Avanzado de Balin y busca las pistas del segundo fragmento de la Hacha,
ST_LoreEntry::4-3_21stHall_FindBalinCampC_Subhead,Ve a la ubicación del Puesto Avanzado de Balin y busca las pistas del tercer fragmento de la Hacha,
ST_LoreEntry::4-5_Crossroads_3_TalktoAric_Heading,Saluda a Aric,
ST_LoreEntry::4-4_Orctown_4_Heading,Campamento en Gundabad,
ST_LoreEntry::4-4_G_Desolation_Gundabad_3_Heading,Los Orcos de Gundabad han quedado atrapados,
ST_LoreEntry::4-4_G_Desolation_Gundabad_2_Heading,Los orcos de Gundabad odian a los de Mordor,
ST_LoreEntry::4-4_G_Desolation_Gundabad_GundabadSlag_Heading,Escoria de Gundabad,
ST_LoreEntry::2-2_ElvenPromenade_5.1_Heading,Enemigo de otros orcos,
ST_LoreEntry::3-2A_Grottos_6_DeepOrcConvo_2_Heading,Persecución en las Profundidades,
ST_LoreEntry::2-3A_BalinCamp2_1,"He encontrado una carta del rey Dáin a Balin. Parece que no estaban de acuerdo en que Balin emprendiese su aventura.<lf><lf><Lore.Italic>Mi querido primo Balin,</> <lf><Lore.Italic>Me sigo sintiendo como el día en el que vi la puerta de Dimrill. Aún no ha llegado el momento de volver a Moria. Ya conoces las leyendas. Aunque encuentres todos los fragmentos del hacha de Durin, seguiremos necesitando algo más.</> <lf><lf><Lore.Italic>Takfa Durin rabyâ khudrir nakhl' imdurta. La fuerza también reside en la paciencia, primo mío, así que debemos esperar el regreso de Durin. Para que la casa de Durin prevalezca en Khazad-dûm en el futuro, debemos esperar.</> <lf><lf><Lore.Italic>—Dáin Pie de Hierro</>",
ST_LoreEntry::4-4_G_GundabadTown_DurinsAxe_Reforge,"¡He encontrado todos los fragmentos del hacha de Durin y ahora puedo volver a forjar el arma! Aunque, para eso, primero debo llegar a la gran forja de Durin. Volverá a nacer la leyenda.",
ST_LoreEntry::3-2B_G_Drainworks_1_ArriveWP,"He encontrado las bombas, pero están en una isla en medio de un lago subterráneo. ¿Que qué voy a hacer? ¡Pues construirme la forma de llegar, claro!",
ST_LoreEntry::3-2B_G_LowerDeeps_1_ForgeGate,"Sé que gran parte de los abismos quedaron anegados. Las runas de esta puerta hablan de unas bombas que drenan agua. ¡Pues claro! Los enanos de la Segunda Edad no vivían en el agua.<lf><lf>Si encuentro las bombas, podré despejar el camino. ",
ST_LoreEntry::5-4_BalrogsNest_Raven,Debo informar a Aric de que hemos acabado con la dragona.,
ST_LoreEntry::3-4_G_AricTheRaven_4_Library,"Necesito un martillo más potente para reconstruir las Escaleras Orientales. Aric cree que encontraré la información para construir uno en la Biblioteca de los Peregrinos, de la cual solo he oído hablar en las leyendas.",
ST_LoreEntry::2-3_G_AxeFragment_2_Waypoint,"Tengo que buscar el fragmento de la Hacha de Durin en esta zona. <lf><lf>La investigación de Lóni indica que debería estar en esta zona, ahora ocupada por los Orcos. Si ya lo han encontrado, seguramente esté cerca del mismísimo Bolgakh.",
ST_LoreEntry::6-1_DimrillGate_RetrieveKhazadstone,"Tengo que llevarle la piedra khazâd al rey Thorin. Debo recuperarla de la tumba de Náin, en la fragua de mithril, y atravesar la puerta de Dimrill.",
ST_LoreEntry::2-1_DoorsOfDurin_12_SeekDurinsHighway,"Siempre había querido ver Moria desde dentro, pero ahora lo único que anhelo es salir de aquí. La Puerta de Dimrill está a varias leguas al este. Tengo que buscar el Camino de Durin, que es la forma más directa de llegar hasta allí.<lf><lf><Lore.italic>¡Nakbûr baglûr bî!</> ¡¿Pero qué ha ocurrido en el campamento?! Cuando consigamos escapar de las Montañas, encontraremos más respuestas.",
ST_LoreEntry::4-5_Crossroads_3_TalktoAric,"No sabía si volvería a verlo de nuevo, ¡pero ahora tengo muchísimas cosas que contarle!",
ST_LoreEntry::3-2A_Grottos_6_DeepOrcConvo,"En las profundidades de mi montaña natal, no hemos visto orcos de este tipo. Ni siquiera odian la luz del sol, ¡deben de haber pasado por penurias! Además, estos orcos de las profundidades se quejan de que los del exterior vengan a Moria a arrasar sus riquezas. ¿Acaso hablan de los trasgos o de los demás orcos?<lf><lf>¡Qué criaturas tan horribles! No quiero ni pensar en lo que harían a los trasgos si les echasen el guante.",
ST_LoreEntry::2-3B_OrcsAndGoblins_1_Heading,Graba las runas de poder,
ST_LoreEntry::5-3_G_NainsGrave_BoS_6,"Parece que el joven rey comenzó aquí a contar su última batalla.<lf><lf><Lore.Italic>Hemos tomado la gran forja de mithril como nuestra fortaleza y nos preparamos para nuestra última batalla. En silencio, antes de enfrentarnos a la sombra, la piedra khazâd me llama. Mi padre la guardó en secreto, llevándola siempre cerca, más que su anillo incluso. Jamás hablamos de esta reliquia de la Primera Edad. Mi abuela me contaba historias de cuando esperaba el regreso de su progenitor, mi padre, sosteniendo esta misma piedra, con la esperanza de que se pareciese a Durin.</><lf><Lore.Italic>—Rey Náin</>",
ST_LoreEntry::4-4_G_Desolation_Gundabad_3,Parece que estos Orcos de Gundabad solo vinieron a Moria para una incursión; puede que para conseguir suministros para su enfrentamiento contra el Rey Thorin Yelmo de Piedra. No cabe duda de que no les gusta estar atrapados dentro de esta Montaña. ,
ST_LoreEntry::2-1_Aftermath_2_OrcEn,"Era mucho esperar que los orcos de Moria se marchasen a la guerra y jamás volviesen. Parece que han sobrevivido o que... jamás se marcharon.<lf><lf>No sé con ciencia cierta cuántos orcos vagan por estas montañas, pero hay tantos que ahora llaman Orcópolis a toda esta zona. Me he enterado de que planean seguirme la pista, así que más vale que vaya arma en mano.",
ST_LoreEntry::2-1_DoorsOfDurin_9,"He encontrado un pergamino escrito en élfico:<lf><lf><Lore.Italic>Día de Durin, Tercera Edad, año 2989</><lf><lf><Lore.Italic>Balin ha enviado a cinco de los nuestros para levantar puestos de avanzada en los lugares más recónditos de Moria. Aquí comienza nuestra búsqueda.</><lf><lf><Lore.Italic>—Ori</>",
ST_LoreEntry::2-1_DoorsOfDurin_8,"He encontrado un pergamino en manos élficas:<lf><lf><Lore.Italic>22 de marzo de la Tercera Edad, año 2993</><lf><lf><Lore.Italic>Aún no hemos encontrado ninguno de los fragmentos del </><Lore.BoldItalic.Gold>hacha de Durin</> <Lore.Italic>en la Puerta Oeste, aunque se rumorea que debería estar aquí. Ha pasado una edad completa desde que un enano caminó por estas salas y, con la más mínima esperanza, buscamos por aquellos lugares en los fragmentos deberían estar, según los tomos.</><lf><lf><Lore.Italic>—Ori</>",
ST_LoreEntry::4-5_G_DurinsForge_BoS_1,"He encontrado las páginas de un tomo ancestral que supuestamente están escritas por el príncipe Náin.<lf><lf><Lore.Italic>Tercera Edad, año 1980</><lf><Lore.Italic>Nos adentramos en las profundidades en busca de mithril, este mineral brillante y de una belleza sin igual. Pero entonces, bajo Barazinbar, la bestia despertó.</> <lf><lf><Lore.Italic>La bestia ahora deambula en busca de sangre por nuestras salas, desatando el caos y el miedo. Desde hace tres días, se libra una feroz batalla en el Abismo Negro, que sigue a día de hoy. Se ha derramado demasiada sangre de nuestro pueblo. Muchos son los soldados y las familias inocentes que yacen inertes bajo la piedra ennegrecida. Tantos hogares destruidos... Parece que no podemos defendernos de tal amenaza desde el interior de la montaña.</> <lf>",
ST_LoreEntry::3-1_G_CrystalDescent_1_PJ,"¡He encontrado la ruta de los peregrinos! Si la historia es cierta, este camino lleva desde los abismos inferiores al puente de Khazad-dûm, pasando por las escaleras orientales... ¡La salida estaría cerca, entonces!",
ST_LoreEntry::4-1_21stHall_2_FindInfo,He encontrado el último lugar por el que pasó la Compañía de Balin. Estuvieron aquí durante cinco años y seguro que recopilaron información sobre la piedra khazad y dónde estaba tras la caída de Khazad-dûm.,
ST_LoreEntry::2-3_AxeFragment_B_Found,"¡He recuperado el fragmento del hacha de Durin de Orcópolis! Este fragmento es parte del mango, pero me cuesta discernir muchos más detalles. Las impías zarpas que los orcos tienen por manos han destrozado gran parte del diamante negro.<lf><lf>Parece que la Compañía de Balin sabía que el hacha se había dividido en diferentes partes y dónde debían buscarlas, pero... ¿con qué propósito?",
ST_LoreEntry::3-2B_G_Drainworks_4_ForgeClear_Subhead,"Vuelve a la puerta bloqueada, ahora que no está anegada por el agua",
ST_LoreEntry::sb1_Sandbox_Escape_Seek_the_Dimrill_Gate_subhead,Dirígete al este hacia la Puerta del Valle del Arrollo Sombrío,
ST_LoreEntry::5-1_G_Crossroads_PJ_1_Killdragon_Heading,Mata a la dragona,
ST_LoreEntry::sb10_Sandbox_Shadow_Kill_the_Shadow_Dragon_heading,Mata a la dragona,
ST_LoreEntry::2-3A_BalinCamp2_1_Heading,Carta del rey Dáin Pie de Hierro,
ST_LoreEntry::sb7_Sandbox_Escape_Find_the_Khazadstone_body,"Temiendo perderla, el rey Náin se llevó la piedra khazâd a su último enfrentamiento contra el Balrog. Debemos adentrarnos en las profundidades para encontrarla.",
ST_LoreEntry::5-1_G_Crossroads_PJ_1_Killdragon,"El rey Thorin ha pedido que se acabe con <Lore.Italic>Narag-Shazôn</>. Hasta que no derrotemos a la amenaza que se cierne sobre Moria, estas montañas jamás serán seguras para los enanos.",
ST_LoreEntry::4-1_G_Bridge_Raven_AboutKhazadstone,"El rey Thorin de Erebor me ha pedido que busque la piedra khazâd. Debe de ser la misma piedra que ha desaparecido de la tumba de Durin VII. Esta piedra tiene un significado muy importante, así que más vale que la encuentre...",
ST_LoreEntry::2-3A_Mines_ShadowLamp_Intro_Heading,Las lámparas ahuyentan a las sombras,
ST_LoreEntry::2-1_WestGate_1_PostSiege,"La otra noche, atacaron nuestro pequeño campamento. No era una horda de orcos como cuentan las leyendas, pero una oleada de <Lore.Italic>rakhâs</> atacaron sin piedad las defensas enanas. Ahora debemos reforzar la vigilancia, además de reparar las murallas. ",
"ST_LoreEntry::sb8_Sandbox_Shadow_Find_the_Dragon's_Hoard_heading",Encuentra el lugar donde se esconde «ella»,
ST_LoreEntry::sb6_1_Sandbox_Escape_Find_Tomb_body,"El señor Gimli habló de una llave que buscaba. Estudió detenidamente mapas antiguos, con la esperanza de encontrar lo que está enterrado con Durin el Inmortal. ",
ST_LoreEntry::5-4_G_BoneHoard_PJ2_Subhead,"Reúnete con el Rey Thorin y Gimli en Lago Espejo, a través de la Puerta Este de Dimrill",
ST_LoreEntry::2-1_DoorsOfDurin_11_TalktoAric_Heading,Reúnete con Aric,
ST_LoreEntry::2-3_BlockedHighwayWestMine_5_TalktoAric_Heading,Reúnete con Aric,
ST_LoreEntry::6-1_DimrilGate_DurinsReturn_Subhead,"Extrae mithril, restaura Abismo Negro y haz de las montañas un lugar seguro",
ST_LoreEntry::2-3B_OrcsAndGoblins_1_Subhead,Extrae zafiros y usa la mesa de runas para aumentar el poder del arma contra los orcos,
ST_LoreEntry::2-1_WesternTown_DurinStatue_Heading,Monumentos a Durin para levantar el ánimo,
ST_LoreEntry::2-3A_OrcsAndGoblins_2_Heading,Tribu de Moria obligada a huir hacia las Minas,
ST_LoreEntry::2-3_BlockedHighwayWestMine_5_TalktoAric,"Mi amigo Aric, hijo de Arac, ha vuelto con noticias. A lo mejor hay un camino en línea recta, libre de peligro, desde aquí hasta el Valle de Dimrill.",
ST_LoreEntry::5-1_Crossroads_PJ_FindNain,"Náin se llevó la piedra khazâd con él cuando se disponía a enfrentarse al flagelo de Durin, cerca de las minas de mithril. Hay dos opciones: que la piedra esté allí o que el último lugar que lo vio con vida albergue algún tipo de pistas sobre su paradero.<lf><lf>Debo buscar bajo Barazinbar, donde luchó contra el Balrog.",
ST_LoreEntry::5-3_G_NainsGrave_DurinMonument_Heading,Tumba de Náin,
ST_LoreEntry::3-1_G_CrystalDescent_1_PJ_Subhead,Sigue el camino ancestral hacia las escaleras orientales,
ST_LoreEntry::2-3A_Horde_2_Heading,El ruido alerta a las hordas,
ST_LoreEntry::4-3_G_EasternBastion_RedEyeOrc_5,Ninguno de los Orcos puede atravesar las maldiciones de la Sombra que la Dragona ha lanzado por toda Moria. Ellos también han quedado atrapados aquí. ,
ST_LoreEntry::4-4_G_Desolation_DurinMonument,"No se sabe mucho de Durin el Asesino. Ojalá esta estatua me proporcionase mayor información. ¿De qué nos salvó?<lf><lf><Lore.BoldItalic>Durin V, rey de Khazad-dûm, Tercera Edad.</><lf><Lore.Italic>Aunque las sombras por todos los reinos se extienden,</><lf><Lore.Italic>protegió las Cumbres Plateadas, por mucho que abunden.</><lf><Lore.Italic>Durin el Asesino, contra toda amenaza luchó,</><lf><Lore.Italic>y minerales de suma belleza consiguió</><lf><Lore.Italic>Celebremos nuestro botín, ha encontrado plata verdadera,</><lf><Lore.Italic>bajo el mando del poderoso rey Durin, nuestra tierra prospera.</>",
ST_LoreEntry::4-5_DurinsForge_BoS_4,"¡El misterio se va aclarando! Como el Rey Náin temía perder la piedra khazâd, se la llevó a su último combate contra el Balrog, del cual nunca volvió. Mi camino me lleva ahora hasta donde su vida llegó a su fin, con la esperanza de que la Piedra esté enterrada con él. El camino atraviesa <Lore.Italic>Tahkur</>, la Encrucijada de Khazad-dûm.",
ST_LoreEntry::2-2_ElvenPromenade_9,Solo podría escarbar en esta tierra compacta con un pico de Acero. Debo restaurar una de las Grandes Forjas de Khazad-dûm y esperar hasta que se caliente lo suficiente como para poder hacer una aleación de hierro y carbón resulte en Acero.,
ST_LoreEntry::4-3_G_BalinCamp4_2_LockedBox_2_Heading,Abrir el cofre de Balin,
ST_LoreEntry::4-4_G_BalinCamp5_LockedBox_2_Heading,Abrir el cofre de Frár,
ST_LoreEntry::2-3A_BalinCamp2_5_Heading,Abre el cofre de Lóni,
ST_LoreEntry::2-1_DoorsOfDurin_7_Heading,Abre el cofre de Ori,
ST_LoreEntry::4-1_G_BalinCamp3_1_AxeInfo_Heading,Abre el cofre de Óin,
ST_LoreEntry::2-2_ElvenPromenade_5.2_Heading,Los orcos evitan el barrio élfico,
ST_LoreEntry::5-3_Orctowns_Complete_Heading,"Orcos subyugados, pero aún presentes",
ST_LoreEntry::2-1_Aftermath_2_OrcEn_Heading,Orcos en Moria,
ST_LoreEntry::2_3A_Orctown_1_Heading,Orcópolis,
ST_LoreEntry::2-1_DoorsOfDurin_8_Heading,Diario de Ori,
ST_LoreEntry::2-1_DoorsOfDurin_9_Heading,Diario de Ori,
ST_LoreEntry::2-1_G_AxeFragment_1_Waypoint,"La investigación de Ori sugiere que debería haber un fragmento de la <Lore.Bold.Gold>Hacha de Durin</> dentro de un edificio oficial, donde no solo sirve como símbolo de la fuerza de Durin, sino también para proteger al reino del mal.<lf><lf>Tengo que explorar esta zona en busca del fragmento de la Hacha de Durin.",
ST_LoreEntry::sb3_Sandbox_Escape_Exit_the_Dimrill_Gate_body,"Nuestro deber como últimos khazâd de Moria no es solo irnos; debemos cumplir las importantísimas tareas que nos encomendó Mahal. Después, saldremos por la Puerta del Valle del Arrollo Sombrío para encontrarnos con el señor Gimli y el rey Thorin.",
ST_LoreEntry::2-1_WestGate_1_PostSiege_Heading,Supervivencia al asedio,
ST_LoreEntry::4-3_G_BalinCamp4_2_DurinAxeInfo_Heading,Página del libro de Mazarbul,
ST_LoreEntry::2-3A_BalinCamp2_2,"Páginas dentro de un sobre, escritas por uno de los miembros de la Compañía de Balin:<lf><lf><Lore.Italic>Me encargaron que protegiese un fragmento del </><Lore.Bold.Gold>hacha de Durin.</> <Lore.Italic> Es un artefacto increíble, su incrustación de diamante negro sigue intacta. Por desgracia, es precisamente esta gema preciosa por la que los orcos codician el hacha. Por tercera vez este año, los orcos se lo han llevado tras un nuevo asalto.</><lf><lf><Lore.Italic>—Frár'</>",
ST_LoreEntry::6-1_DimrillGate_RetrieveKhazadstone_Subhead,Hazte con la piedra khazâd en la tumba de Náin antes de marcharte,
ST_LoreEntry::6-1_DimrilGate_DurinsReturn_Heading,Prepara el regreso de Durin,
ST_LoreEntry::5-3_G_NainsGrave_PJ_Subhead,Prepárate para luchar y luego busca el alijo de la dragona,
ST_LoreEntry::2-1_G_AricTheRaven_3_Heading,Prepárate para la oscuridad sin fin,
ST_LoreEntry::2-1_Aftermath_2_Raven,"¡Los cuervos de Erebor formaban parte de la Compañía! Seguro que es del campamento, así que podrá contarme qué ha pasado y cómo volver.",
ST_LoreEntry::2-3A_NexusMineA_2_Heading,Llega hasta el Camino de Durin,
ST_LoreEntry::4-4_G_GundabadTown_DurinsAxe_Reforge_Subhead,Llega hasta la gran fragua de Durin y reforja el hacha,
ST_LoreEntry::5-4_G_Raven_8_PJ_FixBridge_Heading,Reconstruye el puente,
ST_LoreEntry::sb2_Sandbox_Escape_Rebuild_the_Bridge_heading,Reconstruye el puente,
ST_LoreEntry::3-2B_G_Drainworks_1_Drainworks_Heading,Reconstruye las bombas de drenaje,
ST_LoreEntry::3-4_G_EasternStairs_2_Broken_Heading,Reconstruye las escaleras orientales,
ST_LoreEntry::2-3B_CrystalEntrance_4_Heading,Reconstruye el Montacargas de la Mina,
ST_LoreEntry::sb_55_Rebuilding_DurinStatues_Durin1_heading,Reconstruye el monumento a Durin I,
ST_LoreEntry::sb_56_Rebuilding_DurinStatues_Durin2_heading,Reconstruye el monumento a Durin II,
ST_LoreEntry::sb_57_Rebuilding_DurinStatues_Durin3_heading,Reconstruye el monumento a Durin III,
ST_LoreEntry::sb_58_Rebuilding_DurinStatues_Durin4_heading,Reconstruye el monumento a Durin IV,
ST_LoreEntry::sb_59_Rebuilding_DurinStatues_Durin5_heading,Reconstruye el monumento a Durin V,
ST_LoreEntry::sb_60_Rebuilding_DurinStatues_Durin6_heading,Reconstruye el monumento a Durin VI,
ST_LoreEntry::2-3B_CrystalEntrance_4_Subhead,Recupera los Diamantes Negros de los Orcos y reconstruye el Montacargas de la Mina,
ST_LoreEntry::sb22_Sandbox_Durins_Axe_Reforge_the_Axe_subhead,Recupera los cuatro fragmentos que han robado los orcos y llévalos a la Gran Fragua de Durin,
ST_LoreEntry::sb7_Sandbox_Escape_Find_the_Khazadstone_heading,Recupera la piedra khazâd,
ST_LoreEntry::sb3_Sandbox_Escape_Exit_the_Dimrill_Gate_subhead,"Recupera la piedra khazâd, mata a Narag-Shazôn, reforja el hacha de Durin y reconstruye el puente",
ST_LoreEntry::4-1_Orctown_3_Heading,Fortaleza de la tribu de los ojos rojos,
ST_LoreEntry::3-4_G_AricTheRaven_4_Library_Heading,Redescubre la Biblioteca de los Peregrinos,
ST_LoreEntry::sb22_Sandbox_Durins_Axe_Reforge_the_Axe_heading,Reforja el hacha de Durin,
ST_LoreEntry::4-4_G_GundabadTown_DurinsAxe_Reforge_Heading,¡Reforja el hacha de Durin!,
"ST_LoreEntry::sb38_Rebuilding_Forges_Light_Durin's_Forge_heading",Vuelve a encender la fragua de Durin,
"ST_LoreEntry::sb35_Rebuilding_Forges_Light_Narvi's_Forge_heading",Vuelve a encender la fragua de Narvi,
ST_LoreEntry::sb36_Rebuilding_Forges_Light_Belegost_Forge_heading,Vuelve a encender la fragua de Belegost,
ST_LoreEntry::sb39_Rebuilding_Forges_Light_Mithril_Forge_heading,Vuelve a encender la fragua de mithril,
ST_LoreEntry::sb37_Rebuilding_Forges_Light_Nogrod_Forge_heading,Vuelve a encender la fragua de Nogrod,
ST_LoreEntry::5-3_G_NainsGrave_BoS_4,"¡Increíble! Estas páginas finales están escritas con una letra diferente:<lf><lf><Lore.Italic>Nuestras últimas fuerzas quedaron diezmadas. La criatura de la sombra quemó todo a su paso hasta que el rey cayó y, entonces, se marchó. Solo dos sobrevivimos. Hemos construido apresuradamente una tumba para mi padre mientras evacuamos a los últimos de los nuestros para que abandonen las montañas. Dejo este relato sobre él como último homenaje. Me llevo conmigo el anillo, reliquia de nuestro linaje. No sé por qué esta piedra khazâd ornamentada era tan importante para él, pero la enterraré con él.</><lf><Lore.Italic>—Thráin I</>",
ST_LoreEntry::3-2B_G_Drainworks_1_Drainworks_Subhead,Vuelve a colocar las piezas que faltan y reinicia las bombas de drenaje,
ST_LoreEntry::5-4_GhashTown_Reseal_Heading,Vuelve a sellar las barreras,
ST_LoreEntry::6-1_DimrillGate_RetrieveKhazadstone_Heading,Recupera la piedra khazâd,
ST_LoreEntry::3-2B_G_Drainworks_4_ForgeClear_Heading,Vuelve a la Ruta de los Peregrinos,
ST_LoreEntry::6-1_DimrilGate_ByeAric_Heading,Despídete de Aric,
ST_LoreEntry::4-3_G_EasternBastion_RedEyeOrc_4_Heading,Miedo a la Dragona,
ST_LoreEntry::4-3_21stHall_3_KhazadstoneInfo_Heading,Busca la fragua de Durin,
ST_LoreEntry::4-3_21stHall_4_GatherDurinsAxe_Subhead,Explora todo Moria en busca de los cinco fragmentos del hacha,
ST_LoreEntry::2-1_BlockedHighway_4_Subhead,Busca un túnel que atraviese las Puertas del Oeste y lleve hacia las Minas,
ST_LoreEntry::2-1_DoorsOfDurin_10_Subhead,Busca otra forma de salir de Moria,
ST_LoreEntry::4-3_21stHall_3_KhazadstoneInfo_Subhead,Busca pistas sobre la piedra khazâd en la fragua de Durin,
ST_LoreEntry::4-3_21stHall_FindBalinCampD_Subhead,Busca pistas del cuarto fragmento del hacha,
ST_LoreEntry::2-1_Aftermath_1_Subhead,Busca recursos y encuentra el camino de vuelta al Campamento de la Compañía,
ST_LoreEntry::2-1_ElvenPromenade_2_Heading,Busca la entrada de las Minas,
ST_LoreEntry::5-1_Crossroads_PJ_FindNain_Subhead,Busca el lugar donde se libró la última batalla de Náin contra Caradhras,
ST_LoreEntry::2-3A_BlockedHighwayWestMine_3_Subhead,Explora la enorme mina que lleva hacia los Abismos Inferiores,
ST_LoreEntry::4-3_G_BalinCamp4_2_LockedBox_Heading,Busca en Abismo Negro,
ST_LoreEntry::2-1_G_AxeFragment_1_Search_Heading,Busca en las Puertas del Oeste,
ST_LoreEntry::4-4_G_BalrogsWake_BalinCamp5React_Heading,Busca en la Desolación,
ST_LoreEntry::4-1_G_BalinCamp3_4_WP_Heading,Busca en los abismos inferiores,
ST_LoreEntry::2-3A_G_BalinCamp2_3_Heading,Busca en las Minas,
ST_LoreEntry::4-3_21stHall_FindBalinCampD_Heading,Busca la sala vigesimoprimera,
ST_LoreEntry::4-1_21stHall_2_FindInfo_Heading,Investiga los registros,
ST_LoreEntry::2-3_G_AxeFragment_2_Waypoint_Subhead,Explora la zona de la fortaleza de Bolgakh,
ST_LoreEntry::4-3_G_PosterNexus_DurinAxe_ArriveWP_Subhead,Explora esta zona de Pozo Oscuro,
ST_LoreEntry::2-1_G_AxeFragment_1_Waypoint_Subhead,Explora esta zona de las Puertas del Oeste,
ST_LoreEntry::4-4_G_GundabadTown_DurinsAxe_ArriveWP_Subhead,Explora esta zona de la Desolación,
ST_LoreEntry::3-2B_G_TrollCave_DurinAxe_ArriveWP_Subhead,Explora esta zona de los abismos inferiores,
ST_LoreEntry::4-1_BalinCamp3_2_Dain&Balin_Heading,Segunda carta a Balin,
ST_LoreEntry::sb7_Sandbox_Escape_Find_the_Khazadstone_subhead,Busca la tumba del rey Náin en las minas de mithril,
ST_LoreEntry::5-1_Crossroads_PJ_FindNain_Heading,Explora la tumba de Náin,
ST_LoreEntry::sb4_Sandbox_Escape_Seek_the_Doors_of_Durin_heading,Busca una salida,
ST_LoreEntry::4-5_DurinsForge_BoS_4_Heading,Busca la Encrucijada,
ST_LoreEntry::4-3_21stHall_FindBalinCampE_Heading,Busca el puesto de avanzada de la Desolación,
ST_LoreEntry::2-1_AricTheRaven_2_Heading,Busca la puerta,
ST_LoreEntry::4-3_21stHall_FindBalinCampB_Heading,Busca el puesto de avanzada de las minas,
ST_LoreEntry::4-3_21stHall_FindBalinCampC_Heading,Busca el puesto de avanzada del Tercer Nivel,
ST_LoreEntry::4-3_21stHall_FindBalinCampA_Heading,Busca el puesto de avanzada de las Puertas del Oeste,
ST_LoreEntry::3-4_G_AricTheRaven_4_Library_Subhead,Explora esta biblioteca ancestral y busca la forma de reconstruir las Escaleras Orientales,
ST_LoreEntry::4-4_G_BlockedHighwayEast_Arrival_Heading,La sombra impide el paso en la encrucijada,
ST_LoreEntry::5-3_Orctown_5_Heading,Dominio de los Orcos Sombríos,
ST_LoreEntry::5-4_G_GhashTown_PJ_Heading,Los Orcos Sombríos rompen el sello,
ST_LoreEntry::3-4_Tomb_ShOrcDestroyLamp_2_Heading,Uruks Sombríos siguen las órdenes de «ella»,
ST_LoreEntry::2-1_BlockedHighway_1_Heading,Respiraderos de sombras,
ST_LoreEntry::4-3_G_EasternBastion_RedEyeOrc_3,Algunos Orcos de Ojos Rojos no se creen que Sauron haya muerto. Piensan que su derrota no es más que una mentira élfica y que volverá. No es la primera vez que les pasa. ,
ST_LoreEntry::2-1_DoorsOfDurin_1,"Alguien o algo ha grabado una Runa Maldita en el interior de la puerta. ¡Por eso la Compañía de Gimli no pudo abrir las Puertas de Durin desde fuera!<lf><lf>De ella, rezuma una Sombra Maligna, que impide que nadie se acerque. ¿Será este el motivo por el que hay montones de orcos muertos apilados por la zona?",
"ST_LoreEntry::sb38_Rebuilding_Forges_Light_Durin's_Forge_body","En algún lugar de Pozo Oscuro o la ciudad destruida se encontraba la Gran Fragua y el trono de Durin I. Si la volvemos a encender, redescubriremos conocimientos olvidados de nuestros antepasados.",
"ST_LoreEntry::sb35_Rebuilding_Forges_Light_Narvi's_Forge_body","En algún lugar de los distritos élficos se encontraba la Gran Fragua de Narvi. Si la volvemos a encender, redescubriremos conocimientos olvidados de nuestros antepasados.",
ST_LoreEntry::3-2B_G_LowerDeeps_1_ForgeGate_Subhead,En algún lugar de los abismos inferiores hay un mecanismo que me permitirá evacuar el agua de esta zona.,
ST_LoreEntry::sb36_Rebuilding_Forges_Light_Belegost_Forge_body,"En algún lugar de los abismos inferiores se encontraba la Gran Fragua de Belegost. Si la volvemos a encender, redescubriremos conocimientos olvidados de nuestros antepasados.",
ST_LoreEntry::sb39_Rebuilding_Forges_Light_Mithril_Forge_body,"En algún lugar de las minas de mithril se encontraba la Gran Fragua de Mithril. Si la volvemos a encender, redescubriremos conocimientos olvidados de nuestros antepasados.",
ST_LoreEntry::sb37_Rebuilding_Forges_Light_Nogrod_Forge_body,"En algún lugar de la ciudad destruida se encontraba la Gran Fragua de Nogrod. Si la volvemos a encender, redescubriremos conocimientos olvidados de nuestros antepasados.",
ST_LoreEntry::5-4_BalrogsNest_Raven_Heading,Habla con Aric,
ST_LoreEntry::2-1_Aftermath_2_Raven_Heading,Habla con el cuervo,
"ST_LoreEntry::sb8_Sandbox_Shadow_Find_the_Dragon's_Hoard_subhead",Encuentra el lugar donde vive la criatura y acaba con ella,
ST_LoreEntry::2-1_G_AxeFragment_1_Search,"¡Un artefacto enano tan importante no puede haber caído en las manos de los Orcos! Según el diario de Ori, hay un fragmento de la <Lore.Bold.Gold>Hacha de Durin</> en las Puertas del Oeste. ¡Tengo que buscarlo!",
ST_LoreEntry::2-1_DoorsOfDurin_12_SeekDurinsHighway_Heading,Sigue el Camino de Durin hacia el este,
ST_LoreEntry::sb9_Sandbox_Shadow_Forge_the_Dragon_Bane_Weapon_subhead,Lleva suministros a la fragua de mithril y fabrica un arma allí,
ST_LoreEntry::2-1_ElvenPromenade_11_DigThrough_Heading,Toma el atajo,
ST_LoreEntry::2-1_BlockedHighway_TalktoAric_Heading,Habla con Aric,
ST_LoreEntry::3-4_EasternStairs_5_TalktoAric_Heading,Habla con Aric,
ST_LoreEntry::4-1_Bridge_TalktoAric_Heading,Habla con Aric,
ST_LoreEntry::5-4_G_Raven_8_PJ_FixBridge,Debo reconstruir el puente de Khazad-dûm para poder atravesar la Puerta de Dimrill y conocer al rey Thorin y Gimli.,
ST_LoreEntry::3-2A_Grottos_6_DeepOrcConvo_2,Los orcos de las profundidades saben que estoy aquí. Estas malditas criaturas disfrutan de las emboscadas y están deseosas de cazarme. Tengo que tener cuidado al adentrarme en los abismos inferiores. ,
ST_LoreEntry::sb41_Rebuilding_Orcs_Destroy_Deep_Orc_Leader_body,Los orcos de las profundidades deben tener uno de los fragmentos del hacha de Durin. Debemos recuperarlo y expulsar a esos <Lore.Italic>rakhâs</> asquerosos de esta parte de la montaña.,
ST_LoreEntry::sb41_Rebuilding_Orcs_Destroy_Deep_Orc_Leader_subhead,La Orcópolis de las profundidades se encuentra en los abismos inferiores,
ST_LoreEntry::3-4_G_Tomb_4_TheMaker_Heading,El designio del creador,
ST_LoreEntry::2-1_DoorsOfDurin_1_Heading,Las Puertas de Durin están malditas,
ST_LoreEntry::sb1_Sandbox_Escape_Seek_the_Dimrill_Gate_body,"Las Puertas de Durin están bloqueadas por la sombra. Nuestra única esperanza es que la salida oriental, la Puerta del Valle del Arrollo Sombrío, siga abierta.",
ST_LoreEntry::2-1_DoorsOfDurin_10,"No se pueden abrir las Puertas de Durin, al menos no mientras las runas de la maldición de la sombra sigan ahí. Tengo que buscar otra forma de salir. Más vale que vaya buscando pistas.",
ST_LoreEntry::5-4_G_BoneHoard_Revealed_3,"¡La dragona ha muerto! La he matado, y con ella, desaparece también el terror que sembraba.<lf><lf>Ahora puedo ayudar a reparar los daños que ha causado a lo largo y ancho de Khazad-dûm, acabar con las runas malditas y someter a las sombras. ",
ST_LoreEntry::5-4_G_BoneHoard_ArriveWP_Heading,Alijo de huesos de la dragona,
ST_LoreEntry::5-3_MithrilLodes_FellBeast_Heading,Prole de la dragona,
ST_LoreEntry::5-4_G_BoneHoard_Revealed_3_Heading,La muerte de la dragona,
ST_LoreEntry::5-4_G_BoneHoard_ArriveWP,"El alijo de la dragona es una montaña enorme de huesos de enanos ancestrales. ¡Qué horror! Esta dragona, que se hace con el control de Moria, no es más que una criatura retorcida y malvada, con una mente perturbada.",
ST_LoreEntry::3-4_BelegostForge_ContinuePR,"¡Las Bombas de Drenaje han funcionado a las mil maravillas! Con la bajada del agua, he descubierto otra de las Grandes Fraguas en la Ruta de los Peregrinos. ¡Ahora toca seguir hacia el este, rumbo a las escaleras! ",
ST_LoreEntry::3-4_G_Library_4_ShadowLamp_Heading,El deber de la casa de Durin,
ST_LoreEntry::2-3A_BolgahkDead_1_Heading,El fin del linaje de Azog,
ST_LoreEntry::5-3_MithrilLodes_FellBeast,"Las bestias aladas son la prole de la dragona. Se las llevó consigo cuando huyó de Mordor, tras la caída de Sauron. Ahora, les da órdenes para que ataquen a sus enemigos, y les da lo mismo si vive o muere.",
ST_LoreEntry::4-4_G_GundabadTown_DurinsAxe_PickUP_Heading,El quinto fragmento de la Hacha,
ST_LoreEntry::2-1_WesternTown_1_Heading,El primer fragmento de la Hacha,
ST_LoreEntry::4-3_G_PosterNexus_DurinAxe_PickUP_Heading,El cuarto fragmento de la Hacha,
ST_LoreEntry::4-3_PosterNexus_DurinAxe_DwarrowArrive_Heading,El cuarto fragmento de la Hacha,
ST_LoreEntry::2-2_ElvenPromenade_5.1,"Parece que los trasgos no cuentan en absoluto con la simpatía de los demás orcos de Moria. No solo se dedican a saquear toda la carne de calidad que cae en sus manos, sino que, a diferencia de los demás orcos, no odian la luz del sol, así que no necesitan vivir en cuevas. ",
ST_LoreEntry::4-3_21stHall_3_KhazadstoneInfo,"La gran fragua de Durin era la capital de Pozo Oscuro y, seguramente, también el mejor lugar para saber dónde guardó el rey Náin la piedra durante la caída de Khazad-dûm. ",
ST_LoreEntry::sb43_Rebuilding_Orcs_Destroy_Gundabad_Orc_Leader_subhead,La Orcópolis de Gundabad se encuentra en la ciudad destruida,
ST_LoreEntry::2-1_BlockedHighway_3_Heading,Camino bloqueado,
ST_LoreEntry::5-4_G_BoneHoard_Khazadstone,"¡He encontrado la piedra khazâd! Se ha pasado todos estos años enterrada junto a Náin. Ahora sé que el destino de nuestro pueblo tiene mucho que ver con este trozo de mithril. Cuando logre salir de aquí y me encuentre con el rey Thorin, se le devolverá al linaje de Durin. Así, nuestro futuro estará asegurado.",
ST_LoreEntry::6-1_G_FirstHall_WaitingForDurin,"La piedra khazâd ha vuelto a las manos del linaje de Durin, por eso ha pasado tanto tiempo desde su despertar, no solo porque el Balrog nos lo arrebatase, sino por el poder de la piedra. El rey bajo la montaña la protegerá ahora, esperando el nacimiento de un nuevo Durin. Será el último quien traerá a todos los enanos de vuelta a Khazad-dûm. ",
ST_LoreEntry::3-4_G_Tomb_4_Khazadstone_Heading,¿La piedra khazâd?,
ST_LoreEntry::5-1_G_Crossroads_PJ_2_ForgeMithrilWeapons,"El rey me ha transmitido la ubicación de la gran fragua de mithril, además de las instrucciones necesarias para fabricar el arma que sus herreros conocen como <Lore.Italic>shaz'akhnaman</>, la cual me ayudará a derrotar a la dragona.",
ST_LoreEntry::4-1_G_Bridge_Raven_AboutKhazadstone_Heading,La petición del rey,
ST_LoreEntry::3-4_G_Library_5_GiveHammer,"En la Biblioteca, hay una receta para forjar lingotes y martillos de la Aleación de Shanôr. Se trata de una técnica ancestral, que se creía perdida. ¡Ojalá mi familia pudiese ver la gran artesanía que he redescubrido!",
ST_LoreEntry::3-2B_G_TrollCave_DurinAxe_PickUP,¡He encontrado el fragmento de la Hacha de Durin de los Abismos Inferiores!<lf><lf>Parece formar parte del ojo forjado del mango. Si algún Enano de la Compañía de Balin llegó hasta aquí o logró sobrevivir es un misterio que nunca sabré. ¿En cuántas partes se rompió la hacha?,
ST_LoreEntry::2-3A_BlockedHighwayWestMine_4,Los orcos de Moria tienen miedo de «ella». ¿Podría ser la criatura que da lugar a estas runas de la maldición de la sombra?<lf><lf>Teniendo en cuenta que están más que acostumbrados a la vida de Moria... ¿qué clase de criatura es capaz de sembrar el miedo en los corazones de estos terribles <Lore.Italic>rakhâs</>?,
ST_LoreEntry::sb40_Rebuilding_Orcs_Destroy_Bolgahk_subhead,La Orcópolis de los orcos nativos se encuentra en las minas,
ST_LoreEntry::4-1_Orctown_3,"Los orcos de Mordor se han hecho con la segunda sala, atrincherando el camino a Pozo Oscuro desde el bastión. Su entrenamiento marcial parece dotar a estos orcos de mejores métodos de construcción. No disponemos de los dispositivos necesarios para irrumpir desde el bando oriental, así que destruiremos sus trincheras de otra forma. Así haremos de Pozo Oscuro un lugar más seguro.",
ST_LoreEntry::sb22_Sandbox_Durins_Axe_Reforge_the_Axe_body,"Los orcos han robado los antiguos fragmentos del hacha de Durin y los han escondido en sus repugnantes Orcópolis. Debemos derrotar a sus líderes, recuperar los fragmentos y volver a forjar esta legendaria herramienta en la Gran Fragua de Durin.",
ST_LoreEntry::3-4_BelegostForge_ContinuePR_Subhead,"La ruta de los peregrinos lleva a las escaleras orientales, que suben hasta Pozo Oscuro",
ST_LoreEntry::4-3_G_EasternBastion_RedEyeOrc_4,"Los Orcos de Ojos Rojos temen a la Dragona. Ella no solo mató a muchos de los suyos en su puente improvisado hacia el Abismo, sino también dicen que huyó de Mordor junto con ellos. Se rumorea que es más anciana que Sauron y que él la llevó a la locura.",
ST_LoreEntry::sb42_Rebuilding_Orcs_Destroy_Red_Eye_Orc_Leader_subhead,La Orcópolis de los orcos de ojos rojos se encuentra en Pozo Oscuro,
ST_LoreEntry::5-4_G_GhashTown_Seal_Heading,El sello sobre el Pozo de las Sombras,
ST_LoreEntry::5-4_G_GhashTown_ShadowLampRecipe,"El sello es una obra artesanal enana de gran maestría y se remonta a la Primera Edad. Tras echar un vistazo a las runas de poder, creo que podemos construir nuevas lámparas con las que sellar posibles nuevos respiraderos en Moria. ",
ST_LoreEntry::2-3_AxeFragment_B_Found_Heading,El segundo fragmento de la Hacha,
ST_LoreEntry::3-4_G_Tomb_1_Reaction_Heading,La tumba secreta de los reyes,
ST_LoreEntry::5-4_G_GhashTown_PJ,"Los Orcos Sombríos están rompiendo el Sello que protege el Pozo de las Sombras, por lo que estas deambulan con mayor libertad, crepitando desde las profundidades de la Tierra. Seguro que son órdenes de la Dragona. ",
ST_LoreEntry::5-3_G_AngryCaverns_ShadowDragon,"Los Orcos Sombríos buscan huesos para la dragona. Parece que los acumula, como hacen los demás dragones con monedas y otras riquezas. ",
ST_LoreEntry::sb44_Rebuilding_Orcs_Destroy_Shadow_Orc_Leader_subhead,La Orcópolis de los orcos de la sombra se encuentra cerca de ella,
ST_LoreEntry::5-4_G_GhashTown_Shadow_Duty,"Al fin y al cabo, la sombra no es obra de la dragona. Su presencia la enardeció, pero fue creada a la vez que la propia tierra. ¿Es posible que el pozo bajo Caradhras atrajese al Balrog mientras volaba aterrorizado desde Thangorodrim? Nuestro antiguo propósito cayó en el olvido con el paso del tiempo, pero ahora los enanos sabemos que el creador pretendía que reparásemos el daño de Morgoth, así que debo guiarnos para ahuyentar a la sombra dondequiera que la encontremos.",
ST_LoreEntry::4-4_G_BlockedHighwayEast_ShadowVents_Heading,Las sombras son una trampa,
ST_LoreEntry::3-4_G_EasternStairs_2_Broken,Las escaleras están destruidas. No podré seguir subiendo sin arreglarlas primero.<lf><lf>Necesitaré un martillo más resistente.,
ST_LoreEntry::4-5_G_DurinsForge_StoryStone_Nain_Heading,La historia de la piedra khazâd,
ST_LoreEntry::3-2B_G_TrollCave_DurinAxe_PickUP_Heading,El tercer fragmento de la Hacha,
ST_LoreEntry::3-4_Tomb_GraveSite,"La tumba de Durin I se yergue imponente, pero el tiempo ha dejado su huella en ella. En ella, aparecen talladas las palabras <Lore.Italic>«El pozo de la sombra»</> y <Lore.Italic>«La voluntad de la malicia en las profundidades de la montaña»</>. Junto a los emblemas grabados de Durin, también aparece escrito: <Lore.Italic>«El deber de la casa Durin de manos del herrero Aulë».</>",
ST_LoreEntry::3-4_Tomb_GraveSite_Heading,La tumba de Durin el Inmortal,
ST_LoreEntry::2-1_AricTheRaven_2_Subhead,"Las Puertas del Oeste, también conocidas como Puertas de Durin, deberían estar hacia el oeste.",
ST_LoreEntry::2-1_WesternTown_1,"¡He encontrado el fragmento de la Hacha de Durin de las Puertas del Oeste! <lf><lf>Este fragmento parece ser el mango de la hacha, aunque no sé muy bien cuáles son los materiales que se usaron para su forja. Puedo vislumbrar algunas runas, pero el tiempo ha hecho mella en el fragmento, así que ya no es tan fácil leerlas. A pesar de su antigüedad, rezuma un poder gigantesco. Me pregunto por qué se rompió en varios fragmentos...<lf><lf>Aun así, tengo la sensación de que vamos a necesitar esta arma.",
ST_LoreEntry::2-3B_OrcsAndGoblins_1,"La armadura de estos orcos es demasiado resistente incluso para mis armas de acero. Si logro hacerme con zafiros y construir una mesa de runas, podré grabar una runa de poder en mis armas, ¡así atravesaré sus armaduras! ",
ST_LoreEntry::3-4_G_EasternStairs_StairsRepaired,"¡El puente ya está cerca! Tras reconstruir las escaleras orientales, por fin podré llegar a los niveles superiores y, con suerte, salir de aquí.",
ST_LoreEntry::5-3_Orctown_5,"Los <Lore.Italic>Âzan-Urâkhis</> han hecho de la fuente más profunda de la Sombra su dominio. Si lo destruimos, las Minas de Mithril serán un lugar más seguro.",
ST_LoreEntry::3-2B_G_Drainworks_4_ForgeClear,¡El camino inundado debe estar ahora despejado! Poderé continuar mi ruta hacia las Escaleras Orientales. ,
ST_LoreEntry::3-2A_Grottos_7_DurinsMonument,"La gran calamidad de la Primera Edad trajo consigo la ruina, pero Durin volvió a despertar para guiarnos. ¿Dónde está ahora?<lf><lf><Lore.Bold>Durin II, Rey de Khazad-dûm, </><lf><Lore.Bold>comienzos de la Segunda Edad</><lf><Lore.Italic>Cuando los reinos bajo las cumbres de las Montañas Azules cayeron en la ruina,</><lf><Lore.Italic>cuando se apagaron los fuegos de Thangorodrim,</><lf><Lore.Italic>acogió a los que durante mucho tiempo vagaron,</><lf><Lore.Italic>sin hogar, con el peso de sus corazones rotos y sus almas perdidas.</><lf><Lore.Italic>¡Él es Durin el Abierto! Acogió a los refugiados con los brazos abiertos,</><lf><Lore.Italic>un nuevo hogar para Belegost y Nogrod, y vio florecer su reino.</>",
ST_LoreEntry::5-3_G_NainsGrave_BoS_7,"Las últimas palabras escritas por el rey Náin, garabateadas con prisas en esta página:<lf><lf><Lore.Italic>¿Acaso he condenado a nuestro pueblo? ¿Es posible que Durin nunca vuelva? Me quedé conmigo la piedra khazâd con la esperanza de que nos sirviese a la hora de defendernos. Sin embargo, ya es demasiado tarde, porque me doy cuenta de que su poder no reside en la fuerza, sino en nuestro futuro. ¡Es una piedra de nacimiento! ¿Por qué se mantuvo en secreto? ¡Ni siquiera yo estaba al tanto de su existencia! En manos del linaje de Durin, cuando la calamidad se cierne sobre nosotros, Durin renace. En el fondo, sé que no sobreviviremos y que este secreto morirá con nosotros. ¿Habré condenado a todo Khazad?</><lf><Lore.Italic>—Náin</>",
ST_LoreEntry::2-3A_OrcsAndGoblins_3,"El líder de los orcos de Moria, Bolgakh, es descendiente de Azog, el jefe orco que mató a Thrór y dio comienzo a la guerra entre enanos y orcos. ¡Que un mal rayo les parta, a él y a sus orcos!<lf><lf>Estos orcos de Moria hablan de volver a aunar fuerzas para recuperar el control de toda Moria. Me niego a permitirlo mientras siga con vida.",
ST_LoreEntry::4-4_G_BlockedHighwayEast_ShadowVents,"La gran cantidad de respiraderos de sombras, así como las maldiciones de la dragona, hacen las veces de trampas. Qué suerte la mía de que el señor Gimli iniciase la expedición de su compañía en aquel momento, de lo contrario, la dragona habría conseguido dejar fuera de Moria a todos los enanos.<lf><lf>No hay forma de salir de esta montaña, ni tampoco ayuda alguna para entrar. Al menos, no hasta que encuentre la forma de hacerlo.",
ST_LoreEntry::4-3_G_BalinCamp4_2_DurinAxeInfo,"La página que falta dice así:<lf><lf><Lore.Italic>Balin se ha obsesionado con la idea de encontrar la Hacha de Durin. Está convencido de que la necesitamos para que nuestra aventura tenga éxito. Hemos encontrado información sobre ella, aunque somos incapaces de traducir todas las runas antiguas. Algunas puede que incluso sean de la época de Durin I.</><lf><lf><Lore.Italic> Fue un arma poderosa, utilizada en la Gran Victoria de Durin. Para repartir su poder por todo Khazad-dûm, fue rompida en cinco fragmentos y colocada en lugares de vital importancia del reino.</><lf><lf><Lore.Italic>Incluye descripciones de cada lugar, muy cambiados por el paso del tiempo. Aun así, estableceremos puestos avanzados cerca de cada uno de estos lugares para dar comienzo a una gran búsqueda. </>",
ST_LoreEntry::2-3A_Horde_2,"Cuanto más ruido hacía en las minas, más me daba la sensación de que corría peligro. Cuando una horda descendió hasta mi posición, todos mis temores se hicieron realidad. En estos lugares, hasta los enanos estarían tentando a la suerte.",
ST_LoreEntry::4-4_G_Desolation_Gundabad_GundabadSlag,"Los asaltantes de Gundabad llevan consigo las armaduras y las armas que saquearon en el Monte Gundabad, fabricadas con un metal precioso para Durin I, el <Lore.Italic>Luthun Durinul.</> Este metal está demasiado corrupto como para utilizarlo directamente después de los orcos, pero podría purificarse para utilizarlo para forjar.  ",
ST_LoreEntry::3-4_EasternStairs_5_TalktoAric,"El cuervo, mi fiel ayudante, ha vuelto, espero que con novedades y órdenes a seguir.",
ST_LoreEntry::2-1_ElvenPromenade_11_DigThrough,¡El sonido de los pájaros y del agua que fluye! Hay algo al otro lado de estas ruinas y mi olfato me dice que este es el camino a seguir. ¡Sigue siempre a tu olfato! ,
ST_LoreEntry::sb2_Sandbox_Escape_Rebuild_the_Bridge_body,¡Las piedras del puente cayeron con Tharkûn y el Flagelo de Durin! Tenemos mucho que hacer si queremos cruzar el abismo abandonar por fin Moria.,
ST_LoreEntry::4-4_G_BlockedHighwayEast_PJ,"La roca corrupta por las sombras impide el paso hacia la encrucijada y hacia las minas de mithril. Tendré que encontrar la forma de acabar con toda esta corrupción, pero aún no sé qué arma podría usar para ello. Tendré que investigar.",
ST_LoreEntry::2-1_BlockedHighway_1,"A lo largo de todo Moria, hay <Lore.Bold.Purple>respiraderos de sombras</> abiertas que escupen más <Lore.BoldItalic.Purple>sombras.</> Tengo que tener cuidado con estos respiraderos. Igual encuentro la forma de cerrarlos. <lf><lf>La <Lore.Bold.Purple>sombra</> de estos respiraderos coincide con la descripción de <Lore.Italic>Nagamâzan</>, una sombra repleta de oscuridad, protagonista de las antiguas leyendas de las minas y las sagas épicas de la época de Durin el Inmortal. Al final parece que <Lore.Italic>Nagamâzan</> sí que existe.",
ST_LoreEntry::2-1_WesternTown_DurinStatue,"Este monumento va mucho más allá de la historia y del honor. Ahora que se ha reconstruido, aleja a la oscuridad y la desesperación con esperanza y valentía. Las sombras no se atreven a acercarse a él.",
ST_LoreEntry::4-5_G_DurinsForge_PJ_ClearCurse,"¡No hay forma alguna de evitar esta roca <Lore.Bold.Purple>corrompida por las sombras</>! No puedo seguir evitándola por más tiempo, tengo que resolver este misterio y descubrir cómo romper la maldición de una vez por todas. Debo pasar por aquí para llegar a la encrucijada.",
ST_LoreEntry::3-4_G_Tomb_4_Khazadstone,"Parece que falta una gema o piedra de alguna importancia en un monumento situado sobre la cabecera del lugar de descanso de Durin I. Las runas que rodean esta ranura vacía están en su mayoría descoloridas, y solo algunas de las líneas siguen siendo legibles:<lf><lf> <Lore.Italic>«La piedra khazâd. Nuestro padre la talló por primera vez tras su despertar. Le acompañó durante mucho tiempo hasta Zirakzigal, y aquí descansará hasta que Durin despierte del sueño». </>",
ST_LoreEntry::2-1_BlockedHighway_4,"¡La maldición de la sombra impide el paso hasta el Camino de Durin! Pero debe haber otra forma de llegar hasta el Gran Camino desde las antiguas minas de Moria. Una vez allí, podré continuar hacia el este, rumbo a Pozo Oscuro.<lf><lf>Pero primero tengo que empezar a excavar para llegar a las minas.",
ST_LoreEntry::3-4_Tomb_ShOrcDestroyLamp_2,"Estos <Lore.Italic>Âzan-Urâkhis</> siguen las órdenes de «ella». Su identidad sigue siendo todo un misterio, y de lo más inquietante, ya que tiene a su merced a unos Uruks poderosísimos a los que da órdenes. Ellos se deleitan destruyendo estas lámparas.",
ST_LoreEntry::3_2A_Orctown_2,"Estos Orcos de las Profundidades parecen haber creado su propia versión de Orcópolis. Si destruirmos su guarida, poderemos hacer que los Abismos Inferiores sean más seguros.",
ST_LoreEntry::4-4_G_Desolation_Gundabad_2,"¡El rey bajo la montaña expulsó a estos orcos de Gundabad del norte de las Montañas Nubladas! Moria no era más que un lugar que asaltar y saquear, pero la dragona los dejó aquí atrapados, ¡y odian a muerte a los orcos de ojos rojos!",
ST_LoreEntry::sb42_Rebuilding_Orcs_Destroy_Red_Eye_Orc_Leader_body,Esos orcos de Mordor deben tener uno de los fragmentos del hacha de Durin. Debemos recuperarlo y expulsar a esos <Lore.Italic>rakhâs</> asquerosos de esta parte de la montaña.,
ST_LoreEntry::4-3_G_EasternBastion_RedEyeOrc_2,"Estos Orcos de Ojos Rojos siguen las órdenes de un nuevo líder, que se hace llamar el Rey de Moria. Por lo visto, este supuesto «Rey» solo ha podido evitar que se le vayan de las manos los Orcos de Ojos Rojos porque es más «grande» que ellos. ¿Será el Rey un Orco muy grande o algo completamente distinto? ¿El «Rey» está a merced de <Lore.Italic>Narag-Shazôn</> o en su contra?",
ST_LoreEntry::5-3_G_AngryCaverns_ShadowOrc_2,Estos Orcos Sombríos sirven a la Dragona. Han sucumbido a la corrupción de su Sombra y parece que están volviéndose más animales. ,
ST_LoreEntry::5-3_G_AngryCaverns_ShadowOrc_1,"Antaño, estos orcos sombríos estaban al servicio del Balrog, pero parece que no echan de menos el fuego y el humo. ",
ST_LoreEntry::sb44_Rebuilding_Orcs_Destroy_Shadow_Orc_Leader_body,Estos <Lore.Italic>rakhâs</> son muy peligrosos y van dejando un rastro de sombra allí por donde pasan. Debemos armarnos y protegernos bien antes de adentrarnos en su fortaleza.,
ST_LoreEntry::2-2_ElvenPromenade_5,"Estos no son orcos normales y corrientes, sino trasgos. Puede que Saruman ya no camine entre nosotros, pero a su paso dejó una legión de estas horribles alimañas para que saqueen Tierra Media. He sido testigo de cómo los han expulsado de los asentamientos de los hombres; cuán horrendos son. Este pozo oscuro debe ser su último bastión, ¡hasta que yo los eche también de Khazad-dûm! ",
ST_LoreEntry::2_3A_Orctown_1,"Estas toscas defensas de madera deben ser el porche delantero del hogar al que los orcos de Moria denominan Orcópolis. Con toda seguridad, dentro estará su líder, y todo lo que han saqueado en Khazad-dûm. Es obvio que debemos armarnos para destruirlo. Así las minas serán un lugar más seguro.",
ST_LoreEntry::2-3A_Mines_ShadowLamp_Intro,"Estas lámparas que hay repartidas por Khazad-dûm están fabricadas de cuarzo verdadero, grabadas con unas runas ancestrales. Tras reconstruirlas, sirven para aportar luz en la oscuridad y mantener a las sombras a raya. Siempre están cerca de los respiraderos de sombras, así que su ubicación no es mera casualidad.  ",
ST_LoreEntry::sb43_Rebuilding_Orcs_Destroy_Gundabad_Orc_Leader_body,Esos orcos invasores deben tener uno de los fragmentos del hacha de Durin. Debemos recuperarlo y expulsar a esos <Lore.Italic>rakhâs</> asquerosos de esta parte de la montaña.,
ST_LoreEntry::3-2B_G_Drainworks_1_Drainworks,"Estas bombas son un ejemplo estupendo de artesanía enana. Me podría pasar años y años estudiándolas... Es una pena que no me sobre el tiempo, toca reconstruir el mecanismo a toda prisa.",
ST_LoreEntry::4-4_Orctown_4,"Estos orcos saqueadores han establecido su campamento central. Si los orcos de ojos rojos aún no han traspasado sus defensas, sería una noticia estupenda. Ahora depende de los enanos hacer de la Desolación un lugar aún más seguro.",
ST_LoreEntry::sb6_Sandbox_Escape_Find_the_Chamber_of_Mazarbul_body,"Esta <Lore.Italic>piedra khazâd</> debe ser la llave que buscaba Gimli, pero ya no está en las tumbas. Registremos la Cámara de los Registros, también conocida como la Cámara de Marzabul, a ver si encontramos alguna pista de su paradero. ",
ST_LoreEntry::4-1_G_BalinCamp3_1_AxeInfo,"Este <Lore.Italic>khafrûn akhfur</> lleva el nombre de Óin. El cofre tiene grabado las instrucciones sobre cómo forjar la llave necesaria para abrirlo. Como Óin formaba parte de la Compañía de Balin, seguro que contiene información importante.<lf><lf>Debería forjar la llave y abrir el cofre. ",
ST_LoreEntry::2-3A_OrcsAndGoblins_2,"Parece que esta Tribu de Moria tiene cierto parentesco con los Trasgos de las Montañas Nubladas, que están esparcidos por toda la cordillera. Se quejan de haberse visto obligados a huir hacia las minas. Otros orcos, recién llegados y a los que desdeñan, deben de haberles arrebatado Pozo Oscuro. Me pregunto qué orcos serán esos.<lf><lf>Podría esperar a que se acaben matando entre ellos, pero, si no lo hacen, todos conocerán el mismo destino bajo el filo de mi hacha. ",
ST_LoreEntry::4-4_G_GundabadTown_DurinsAxe_ArriveWP,Esta zona está repleta de Orcos de todas las tribus. Me sorprende que no se hayan matado entre ellos para dejar Moria en paz de una vez. El último fragmento debería estar por aquí cerca. ,
ST_LoreEntry::2-1_ElvenPromenade_2,"Este lugar, al que no puedo acceder, podría llevarme hasta las antiguas Minas de Moria.<lf><lf>Me resulta bastante extraña la presencia de trincheras en Moria, y más por orden del Rey. Parece que la demoníaca <Lore.Bold.Purple>Sombra</> no ha llegado hasta aquí... ¡qué buena señal!",
ST_LoreEntry::4-3_G_BalinCamp4_2_LockedBox_2,"Este cofre lleva el nombre de Balin, ¡así que debe contener algo útil! El cofre en sí es un <Lore.Italic>khafrûn akhfur</>, un artilugio casi indestructible e imposible de abrir o mover por alguien que no sea un enano. En el cofre, se han grabado unas intrincadas instrucciones sobre cómo forjar una llave única para abrirlo. <lf><lf>Debería forjar la llave y abrir el cofre. ",
ST_LoreEntry::4-4_G_BalinCamp5_LockedBox_2,"Este cofre lleva el nombre de Frár, ¡así que debe contener algo útil! El cofre en sí es un <Lore.Italic>khafrûn akhfur</>, un artilugio casi indestructible e imposible de abrir o mover por alguien que no sea un enano. En el cofre, se han grabado unas intrincadas instrucciones sobre cómo forjar una llave única para abrirlo. <lf><lf>Debería forjar la llave y abrir el cofre. ",
ST_LoreEntry::2-3A_BalinCamp2_5,"Este cofre lleva el nombre de Lóni, que formaba parte de la Compañía de Balin. En el <Lore.Italic>khafrûn akhfur</>, se han grabado unas intrincadas instrucciones sobre cómo forjar una llave única para abrirlo. De lo contrario, será prácticamente indestructible, así como imposible de abrir. Además, solo un Enano puede moverlo.<lf><lf>Debería forjar la llave y abrir el cofre.",
ST_LoreEntry::2-1_DoorsOfDurin_7,"Este cofre lleva el nombre de Ori, ¡así que debe contener algo útil! El cofre en sí es un <Lore.Italic>khafrûn akhfur</>, casi indestructible e imposible de abrir o mover por alguien que no sea un Enano. En el cofre, se han grabado unas intrincadas instrucciones sobre cómo forjar una llave única para abrirlo. <lf><lf>Debería forjar la llave y abrir el cofre.",
ST_LoreEntry::3-4_G_Library_4_ShadowLamp,"Esta inscripción confirma mi teoría: estas lámparas no son mera decoración. Dice así:<lf><lf><Lore.Italic>«La casa de Durin ahuyentará a las sombras bajo tierra. La luz de las lámparas de Durin brillará durante el paso del tiempo en las profundidades de sus montañas. Por designio de Aulë, este es el deber de la casa de Durin».</>",
ST_LoreEntry::3-4_G_Tomb_2_Monument,"Esta inscripción es un trozo de la Gran Canción de Durin, pero hay estrofas que no he oído nunca. ¿Qué es eso de la «Piedra de Nuestro Pueblo»?<lf><lf><Lore.Bold>Durin I, Rey de Khazad-dûm, de la Primera Edad.</><lf><Lore.Italic>El mayor de los Siete Padres,</><lf><Lore.Italic> duerme en solitario con la piedra de nuestro pueblo.</><lf><Lore.Italic>Cuando Durin se levantó y solo caminó, </><lf><Lore.Italic>puso nombre a colinas y valles, tal y como se adivinó.</><lf><Lore.Italic>Se detuvo a observar Lago Espejo, </><lf><Lore.Italic>y vio una corona de estrellas, quedándose perplejo.</><lf><Lore.Italic>Bajo unas cumbres plateadas nuestro hogar encontró, </><lf><Lore.Italic>en estas Salas, nuestro Khazad-dûm fundó.</><lf><Lore.Italic>Un rey en un trono tallado,</><lf><Lore.Italic>con salas repletas de columnas de piedra, a lo lejos sentado.</><lf><Lore.Italic>Los arpistas tocaban, los juglares cantaban</><lf><Lore.Italic>y las trompetas en las puertas resonaban.</><lf><Lore.Italic>Inmortal como es, no debemos temer: </><lf><Lore.Italic>siete como él despertarán para su reino proteger.</>",
ST_LoreEntry::2-1_ElvenPromenade_10_Digtomines,"Este debe ser el camino que lleva hasta las antiguas minas de hierro. ¡Muero de ganas de ver el antiguo campo de pruebas de nuestro pueblo! Con suerte, podré llegar hasta el Camino de Durin desde las minas, ¡y, luego, saldré de aquí!",
ST_LoreEntry::2-3B_CrystalEntrance_4,"Este antiguo montacargas es la única forma de sobrevivir a la primera parte del descenso, aunque no está compuesto de un mecanismo sencillo, no. Funciona gracias a unas poderosas Runas ancestrales, cargadas de gran artesanía e ingenio. El tiempo ha hecho mella en ellas, así que debo volver a grabarlas. Necesitaré Diamantes Negros triturados, de esos que los Orcos anhelan y atesoran. ",
ST_LoreEntry::4-1_G_Bridge_2_RedEye,¡Esos orcos de Mordor llevan la marca del ojo rojo! ¡Quién sabe cuánto tiempo les habrá llevado erigir ese destartalado puente para atravesar el abismo y cuántos de ellos lo habrán usado para llegar hasta Pozo Oscuro! La dragona se ha asegurado de que no pase ni uno más.,
ST_LoreEntry::5-4_G_Raven_8_PJ_FixBridge_Subhead,"Para atravesar el abismo y poder salir de aquí, debo reconstruir el puente de Khazad-dûm",
ST_LoreEntry::3-4_Tomb_ShOrcDestroyLamp_1,"Hoy hemos visto unos <Lore.Italic>Urâkhis</> extrañísimos, rodeados por la sombra. Se dedican a destruir todas las fuentes de luz que encuentran, poniendo especial énfasis en las lámparas de Durin. No nos sorprende ver a los orcos destruyendo estructuras enanas, pero jamás con tanta inquina. ¿De qué tribu serían?",
ST_LoreEntry::sb6_1_Sandbox_Escape_Find_Tomb_subhead,Adéntrate en las profundidades y encuentra la antigua tumba de los reyes,
ST_LoreEntry::sb6_Sandbox_Escape_Find_the_Chamber_of_Mazarbul_subhead,Ve a Pozo Oscuro y a la sala número 21,
ST_LoreEntry::5-3_G_AngryCaverns_ShadowOrc_1_Heading,"Tribu de Ghâsh, ahora sombría",
ST_LoreEntry::sb6_1_Sandbox_Escape_Find_Tomb_heading,Descubre el secreto de Durin,
ST_LoreEntry::3-4_Tomb_ShOrcDestroyLamp_1_Heading,Uruks destruyendo lámparas,
ST_LoreEntry::3-4_G_Library_5_GiveHammer_Subhead,Usa la Gran Fragua de Belegost para fabricar esta herramienta de Aleación de Shanôr ,
ST_LoreEntry::2-3B_CrystalDescentEntrance_5_Descend_Subhead,Usa el montacargas gigante para llegar hasta el descenso de cristal y continuar la bajada,
ST_LoreEntry::2-3A_NexusMineA_2_Subhead,Usa el mapa para moverte por las minas de Moria hasta la entrada alternativa del camino,
ST_LoreEntry::6-1_G_FirstHall_WaitingForDurin_Heading,A la espera de Durin el Último,
ST_LoreEntry::2-1_Aftermath_1,¿Eso que he oído ha sido una mera explosión o iba acompañada de un rugido? Parece que he caído en Moria y... ¡aún no lo tengo todo listo! Necesito luz y comida antes de volver con la compañía. ,
ST_LoreEntry::2-1_Aftermath_3_OrcEn_Heading,"Observando, no atacando",
ST_LoreEntry::sb4_Sandbox_Escape_Seek_the_Doors_of_Durin_body,Estamos atrapados en <Lore.Italic>Zirakzigil</>. La primera vía de escape que probaremos serán las mismas puertas por las que no pudimos pasar hace apenas unas horas. ,
ST_LoreEntry::sb9_Sandbox_Shadow_Forge_the_Dragon_Bane_Weapon_body,"Creemos que existe una forma de fabricar la legendaria arma <Lore.Italic>Shaz’akhnaman</> en la Gran Fragua de Mithril. Con ella, derrotaremos a la dragona.",
ST_LoreEntry::sb10_Sandbox_Shadow_Kill_the_Shadow_Dragon_body,Debemos encontrar la forma de entrar en la guarida de <Lore.Italic>Narag-Shazôn</> y acabar con ella antes de que su sombra se extienda bajo las tres montañas.,
ST_LoreEntry::2-3A_BolgahkDead_1,"Sea cual sea el obsceno método que elijan los <Lore.Italic>rakhâs</> para hacerse llamar «padres» o «hijos», espero no saberlo nunca. Pero al menos el linaje de Azzog, Bolg y Bolgakh ha llegado a su fin. Dedico esta victoria a los enanos quemados de Azanulbizar. ",
ST_LoreEntry::2-3A_BlockedHighwayWestMine_4_Heading,¿Quién es «ella»?,
ST_LoreEntry::4-4_G_BlockedHighwayEast_AxeReforged,"Tras reforjar el hacha de Durin, la roca maldita se hará añicos ante mí. Ahora, nada impedirá atravesar Moria.",
ST_LoreEntry::5-3_G_NainsGrave_PJ,"Con la lanza de mithril en mano, es hora de enfrentarse a la dragona. Es probable que haya escondido su tesoro cerca de donde dormía el Flagelo de Durin, hace ya mucho, al sentirse atraída por las sombras de las profundidades de Barazinbar. Tendré que buscar el lugar donde otrora durmió el Balrog.",
ST_LoreEntry::5-4_G_BoneHoard_PJ2,"Ahora que la dragona ya no está en el reino de los vivos, puedo reunirme con el Rey Thorin y devolver la piedra khazâd al Linaje de Durin.",
ST_LoreEntry::4-1_G_BalinCamp3_3,"Escrito con cirth y una letra muy pequeña:<lf><lf><Lore.Italic>Uno de nuestros enanos más jóvenes portaba nuestro fragmento del </><Lore.BoldItalic.Gold>hacha de Durin</> <Lore.Italic> cuando un trol se lo llevó. Tres miembros de la compañía se han adentrado en los abismos inferiores en su búsqueda, pero aún no han regresado. Debo ir yo mismo, con la esperanza de encontrar al trol, su alijo y a nuestros enanos.</> <lf><lf><Lore.Italic>—Óin</>",
ST_LoreEntry::4-1_G_BalinCamp3_3_Heading,Registros de Óin,
ST_LoreEntry::4-1_G_BalinCamp3_4_WP,"En el diario de Óin, cuenta que creía que un fragmento del hacha de Durin había caído en las manos de un trol de los abismos inferiores. Con suerte, seguirá entre su alijo.",
ST_LoreEntry::3-2B_G_TrollCave_DurinAxe_ArriveWP,El registro de Oin indica que hay un <Lore.BoldItalic.Gold>fragmento de Durin</> en uno de los alijos de los trols en los abismos inferiores.<lf><lf>Tengo que buscar el fragmento del hacha de Durin en esa zona. ,
ST_LoreEntry_Appendices::Appendices_Foes_Bolgakh,"<Lore.Bold>Bolgakh</> es el líder de los Orcos y Trasgos de Moria, que han establecido su bastión en Orcópolis, en las profundidades de las Minas de Moria. Conocido por su crueldad y astucia, su principal motivación es la codicia y la sed de venganza contra los Enanos que mataron a su antepasado, el Jefe Orco Azog. Su armadura, así como la de los Orcos y Trasgos de Moria, puede ser perforada con armas mejoradas con runas. ",
ST_LoreEntry_Appendices::Appendices_Creatures_CaveSpiders,"Las <Lore.Bold>arañas cavernarias</> son más pequeñas que los dragones, pero, por alguna razón, resultan muchísimo más terroríficas. Ocho patas son demasiadas. Están mejor muertas. ",
ST_LoreEntry_Appendices::2-1_ElvenPromenade_3,"<Lore.Bold>GADNÛRUZG</><lf><lf><Lore.Italic>Por orden del rey Durin III, esta zona de Zirakzigil queda cerrada al paso bajo pena de exilio.</>",
ST_LoreEntry_Appendices::2-3A_OrcsAndGoblins_1,<Lore.Bold>Los orcos de Moria</> han reclamado los pozos negros como su hogar. Son los primeros invasores de Khazad-dûm tras la caída de Durin VI y estos orcos de Moria han sobrevivido al Flagelo de Durin únicamente por su amor a la violencia.<lf><lf>¡Su conocimiento de las minas no salvará a esta inmundicia orca de pagar por la muerte de tantísimos enanos!,
ST_LoreEntry_Appendices::3-2A_Grottos_3_Library_Belegost,"<Lore.Italic>Belegost, nuestro hogar, está arruinado. El poderoso Thangorodrim, destruido. </><lf><Lore.Italic>Las cumbres de las Montañas Azules ya no llaman.</><lf><lf><Lore.Italic>Los que quedaban de nosotros vagamos durante mucho tiempo. Errantes, perdidos, olvidados. </><lf><Lore.Italic>Pero Belegost vive, el fuego en los corazones no se extingue, arde la llama.</><lf><lf><Lore.Italic>A través de Eriador, hemos llegado. Recibidos por el Rey Durin II, el Abierto. </><lf><Lore.Italic>Nuevas salas recorrimos y nos refugiamos bajo Picos Plateados altísimos.</><lf><lf><Lore.Italic>¡Khazad-dûm! Escúchalo cantar. Pedernal y piedra, nuestra Forja nos llama. </><lf><Lore.Italic>En este nuevo hogar, aquí se desarrollará nuestra historia.</>",
ST_LoreEntry_Appendices::5-3_NainsGrave_Interact,"<Lore.Italic>Aquí yace Náin, hijo de Durin VI, rey de Moria.</>",
ST_LoreEntry_Appendices::4-1_Bridge_StriderJournal,"<Lore.Italic>Aún no he pasado dos noches bajo esta montaña, pero ya siento su desesperación. Demasiada tristeza y pena.</><lf><lf><Lore.Italic>Los orcos son implacables. Necesitaré un brebaje defensivo para combatirlos.</> <lf><lf><Lore.Italic>—Thorongil</>",
ST_LoreEntry_Appendices::2-3A_StriderCamp_2,"<Lore.Italic> He encontrado las minas al oeste, pero no veo ninguna señal real del peligro que Elrond deseaba que descubriera. Los días siguen siendo oscuros y agotadores.</> <lf><lf><Lore.Italic>Con lo que he encontrado en estas montañas, he conseguido hacer un brebaje vigorizante. Ha resultado vital para este viaje.</><lf><lf><Lore.Italic>—Thorongil</>",
ST_LoreEntry_Appendices::5-3_NainsGrave_Interact2,"<Lore.Italic>Náin, nuestro rey, se enfrentó aquí a la bestia de sombra y fuego. Derramó su sangre por aquellos a los que protegía. Nos ha salvado a todos, incluso mientras perdíamos nuestro hogar.</>",
ST_LoreEntry_Appendices::4-4_G_NogrodForge_1_ReactionSee,"<Lore.Italic>Ningún arma forjada cambiará nuestro hogar,</> <lf><Lore.Italic>Cuando Nogrod cayó y en ruinas quedó.</> <lf><Lore.Italic>Unas nuevas cavernas en los picos nublados halló,</> <lf><Lore.Italic>Entre los salones con columnas de Durin.</><lf><Lore.Italic>Nuestra forja ahora canta para deleite de los herreros,</> <lf><Lore.Italic>con la casa de Durin, nuestro nuevo hogar está repleto de guerreros.</>",
ST_LoreEntry_Appendices::4-3_Dwarrowdelf_StriderJournal,"<Lore.Italic>La oscuridad de Moria lleva mucha desesperación consigo. He tenido que crear un brebaje para calmar el peso de esta oscuridad, que no cesa. También he descubierto la forma en la que los enanos llevaron la luz a la montaña para cultivar. Qué sorpresa.</>",
ST_LoreEntry_Appendices::3-2A_Grottos_8_StriderJournal,"<Lore.Italic> Las abismos inferiores son oscuros y fríos, donde acechan criaturas inimaginables. Estas cavernas son un lugar hostil. </><lf><lf><Lore.Italic>He necesitado preparar un brebaje cálido para mantener a raya el frío, además de usar la repugnante medicina orca para curarme algunas heridas. Si pudiera, preferiría poder olvidar todo esto algún día.</><lf><Lore.Italic>—Thorongil</>",
ST_LoreEntry_Appendices::5-3_Crossroads_StriderJournal,"<Lore.Italic>Los Orcos son implacables. Tengo que preparar un poco de Miruvor. Por suerte, he encontrado hierbas que crecen bajo la montaña para ello.</>",
ST_LoreEntry_Appendices::Appendices_DLC_Ent,"<Lore.Italic>Gracias a la artesanía ent, se pueden conseguir esquejes con esmeraldas incrustadas haciendo uso de la runa de Berêk. La madera ent se puede conseguir en el manantial eterno.</><lf><lf>En los primeros albores de la Cuarta Edad, un enano que atravesaba pasos de montaña gigantescos se topó con un paisaje un tanto curioso: una pequeña arboleda pionera, muy por encima de la línea del resto de los árboles. Para su sorpresa, el más alto de todos los abedules le habló. De hecho, este solitario ent era uno de los más añejos de su estirpe, el gran Corteza.<lf><lf>Su arbolado había sufrido muchísimo a manos de los orcos de Saruman y, arrastrando su suma tristeza, huyó con esquejes y plantones a zonas más altas, lejos de la guerra. Fue aquí, en las montañas, donde hizo rebrotar los árboles a los que pastoreaba.<lf><lf>Conmovido por la triste historia de Corteza, el enano se quedó para hacer compañía a su nuevo amigo y aprender todo lo que pudiera. De este modo, al menos un ent aprendió que las hachas de los enanos estaban hechas para la guerra y no para talar a sus semejantes, y así lleva siendo desde la época en la que estas dos especies entraron en conflicto.<lf><lf>Cuando el enano pudo volver a su hogar tras sus aventuras, enseñó a los suyos lo que había aprendido. Al más puro estilo enano, adoptaron este nuevo conocimiento, al cual comenzaron a llamar «artesanía ent». ",
ST_LoreEntry_Appendices::Appendices_DwarvenCraft_Pickaxes,La herramienta favorita de los enanos mineros. Elije el pico adecuado para extraer minerales y gemas concretos. ,
ST_LoreEntry_Appendices::2-3A_BlockedHighwayWestMine_2,"¡Casi paso por alto una pipa enana y una bolsa de hojas! Teniendo en cuenta la antigüedad de la pipa y la frescura de las hojas... ¡debe de ser la pipa del señor Gimli! La Comunidad del Anillo debió de acampar aquí durante su largo viaje a través de Moria. <lf><lf>Qué alegría saber que Gimli estuvo una vez aquí, aunque me pregunto si ellos también se encontraron con maldiciones sombrías por el camino.",
ST_LoreEntry_Appendices::3-4_G_BelegostForge_1_ArriveWP_Heading,Una forja inundada,
ST_LoreEntry_Appendices::5-3_Crossroads_StriderJournal_Heading,Un brebaje curativo,
ST_LoreEntry_Appendices::5-1_Crossroads_FellowshipMemory_Heading,Una pipa de hobbit y una bolsa con hierbas,
ST_LoreEntry_Appendices::2-3A_StriderCamp_1_Heading,El campamento de un montaraz,
ST_LoreEntry_Appendices::4-1_Bridge_StriderJornal_Heading,Brebaje defensivo del montaraz,
ST_LoreEntry_Appendices::2-3B_NexusMineB_2_Heading,Hacia las profundidades,
ST_LoreEntry_Appendices::Appendices_Foes_TheDragon,"La Dragona de las Sombras, una bestia a la que Sauron tuvo cautiva durante mucho tiempo, llegó a Moria tras la caída de Mordor y trajo consigo a su prole de Bestias Aladas. Ha estado propagando las Sombras y corrompiendo buena parte de Moria con sus poderes y runas malditas. Ahora, reclama la posesión de todo el reino y guarda su tesoro en las profundidades de la Montaña.<lf><lf>La única forma de derrotar a esta antigua criatura es con un arma de Mithril. ",
ST_LoreEntry_Appendices::Appendices_DwarvenCraft_StoneCutters,Una hoja que corta piedra para construir edificios. Khazad-dûm no existiría sin esta humilde herramienta.,
ST_LoreEntry_Appendices::Appendices_DwarvenCraft_BuildLoreBookcase,"Una librería que se usa para almacenar libros con todos los conocimientos sobre construcción de los enanos. Si reúnes libros y los colocas aquí, podrás estudiar este antiguo arte y tendrás la posibilidad de construir sin emplear nuevos materiales.",
ST_LoreEntry_Appendices::Appendices_DwarvenCraft_GemWheel,"Una herramienta que se utiliza para tallar, ajustar y pulir gemas.",
ST_LoreEntry_Appendices::3-2B_G_Drainworks_2_Watcher,"Una aterradora criatura de las profundidades, otro <Lore.Bold>guardián</> que acecha bajo las aguas subterráneas de Khazad-dûm. Una enorme bestia con innumerables tentáculos que arrebata la vida a las desprevenidas criaturas que se acercan demasiado. Como es mejor mantener las distancias, más vale que hagas uso de una ballesta para plantarle cara a sus tentáculos. ",
ST_LoreEntry_Appendices::Appendices_DwarvenCraft_Mill,Una herramienta mágica que trasforma productos básicos en ingredientes para cocinar. El azote de los estómagos hambrientos.,
ST_LoreEntry_Appendices::Appendices_DwarvenCraft_BuildLoreScrollshelf,"Un estante que se usa para almacenar pergaminos con todos los conocimientos sobre construcción de los enanos. Si reúnes pergaminos y los colocas aquí, podrás estudiar este antiguo arte y tendrás la posibilidad de construir sin emplear nuevos materiales.",
ST_LoreEntry_Appendices::Appendices_Creatures_WhiteDeer,"Ciervos de un blanco pálido resplandeciente, todo un espectáculo para la vista, sobre todo bajo una montaña. Estas criaturas, llamadas Hríwaras por los Elfos Silvanos, se sienten atraídas por el poder de estos últimos, que buscan en la piedra de los Salones Élficos. Su carne y su piel son de una calidad excelente. ",
ST_LoreEntry_Appendices::3-2B_LowerDeeps_FellowshipMemory_1,"¿Restos de la Comunidad aquí abajo?<lf><lf>He encontrado un guijarro con marcas hobbit. Me extraña encontrar algo así aquí, en las abismos inferiores, ya que no viajaron por estos lares. Seguro que cayó por un pozo.",
ST_LoreEntry_Appendices::Appendices_DwarevenCraft_Brewery,Un grifo y una cuba de madera para elaborar cervezas y brebajes. Se puede mejorar para preparar recetas más complejas y aumentar su capacidad. ,
ST_LoreEntry_Appendices::2-1_DoorsofDurin_BalinCamp,"Casi 50 años después de ayudar a Thorin Escudo de Roble a arrebatar Erebor al dragón Smaug, Balin lideró una compañía de enanos hacia Moria. Desgraciadamente, la colonia solo sobrevivió en Khazad-dûm unos cinco años antes de morir de forma trágica. <lf><lf>Durante su estancia en la montaña, la Compañía de Balin construyó fortificaciones y bases de operaciones por todo Khazad-dûm. Cada uno de sus puestos de avanzada podría albergar pistas sobre su expedición, detalles que no se compartieron en las páginas del libro de Mazarbul que encontró el señor Gimli. Al menos, los puestos de avanzada proporcionan un refugio seguro durante el traicionero viaje a través de Khazad-dûm.",
ST_LoreEntry_Appendices::5-1_G_Crossroads_ArriveWP,"A lo largo del camino de Durin hay una encrucijada con tres pasadizos en forma de túnel que conducen a distintas zonas de Khazad-dûm. Estos pasadizos conectan las Puertas del Oeste y las antiguas Minas de Moria con Abismo Negro. Uno de los pasadizos atraviesa Barazinbar. <lf><lf>Los enanos usaban con frecuencia la encrucijada bajo las montañas antes de que la casa de Durin huyera del Balrog. A un lado de los tres pasadizos, hay un puesto de guardia. ",
ST_LoreEntry_Appendices::6-1_G_DimrilGate_About,"También conocidas como las Puertas Este o las Grandes Puertas, la Puerta de Dimrill era la entrada original a Khazad-dûm, construida durante la Primera Edad, cerca de Lago Espejo, donde Durin tuvo su visión. En la Tercera Edad, las puertas quedaron dañadas durante la Guerra de los Enanos y los Orcos, así como durante el ataque a la Compañía de Balin.<lf><lf>Tanto Gandalf como Aragorn atravesaron la Puerta de Dimrill en sus respectivos viajes a Moria. Cuando la Compañía del Anillo cruzaron Moria, salieron por aquí.",
ST_LoreEntry_Appendices::2-1_DoorsOfDurin_2,"También conocidas como las Puertas de Hollin o las puertas élficas, las Puertas de Durin son la principal entrada occidental a Khazad-dûm. Durante el viaje de la Comunidad del Anillo, fue justo delante de estas puertas donde el hobbit Merry ayudó a Gandalf a resolver el enigma de cómo abrirlas, antes de que el Guardián del Agua les atacase.<lf><lf>Talladas en la ladera de la montaña Zirakzigil, las Puertas de Durin siguen siendo un símbolo de la amistad que antaño existía entre los elfos de Eregion de la Segunda Edad y el reino enano de Khazad-dûm. Son obra del gran artesano enano Narvi, y los signos corrieron a cargo de Celebrimbor, señor elfo de Eregion. ",
ST_LoreEntry_Appendices::4-3_Dwarrowdelf_WizardMark_Heading,Una presencia maligna,
ST_LoreEntry_Appendices::Appendices_DwarvenCraft_Runecrafting,"Una práctica ancestral que se creía perdida en el tiempo. Según cuentan la leyendas, en el pasado se practicaba con gran maestría en Khazad-dûm. La mesa de runas podría traer esta arte de vuelta a la vida.",
ST_LoreEntry_Appendices::2-1_Aftermath_6_GimliContract,"Un extracto de la sección 1 del contrato de la Compañía de Gimli, Portador del Rizo:<lf><lf><Lore.Italic>«Acepto vuestra ayuda en la reconquista de Moria para extraer mithril, con sumo agradecimiento.</><lf><lf><Lore.Italic>Condiciones: Se cubren todos los gastos de traslado a Moria; los gastos del funeral corren a cuenta de Gimli o sus representantes, si se diera la ocasión y el asunto no se soluciona de otro modo».</>",
ST_LoreEntry_Appendices::2-3A_NexusMineA_4,"Un extracto de la Sección 2 del contrato de la Compañía de Gimli, Portador del Rizo:<lf><lf><Lore.Italic>«Pago: Los miembros de la compañía podrán conservar los tesoros que recuperen, reconstruyan o elaboren (si los hay) dentro de Moria, a excepción de las reliquias reales, los monumentos y otros artefactos pertenecientes a Khazad-dûm y al linaje real de Durin».</>",
ST_LoreEntry_Appendices::3-2A_Grottos_10_GimliContract,"Extracto de la sección 3 del contrato de la Compañía de Gimli, Portador del Rizo:<lf><lf><Lore.Italic>«Pago (continuación): los miembros de la compañía podrán quedarse y trabajar las tierras, salones y puestos de avanzada o bases que necesiten para poder trabajar para Khazad-dûm mientras dure la misión de la compañía y hasta el momento que dicte Gimli, Portador del Rizo o el rey de Erebor».</>",
ST_LoreEntry_Appendices::Appendices_Foes_TrollKing,"Un Olog-hai inteligente, el <Lore.Bold>Rey Troll</> de los Orcos de Ojos Rojos es una criatura temible cuya enorme estatura es solo superada por su codicia. Empezó a saquear el corazón del reino enano con sus esbirros en la Cuarta Edad. Su trono está adornado con trofeos de su conquista, reliquias de familia de los Enanos con un valor incalculable. Algunos afirman que lleva una corona que arrancó de una de las más bellas estatuas de Durin. Para derrotarlo, una bebida y las armas más poderosas serán de gran ayuda.",
ST_LoreEntry_Appendices::3-4_G_Library_2_Waypoint_Heading,Conocimiento ancestral común,
ST_LoreEntry_Appendices::Appendices_Creatrues_FellBeasts,"Ten mucho cuidado cuando te acerques a las <Lore.Bold>bestias aladas</> y procura llevar buenas armas. Los dragones engendraron estas poderosas criaturas de la sombra durante la Guerra del Anillo a petición de Sauron. Los detalles de su creación maldita siguen siendo un misterio. Representan una grave amenaza cuando están solas, pero son infinitamente peores en grupo. ",
ST_LoreEntry_Appendices::2-1_AricTheRaven_1_Heading,Aric el Cuervo,
ST_LoreEntry_Appendices::2-1_AricTheRaven_1,"Aric, hijo de Arac, es un cuervo de Erebor, que pertenece a la colonia de la Compañía del señor Gimli. La familia de Aric era de Colina del Cuervo, cerca de Erebor, y eran de los pocos cuervos que hablaban y entendían el idioma de los enanos. Estas inteligentes familias de cuervos ayudaron a la casa Durin durante mucho tiempo.",
ST_LoreEntry_Appendices::Appendices_AnW_KhazadArmy,"Las armas y armaduras con las marcas del ejército Khazâd se encuentran por todo el bastión y la ciudad de Pozo Oscuro. Un análisis minucioso de estas revela una receta específica para fabricar Acero Khazâd, una aleación más resistente que la utilizada en la Tercera y Cuarta Edad.",
ST_LoreEntry_Appendices::Appendices_AnW_SouthernmostCoast,"Una armadura de tonos intensos y metales brillantes, de lo mejor de este clan meridional.",
ST_LoreEntry_Appendices::2-2_ElvenPromenade_1,"A medida que se expandía el comercio con los Elfos de Eregion, los Enanos de Khazad-dûm les ofreceran una caverna cerca de las Puertas del Oeste para que los Elfos la utilizaran como su <Lore.Italic>Madrûrgunud</>. Comenzaron a llamarla el Barrio Élfico o el Elfgund, que significa Caverna Élfica. <lf><lf>Los Elfos de Noldor que frecuentaban Khazad-dûm daban un gran valor a la artesanía y el tallado de rocas, por lo que transformaron la caverna en un lugar más luminoso, verde Y élfico que antes. <lf><lf>A pesar de haber estado atrincherada durante miles de años, la montaña no olvida la alianza que se hizo con los Elfos que otrora vivieron aquí.",
ST_LoreEntry_Appendices::4-3_21stHall_BalinsTomb_Heading,"Balin, hijo de Fundin",
ST_LoreEntry_Appendices::Appendices_Friends_Balin,"Balin, hijo de Fundin, Señor de Moria y primo de Gimli, el Portador del Rizo, era amigo íntimo y aliado de Thorin Escudo de Roble, que guió la expedición para recuperar la Montaña Solitaria. Balin fue uno de los Doce Enanos que acompañaron a Thorin en su viaje.<lf><lf>Después de la Batalla de los Cinco Ejércitos, Balin se convirtió en el Señor de Moria y guió a varios enanos en un intento por recuperar su hogar ancestral. Por desgracia, su esfuerzo fue en vano y la Colonia apenas sobrevivió cinco años. Tras ir a contemplar el lago Kheled-zâram en solitario, los Orcos lo asesinaron en el Valle del Arrollo Sombrío. Al final, se recuperó su cuerpo, que yace en la Cámara de Marzabul.",
ST_LoreEntry_Appendices::2-1_DoorsofDurin_BalinCamp_Heading,Puestos de avanzada coloniales de Balin,
ST_LoreEntry_Appendices::4-3_G_BalinCamp4_1_BalinSeat_Heading,Asiento de Balin,
ST_LoreEntry_Appendices::5-3_BalrogsNest_Emergence_Heading,Nido del Balrog,
ST_LoreEntry_Appendices::Appendices_AnW_Belegost_Name,Artefactos de los Enanos de Belegost,
ST_LoreEntry_Appendices::Appendices_DLC_Beorn_Name,Artesanía de Beorn,
ST_LoreEntry_Appendices::Appendices_AnW_BlueMountains_Name,Artefactos de los enanos de las Montañas Azules,
ST_LoreEntry_Appendices::Appendices_DwarevenCraft_Brewery_Name,Cervecería,
ST_LoreEntry_Appendices::2-3A_StriderCamp_1B_Heading,Inspiración del maestro cervecero,
ST_LoreEntry_Appendices::Appendices_DwarvenCraft_BuildLoreBookcase_Name,Librería de conocimientos de construcción,
ST_LoreEntry_Appendices::Appendices_DwarvenCraft_BuildLoreScrollshelf_Name,Estante de pergaminos de conocimientos de construcción,
ST_LoreEntry_Appendices::Appendices_Creatrues_MoriaPig_Name,"Bên'imûn",
ST_LoreEntry_Appendices::Appendices_Creatures_CaveBears_Name,Osos cavernarios,
ST_LoreEntry_Appendices::Appendices_Creatures_CaveBears,"Osos cavernarios con una inteligencia en la mirada que resulta inquietante. Intenta evitarlos. Si se respeta su madriguera, no suelen atacar a los enanos. ",
ST_LoreEntry_Appendices::Appendices_Creatures_CaveSpiders_Name,Arañas cavernarias,
ST_LoreEntry_Appendices::Appendices_Creatures_CavernBats_Name,Murciélagos cavernarios,
ST_LoreEntry_Appendices::Appendices_AnW_SouthernmostCoast_Name,Artefactos de los enanos de las Montañas Costeras,
ST_LoreEntry_Appendices::Appendices_DwarvenCraft_Cooking_Name,Cocina,
ST_LoreEntry_Appendices::5-3_AngryCaverns_ArriveWP_Heading,Caradhras el Cruel,
ST_LoreEntry_Appendices::Appendices_DwarvenCraft_Tint-Mixer,Esta herramienta pulveriza gemas y otros materiales y los transforma en pigmentos para teñir objetos. No solo de mera practicidad vive un enano. ,
ST_LoreEntry_Appendices::Appendices_Friends_KingDain,"Dáin Pie de Hierro, hijo de Náin, de la casa de Durin, fue el rey de las Colinas de Hierro, situadas al este de las Montañas Nubladas durante la Guerra del Anillo. Es conocido por ser uno de los más grandes guerreros enanos, con una destreza inigualable en el campo de batalla.<lf><lf>Dáin era primo y amigo de Thorin Escudo de Roble y acudió a su llamada para recuperar las Montañas Solitarias. Durante la Batalla de los Cinco Ejércitos, Dáin luchó con valentía junto a los demás líderes militares, entre los que se encontraban Thorin Escudo de Roble, Bardo el Arquero y los Elfos del Bosque Negro.<lf><lf>Durante la Guerra del Anillo, Dáin murió en la Batalla de Dale ante las puertas de la Montaña Solitaria. Tras la guerra, le sucedió su hijo, Thorin III Yelmo de Piedra. ",
ST_LoreEntry_Appendices::3-2A_Grottos_6_DeepOrcConvo_3_Heading,Tribu de los Abismos,
ST_LoreEntry_Appendices::Appendices_AnW_DurinMetal,"Este artefacto, inventado por el mismísimo Durin, el Inmortal, combinaba <Lore.Italic>luthun durinul</>, un metal que solo se encuentra en el Monte Gundabad, con <Lore.Italic>nimir-yazad</>, un extraño mineral procedente de una estrella caída del cielo. Al forjarse en la fragua de Durin, esta aleación otorgaba a su guardia personal protección contra la sombra de las profundidades.",
ST_LoreEntry_Appendices::Appendices_Creatures_Drakes_Name,Dragoncillos,
ST_LoreEntry_Appendices::4-4_G_Desolation_Gundabad_MtGundabad,"Tras ser expulsados de sus fortalezas en el Monte Gundabad a manos del Rey Thorin Yelmo de Piedra, los <Lore.Bold>Orcos de Gundabad</> entraron en Moria en busca de suministros mientras viajaban hacia el sur. Ahora han quedado atrapados en Khazad-dûm, como todos los demás.<lf><lf>Más parecidos a los montaraces que a los soldados, a menudo se ve a la tribu de Gundabad trabajando mano a mano con los Huargos de su tierra natal. Desprecian a los Orcos de los Ojos Rojos de Mordor y a los Uruks por actos que solo ellos conocen.",
ST_LoreEntry_Appendices::Appendices_AnW_DurinMetal_Name,Artefactos de los enanos de la guardia de Durin,
ST_LoreEntry_Appendices::2-1_BlockedHighway_2_Heading,Camino de Durin,
ST_LoreEntry_Appendices::3-4_Tomb_1_Altar_Heading,Linaje de Durin,
ST_LoreEntry_Appendices::Appendices_Creatures_Graevling_Name,"Dâ'imûn",
ST_LoreEntry_Appendices::2-1_WesternTown_5,"Cada familia enana esculpe retratos de sus familiares en piedra. Una <Lore.Italic>muznâkan</> es una mesa tradicional donde la familia se reúne para rendir homenaje y dar gracias a sus antepasados, en la segunda luna llena después del Día de Durin.<lf><lf>Cuando Khazad-dûm cayó, muchos enanos se vieron obligados a dejar atrás las figuras de su <Lore.Italic>muznâkan</>. Si las encontramos y las devolvemos a sus propietarios, descubriremos información que solo tenían dichas familias.",
ST_LoreEntry_Appendices::2-1_ElvenPromenade_1_Heading,Magia élfica,
ST_LoreEntry_Appendices::Appendices_DLC_Ent_Name,Artesanía ent,
ST_LoreEntry_Appendices::Appendices_AnW_Erebor_Name,Artefactos de los Enanos de Erebor,
ST_LoreEntry_Appendices::Appendices_AnW_Erebor,"Erebor no solía contar con un ejército permanente tan grande como el de las Colinas de Hierro, por eso podía permitirse equipar a sus soldados con acero en vez de con simple hierro. Las armaduras y armas al estilo de Erebor son más duraderas e infligen cortes más profundos.",
ST_LoreEntry_Appendices::Appendices_AnW_Elven_Name,Artefactos de los Enanos de Eregion,
ST_LoreEntry_Appendices::Appendices_AnW_FirstAge,"Al explorar el Abismo Inferior, se encontraron varios diseños de armas un tanto insólitos. Es muy posible que se trate de armas olvidadas, aunque muy poderosas, de la Primera Edad. Estos descubrimientos traerán grandes avances para los enanos de Cuarta Edad. ",
ST_LoreEntry_Appendices::Appendices_DwarvenCraft_FabricStation_Name,Estación de tejidos,
ST_LoreEntry_Appendices::Appendices_DwarvenCraft_Farming_Name,Agricultura y ganadería,
ST_LoreEntry_Appendices::Appendices_Creatrues_FellBeasts_Name,Bestias aladas,
ST_LoreEntry_Appendices::Appendices_AnW_FirstAge_Name,Artefactos de los enanos de la Primera Edad,
ST_LoreEntry_Appendices::5-1_Crossroads_WizardMark_Heading,Sigue tu olfato,
ST_LoreEntry_Appendices::2-2_ElvenPromenade_2,"Durante siglos, en la Segunda Edad, los elfos de Eregion entablaron amistad con los enanos de Khazad-dûm. Esta amistad que surgió entre el pueblo de Durin y los elfos herreros de Eregion fue la más estrecha que jamás había existido entre las dos razas.<lf><lf>Pero cuando los zarcillos de la Sombra empezaron a extenderse por la Tierra Media, el rey Durin III tomó la terrible decisión de cerrar las puertas de Khazad-dûm para proteger el reino enano y a todos sus ciudadanos del regreso de Sauron. Puede que los elfos pensasen que el rey Durin les había traicionado, pero esta decisión implicó que Khazad-dûm pudo defenderse del intento de conquista de Sauron.",
ST_LoreEntry_Appendices::Appendices_DwarvenCraft_Forges_Name,Fraguas,
ST_LoreEntry_Appendices::Appendices_DwarvenCraft_Cooking,"Los enanos pueden preparar raciones y comidas dependiendo del lugar que elijan para cocinar, ya sea un hogar o una cocina. ",
ST_LoreEntry_Appendices::Appendices_DwarvenCraft_Farming,"Ya sea mediante el cultivo de vegetales o la cría de animales, los enanos pueden producir sus propios ingredientes utilizando distintos tipos de herramientas y estructuras. ",
ST_LoreEntry_Appendices::4-3_Dwarrowdelf_DwalinBalinAltar_Heading,Linaje de Fundin,
ST_LoreEntry_Appendices::Appendices_DwarvenCraft_Furnces_Name,Hornos,
ST_LoreEntry_Appendices::Appendices_DwarvenCraft_Furnces,Los hornos suelen ubicarse cerca de las Fraguas de los Enanos. Son necesarios para fabricar metales y deben mejorarse para crear aleaciones más valiosas.,
ST_LoreEntry_Appendices::Appendices_Friends_Gandalf,"Gandalf el Sabio fue un mago con un poder incalculable. Recibió muchos nombres a lo largo de su vida, entre ellos Tharkûn, que era como lo conocían los enanos. Se dice que era uno de los cinco Istari que aparecieron en la Tierra Media durante la Tercera Edad para enfrentarse al poder de Sauron y unir a todos los que se oponían al señor oscuro.<lf><lf>Consejero de muchos en la Tierra Media, Gandalf ayudó a Thorin Escudo de Roble en su misión para recuperar Erebor. También formó parte de la Compañía del Anillo y desempeñó un papel importante en la caída de Sauron. Durante la Guerra del Anillo, Gandalf luchó contra el balrog de Moria. A pesar de salir victorioso, Gandalf cayó en las tinieblas y renació más tarde como Gandalf el Blanco, jefe de la Orden de los Magos. ",
ST_LoreEntry_Appendices::3-4_EasternStairs_FellowshipMemory_Heading,Sombrero de Gandalf,
ST_LoreEntry_Appendices::3-2A_Grottos_4_Altar_Heading,Linaje de Garin,
ST_LoreEntry_Appendices::Appendices_AnW_RedMountains,Un estilo de equipo nada propio al oeste de Erebor. Sus elaborados adornos e intensos colores indican que procede de las Montañas Rojas.,
ST_LoreEntry_Appendices::Appendices_DwarvenCraft_GemWheel_Name,Rueda para gemas,
ST_LoreEntry_Appendices::3-2A_LowerDeeps_WizardMark_Heading,Gemas y repugnancia,
ST_LoreEntry_Appendices::Appendices_Creatures_Drakes,¿Lagartos gigantes o bestias aladas incapaces de volar? Estas criaturas escamosas y solitarias protegen sus huevos con una ferocidad increíble. ,
ST_LoreEntry_Appendices::Appendices_Foes_GreatWorm,"Los <Lore.Bold>gusanos de hielo</> son seres enormes e irrespetuosos que recurren a perturbadoras tácticas de combate. Suelen cavar túneles y romper el suelo de piedra para atacar. Si no es posible, escupen a su presa desde lejos. ",
ST_LoreEntry_Appendices::2-1_Aftermath_4_Gimli_Heading,"Gimli, Portador del Rizo",
ST_LoreEntry_Appendices::2-1_Aftermath_4_Gimli,"Gimli, hijo de Gloin, Portador del Rizo y señor de las Cavernas Centelleantes, es de la casa de Durin, además del único enano en la Comunidad del Anillo.<lf><lf>Tras la caída de Sauron, Gimli viajó en compañía del elfo Legolas antes de liderar a un grupo de enanos para establecer una colonia en las Cavernas Centelleantes, tras el Abismo de Helm.<lf><lf>Gimli ahora está al mando de una compañía de enanos de la Tierra Media con la intención de recuperar Khazad-dûm, el mayor reino enano jamás construido. En las profundidades de sus ancestrales minas se encuentra el mithril, un mineral excepcional y de gran valor. Gimli quería usarlo para reconstruir las Puertas de Minas Tirith, en honor a su amigo Aragorn, ahora rey del Reino Unificado.",
ST_LoreEntry_Appendices::2-3A_BlockedHighwayWestMine_2_Heading,Pipa perdida de Gimli,
ST_LoreEntry_Appendices::5-3_MithrilLodes_GimolAltar_Heading,Linaje de Gimol,
ST_LoreEntry_Appendices::2-2_ElvenPromenade_4_Heading,Tribu de los Hombres Trasgo,
ST_LoreEntry_Appendices::4-5_DurinsForge_ActivateForge_Heading,Gran forja de Durin,
ST_LoreEntry_Appendices::2-2_ElvenPromenade_8_Heading,Gran forja de Narvi,
ST_LoreEntry_Appendices::4-4_G_NogrodForge_3_Complete_Heading,Gran forja de Nogrod,
ST_LoreEntry_Appendices::Appendices_Creatures_GreatSpiders_Name,Grandes arañas,
ST_LoreEntry_Appendices::Appendices_AnW_GreyMountains_Name,Artefactos de los Enanos de las Montañas Grises,
ST_LoreEntry_Appendices::4-4_G_Desolation_Gundabad_MtGundabad_Heading,Tribu de Gundabad,
ST_LoreEntry_Appendices::Appendices_DwarvenCraft_Hammers_Name,Martillos,
ST_LoreEntry_Appendices::Appendices_Creatures_CavernBats,"Ratas con morro de cerdo que no se merecen las alas que tienen. Los murciélagos cavernarios atacan a los escaladores ante la más mínima provocación. Si el suelo está cubierto de sus excrementos, ten cuidado: sus nidos andan cerca. ",
ST_LoreEntry_Appendices::2-3A_StriderCamp_1,"¡He encontrado un campamento oculto de un montaraz del norte! Su capacidad de camuflaje le ha servido para evitar que los orcos y otras criaturas inmundas lo arrasasen.<lf><lf>Uno de los Dúnedain debió aventurarse en Moria hace mucho tiempo. Se rumorea que fue el propio Aragorn, mucho antes de ser coronado rey Elessar, y del viaje de la Comunidad del Anillo. <lf><lf>Tal vez encuentre más campamentos suyos.",
ST_LoreEntry_Appendices::3-4_EasternStairs_FellowshipMemory,"¡He encontrado un sombrero de mago! Debe de ser de Gandalf. Seguramente cayó por el Abismo Negro durante la batalla contra el Flagelo de Durin. Qué suerte que el mago se enfrentara al Balrog, y no yo. ",
ST_LoreEntry_Appendices::Appendices_Foes_GreatWorm_Heading,Gusano de hielo,
ST_LoreEntry_Appendices::Appendices_AnW_LastAlliance,"En la Segunda Edad, Durin IV rompió la neutralidad de los enanos y envió al linaje de Durin a ayudar a la Última Alianza de los elfos y los hombres en su guerra contra Sauron. Las armas y armaduras de aquella época se forjaron a toda prisa con acero, sacrificando la calidad propia de la artesanía enana en favor de la velocidad para equipar a un ejército expedicionario. ",
ST_LoreEntry_Appendices::Appendices_DwarvenCraft_Tint-Mixer_Name,Molino de pigmentos,
ST_LoreEntry_Appendices::Appendices_AnW_IronHills_Name,Artefactos de los Enanos de las Colinas de Hierro,
ST_LoreEntry_Appendices::Appendices_AnW_IronHills,"¡El hierro, el fiel servidor de los enanos! Las armas y armaduras de hierro son las más comunes entre los artefactos enanos. Tras la caída de Khazad-dûm, los enanos de Erebor se dedicaron al oficio de la construcción, mientras que los de las Colinas de Hierro intentaron, sin éxito, reproducir las creaciones de sus antepasados.",
ST_LoreEntry_Appendices::4-3_G_BalinCamp4_1_BalinSeat,"Fue aquí donde Balin reclamó su asiento como señor de Moria. También fue aquí donde se le enterró tras caer derrotado por una flecha orca mientras contemplaba el Lago Espejo. <lf><lf>Poco después, el resto de la Compañía de Balin quedó atrapada en Moria por culpa de un grupo de orcos invasores. Creyendo que sería imposible escapar, Ori contó cómo se enfrentaron a los orcos en el libro de Mazarbul, detallando la incertidumbre y el horror de sus últimos momentos. Fue este libro y el relato de Ori lo que Gimli y la Comunidad encontraron más tarde durante su viaje a través de Moria.",
ST_LoreEntry_Appendices::Appendices_AnW_KhazadArmy_Name,Artefactos de los Enanos del ejército Khazâd,
ST_LoreEntry_Appendices::Appendices_Friends_KingDain_Name,Rey Dáin Pie de Hierro,
ST_LoreEntry_Appendices::2-1_Aftermath_5_Thorin_Heading,Rey Thorin III Yelmo de Piedra,
ST_LoreEntry_Appendices::Appendices_Friends_Aragorn,"Aragorn, hijo de Arathorn y también conocido como Elessar Telcontar o Trancos cuando era un simple Montaraz, es el Líder de los Dúnedain del Norte. Es famoso por ser un hábil Montaraz y el sabio estratega de la Comunidad del Anillo.<lf><lf>Tras la caída de Sauron, Aragorn fue coronado Rey de Arnor y Gondor, el primer Alto Rey del Reino Unificado, y trabajó sin descanso para reconstruir el reino y restaurar el orden.<lf><lf>A pesar de los desafíos a los que se enfrenta, Aragorn se mantiene fiel a su compromiso con su pueblo y a su misión. Con la ayuda de su querido amigo Gimli, el Portador del Rizo, se esfuerzan por reconstruir las Puertas de las Minas Tirith.",
ST_LoreEntry_Appendices::Appendices_DwarvenCraft_Lamps&Torches_Name,Lámparas y antorchas,
ST_LoreEntry_Appendices::Appendices_DwarvenCraft_Lamps&Torches,Las lámparas y antorchas iluminan el camino y ahuyentan la desesperación y las sombras. ,
ST_LoreEntry_Appendices::Appendices_AnW_LastAlliance_Name,Artefactos de los enanos de la Última Alianza,
ST_LoreEntry_Appendices::2-2_ElvenPromenade_6_Heading,Menos sombras...,
ST_LoreEntry_Appendices::3-4_G_Library_1_Enter_Heading,La Biblioteca de los Peregrinos,
ST_LoreEntry_Appendices::Appendices_DLC_LordofMoria_Name,Señor de Moria,
ST_LoreEntry_Appendices::Appendices_DwarvenCraft_Mill_Name,Molino,
ST_LoreEntry_Appendices::5-3_MithrilForge_ArriveWP_Heading,Artesanía con Mithril,
ST_LoreEntry_Appendices::Appendices_AnW_Mithril_Name,Artefactos de mithril de los Enanos ,
ST_LoreEntry_Appendices::Appendices_AnW_Mithril,"Mithril: plata verdadera, el orgullo y la perdición de Khazad-dûm. Puede golpearse como el cobre y pulirse como el vidrio. Los metales fabricados a partir de él eran ligeros pero más resistentes que el acero templado. Las armas de mithril se consideran artefactos legendarios. Solía emplearse para crear armaduras que se ofrecían como obsequios y se exponían en monumentos.",
ST_LoreEntry_Appendices::2-3A_OrcsAndGoblins_1_Heading,Tribu de Moria,
ST_LoreEntry_Appendices::Appendices_Creatures_GiantMoth_Name,Polillas,
ST_LoreEntry_Appendices::Appendices_Creatures_WildMountainGoats_Name,Cabras montañesas,
ST_LoreEntry_Appendices::5-3_NainsGrave_Interact2_Heading,Tumba de Náin,
ST_LoreEntry_Appendices::5-3_NainsGrave_Interact_Heading,Corto reinado de Náin,
ST_LoreEntry_Appendices::Appendices_Creatures_NamelessBeast_Name,Bestias sin Nombre,
ST_LoreEntry_Appendices::Appendices_Foes_TheDragon_Name,"Narag-Shazôn, la Dragona Negra",
ST_LoreEntry_Appendices::Appendices_Friends_Narvi,"Narvi fue un Enano de Khazad-dûm y un hábil artesano, sobre todo para los trabajos de metalurgia.<lf><lf>Es célebre por sus contribuciones y por haber creado muchos de los artefactos de los Enanos, entre los que destacan, principalmente, las Puertas de Durin, la entrada occidental a Khazad-dûm.",
ST_LoreEntry_Appendices::2-2_ElvenPromenade_3_Heading,Linaje de Narvi,
ST_LoreEntry_Appendices::Appendices_AnW_Nogrod_Name,Artefactos de los enanos de Nogrod,
ST_LoreEntry_Appendices::4-4_G_NogrodForge_1_ReactionSee_Heading,Nueva forja de Nogrod ,
ST_LoreEntry_Appendices::3-2A_Grottos_6_DeepOrcConvo_3,"Algunos de los Orcos de Moria decidieron aislarse aún más en la oscuridad: la <Lore.Bold>Tribu de los Orcos de los Abismos</>. <lf><lf>Con el paso del tiempo, se volvieron más salvajes que los demás Orcos. Tienen una fuerza y resistencia considerables y se sienten como en casa en fosas y agujeros de cualquier tipo. Sin embargo, adoran las emboscadas y cabe tener en cuenta que su visión es excelente en la oscuridad. Si es posible, escuchan todo tipo de conversaciones a escondidas. Han adoptado alguna lengua común.",
ST_LoreEntry_Appendices::4-3_21stHall_BalinsTomb,"En la losa están grabadas las siguientes runas: «Balin, hijo de Fundin y señor de Moria».",
ST_LoreEntry_Appendices::Appendices_DLC_Rohan,"Una vez establecido en las Cavernas Centelleantes de Aglarond, el señor Gimli forjó un estrecho vínculo de amistad con el rey Eomer de Rohan. Una pequeña compañía de jinetes patrullaba los caminos desde las Montañas Blancas hasta Erebor. A cambio, se cedió a Meduseld un grupo de enanos de élite bautizado como la Guardia Yerêg, «hierba» en idioma khuzdul. Su presencia era constante allí donde los artesanos enanos realizaban sus grandes obras de construcción en el reino de los señores de los caballos.",
ST_LoreEntry_Appendices::2-3B_NexusMineB_1_Heading,Orcópolis,
ST_LoreEntry_Appendices::2-3B_NexusMineB_1,"Orcópolis es la fortaleza de los orcos de Moria y de su líder, Bolgakh. Aunque estos orcos de Moria tuvieron una vez fortalezas por toda Moria, hace poco fueron expulsados de sus guaridas y han vuelto a esta parte de las antiguas minas.",
ST_LoreEntry_Appendices::Appendices_Friends_Ori,"Ori, pariente lejano de Thorin y de la casa de Durin, fue uno de los doce enanos que acompañaron a Thorin y Balin en su expedición para recuperar la Montaña Solitaria. Este hábil escriba y cronista fue el responsable de plasmar por escrito la travesía y las batallas del grupo.<lf><lf>Ori también formó parte de la Compañía de Balin, que intentó recolonizar Moria y recuperar el reino de los enanos para la casa de Durin. Aunque la colonia prosperó en sus inicios, no tardó en acabar devastada y Ori pereció en la batalla contra el balrog y los orcos. Tras el fallecimiento de Balin, poco antes de su propia muerte, Ori y su compañía le concedieron un entierro digno antes de la última batalla en la Cámara de Marzabul. <lf>",
ST_LoreEntry_Appendices::2-1_WesternTown_6_Heading,Linaje de Ori,
ST_LoreEntry_Appendices::Appendices_DwarvenCraft_Pickaxes_Name,Picos,
ST_LoreEntry_Appendices::3-1_Grottos_2_StoryStone_1_Heading,Hito de la ruta de los peregrinos 1,
ST_LoreEntry_Appendices::3-2B_LowerDeeps_StoryStone_2_Heading,Hito de la ruta de los peregrinos 2,
ST_LoreEntry_Appendices::3-2B_LowerDeeps_StoryStone_3_Heading,Hito de la ruta de los peregrinos 3,
ST_LoreEntry_Appendices::3-2B_LowerDeeps_FellowshipMemory_1_Heading,La piedra de Pippin,
ST_LoreEntry_Appendices::Appendices_DwarvenCraft_SaltBath,Un baño de agua salada con poderes míticos que purifica la escoria corrompida.,
ST_LoreEntry_Appendices::2-3A_StriderCamp_2_Heading,Brebaje vigorizante del montaraz,
ST_LoreEntry_Appendices::3-2A_Grottos_8_StriderJournal_Heading,Brebaje caliente del montaraz y medicina orca,
ST_LoreEntry_Appendices::Appendices_AnW_RedMountains_Name,Artefactos de los enanos de las Montañas Rojas,
ST_LoreEntry_Appendices::Appendices_DLC_Rohan_Name,"Rohan, los aliados de la hierba",
ST_LoreEntry_Appendices::2-3A_BalinCamp2_4_Heading,Creación de runas,
ST_LoreEntry_Appendices::Appendices_DwarvenCraft_Runecrafting_Name,Creación de runas,
ST_LoreEntry_Appendices::2-3A_BalinCamp2_4,"La creación de runas es una antigua y poderosa habilidad enana. Tras el abandono de Moria, se pensó que gran parte de los conocimientos de esta disciplina se habían perdido, pero las herramientas de los enanos de Moria han resistido al paso del tiempo y aún es posible descubrir sus secretos.<lf><lf>El uso de gemas preciosas en las mesas de artesanía rúnica sirve para inscribir runas en la hoja o la empuñadura e imbuir las armas de poder.",
ST_LoreEntry_Appendices::Appendices_DwarvenCraft_SaltBath_Name,Baño de sal,
ST_LoreEntry_Appendices::Appendices_Foes_ShadowOrcs_Name,Tribu de la sombra,
ST_LoreEntry_Appendices::3-2A_Grottos_5_WizardMark_Heading,Sombras y lámparas,
ST_LoreEntry_Appendices::2-3A_NexusMineA_5_Heading,Las sombras son más fuertes en las minas,
ST_LoreEntry_Appendices::2-1_WesternTown_4_Heading,Sombras en Moria,
ST_LoreEntry_Appendices::2-1_DoorsOfDurin_3_Heading,Señales de la Comunidad,
ST_LoreEntry_Appendices::Appendices_Creatures_WildCaveWolves,"Más pequeños que los huargos, pero tan bravucones como las Bestias Aladas, los Lobos Salvajes han hecho de las cavernas su hogar. Los lobos de la superficie se niegan a relacionarse con estos parientes tan territoriales.",
ST_LoreEntry_Appendices::Appendices_Creatures_GrubRats_Name,Ratas tapa,
ST_LoreEntry_Appendices::Appendices_Creatures_GrubRats,"Las ratas tapa son roedores comunes, pero reciben ese nombre por un buen motivo. Se encuentran por todas partes y han sido la salvación de más de un enano en épocas de hambre. Se dice que son deliciosas si se ignora su sabor, textura y olor. ",
ST_LoreEntry_Appendices::Appendices_DwarvenCraft_StoneCutters_Name,Cortador de piedra,
ST_LoreEntry_Appendices::Appendices_Friends_Aragorn_Name,Trancos,
ST_LoreEntry_Appendices::Appendices_Creatures_CaveTrolls,"La luz del sol convierte a los Trolls Cavernarios en piedra, así que, hace ya mucho tiempo, buscaron refugio entre la oscuridad de las cuevas y minas. Allí, los Orcos los esclavizaron. Se alimentan de minerales y metales preciosos. Su buen gusto es innegable… pero inconveniente. ",
ST_LoreEntry_Appendices::4-3_Dwarrowdelf_StriderJournal_Heading,Supervivencia en la oscuridad,
ST_LoreEntry_Appendices::4-4_G_NogrodForge_2_FirstPiece_Heading,Telchar y Narsil,
ST_LoreEntry_Appendices::4-4_G_NogrodForge_2_FirstPiece,"Telchar fue uno de los herreros enanos más importantes, famoso por muchas de sus grandes obras. Nacido en Nogrod, vivió durante la Primera Edad bajo las Montañas Azules. <lf><lf>Telchar es más conocido por haber forjado la espada Narsil, que el rey de Gondor, Elendil, utilizó cuando luchó contra Sauron durante la Batalla de la Última Alianza. Aunque la espada estaba rota cuando Elendil cayó, su hijo Isildur utilizó su hoja para cortar el Anillo Único del dedo de Sauron, consiguiendo así derrotarle. <lf><lf>Muchos siglos después, la espada pasó a manos de Aragorn. Se reforjó para él durante la Guerra del Anillo y pasó a ser Andúril. Y así es como la obra de Telchar sigue viva. ",
ST_LoreEntry_Appendices::Appendices_Friends_Telchar,"Telchar, el gran herrero de Nogrod, fue un maestro artesano célebre en toda la Tierra Media. Entre sus contribuciones más notables se encuentra la creación de algunas de las armas más conocidas y poderosas que existen, como la espada Narsil, que volvió a forjarse para crear la espada de Aragorn, Anduril.<lf><lf>El legado de Telchar como artesano permanece vivo en las historias de la Tierra Media y sirve como recordatorio del ingenio y la habilidad de los enanos.",
ST_LoreEntry_Appendices::4-4_Desolation_TelcharAltar_Heading,Linaje de Telchar,
ST_LoreEntry_Appendices::4-1_Bridge_FellowshipMemory,"El <Lore.Bold>puente de Khazad-dûm</> es el lugar donde el mago Gandalf se enfrentó al Balrog. Ambos cayeron aquí, pero Gandalf se alzó con la victoria contra el Flagelo de Durin. Es por ello que los enanos de la casa de Durin le estarán eternamente agradecidos.",
ST_LoreEntry_Appendices::3-4_G_Library_3_River,"El <Lore.Bold>Kibil-nâla</>, conocido como Cauce de Plata para los Hombres y Celebrant para los Elfos, fluye hacia el este, por debajo de Moria, llena el Lago Espejo y pasa por Lorien de camino al Gran Río.<lf><lf>La cabecera de este río tiene un gran significado espiritual para los Enanos. Es el destino de una larga tradición de Enanos peregrinos que buscan la fuente de inspiración de Durin y, a cambio de eso, ponen su conocimiento a disposición de todos los que viajan hasta aquí. ",
ST_LoreEntry_Appendices::3-1_Grottos_1_LowerDeeps,"Las <Lore.Bold>abismos inferiores</> de Khazad-dûm no siempre fueron un lugar salvaje y oscuro. Antaño poblada por los refugiados enanos de Belegost y Nogrod, era una comunidad periférica, lejos las grandes ciudades de los salones superiores. Pero su historia se remonta más atrás, y seres sin nombre recorrieron otrora estos profundos túneles.<lf><lf>La montaña ha reclamado gran parte de las estructuras que los enanos habían construido mediante inundaciones, hundiéndose más profundamente en el fango, o desgastadas por el paso del tiempo y los extraños hongos y criaturas que crecen en la húmeda oscuridad.",
ST_LoreEntry_Appendices::3-4_G_BelegostForge_2_FirstPiece_Heading,Artesanía enana de Belegost,
ST_LoreEntry_Appendices::3-4_G_BelegostForge_1_ArriveWP,"Los enanos de Belegost que se asentaron aquí, en los Abismos Inferiores, crearon una forja digna de su legendaria Artesanía Enana. Aprovechándose de las inundaciones que ocurrían de forma natural en la zona, hacían uso de las Bombas de Drenaje como defensa contra las criaturas que deambulaban en estas cavernas salvajes.<lf><lf>Tras la evacuación del agua, se puede volver a encender la forja.  ",
ST_LoreEntry_Appendices::4-1_Bridge_About_Heading,El puente de Khazad-dûm,
ST_LoreEntry_Appendices::4-1_Bridge_About,"El puente de Khazad-dûm, o puente de Durin, era un estrecho puente de piedra cerca de la Puerta de Dimrill, que cruzaba un abismo grande y profundo. Sin barandillas, solo podía cruzarse en fila india y funcionaba como defensa en caso de que un ejército lograse traspasar la Puerta de Dimrill. El lado occidental del puente conduce a las escaleras orientales, además de Abismo Negro. Al este del puente, un tramo de las escaleras lleva hasta la primera sala, y de allí, a la Puerta de Dimrill.<lf><lf>El puente quedó destruido cuando Gandalf se enfrentó al Balrog. ",
ST_LoreEntry_Appendices::2-1_Aftermath_7_GimliCompany_Heading,El campamento de la Compañía de Gimli,
ST_LoreEntry_Appendices::2-1_Aftermath_7_GimliCompany,"El campamento de la Compañía de Gimli ha acogido en su seno a enanos de todas las regiones de la Tierra Media que han respondido a la llamada del señor Gimli para volver a Moria y volver a extraer mithril.<lf><lf>Durante muchas semanas, la Compañía se dedicó a recoger escombros, esculpir una enorme fachada nueva e intentar abrir las Puertas de Durin, sin embargo, estas permanecían cerradas, independientemente de lo que hicieran los enanos.<lf><lf>No había forma de entrar en Moria... hasta la explosión sorpresa.",
ST_LoreEntry_Appendices::4-3_21stHall_FellowshipMarker_Heading,La lucha contra el trol de la cueva,
ST_LoreEntry_Appendices::2-1_Aftermath_6_GimliContract_Heading,"El contrato, sección 1",
ST_LoreEntry_Appendices::2-3A_NexusMineA_4_Heading,El contrato: sección 2,
ST_LoreEntry_Appendices::3-2A_Grottos_10_GimliContract_Heading,El contrato: sección 3,
ST_LoreEntry_Appendices::5-3_MithrilForge_ArriveWP,"Antiguamente, todos los Enanos adoraban la artesanía con Mithril, un mineral de lo más valioso, que se puede golpear, como el Cobre, o pulir, como el cristal. Los Enanos lo trabajan para que sea un metal ligero pero más resistente aún que el acero templado. Aunque parece plata, no se vuelve opaco ni oscurece. ",
ST_LoreEntry_Appendices::5-1_G_Crossroads_ArriveWP_Heading,La encrucijada,
ST_LoreEntry_Appendices::2-3B_CrystalEntrance_1_Heading,El Descenso de Cristal,
ST_LoreEntry_Appendices::2-3B_CrystalEntrance_1,"El Descenso de Cristal es un extraordinario pozo de cristal natural que conduce a los Abismos Inferiores de la Montaña. <lf><lf>Hace mucho tiempo que se perdió el conocimiento de lo que hay en el fondo de este pozo o de lo que puede aguardar el viaje hacia las profundidades. Sin embargo, aún se cuentan historias sobre el brillo resplandeciente del Descenso de Cristal.",
ST_LoreEntry_Appendices::4-4_Desolation_WizardMark_Heading,La destrucción del Flagelo de Durin,
ST_LoreEntry_Appendices::6-1_G_DimrilGate_About_Heading,La Puerta del Valle del Arrollo Sombrío,
ST_LoreEntry_Appendices::5-1_Crossroads_EndlessStairs_Heading,La puerta a la Escalera Interminable ,
ST_LoreEntry_Appendices::2-1_DoorsOfDurin_2_Heading,Las Puertas de Durin,
ST_LoreEntry_Appendices::3-2B_LowerDeeps_StoryStone_3,"El bien que más se comerciaba y más valor tenía para los enanos, cuando estos comerciaban entre las montañas, a pesar de su propia reputación entre otros Pueblos Libres, no era el metal ni las gemas, sino el conocimiento y la artesanía. Con frecuencia, los peregrinos hacían entrega de su aprendizaje como diezmo a la casa de Durin.",
ST_LoreEntry_Appendices::3-4_G_EasternStairs_1_Arrive_Heading,Las Escaleras Orientales,
ST_LoreEntry_Appendices::3-4_G_EasternStairs_1_Arrive,"Las Escaleras Orientales conectan los Niveles Superiores con los Abismos Inferiores del este de Moria. Descienden por el Abismo Negro, empezando desde los Niveles Superiores, cerca del Puente de Khazad-dûm, hasta las Armerías, para acabar descendiendo aún más, hasta los mismísimos Abismos Inferiores. Antiguamente, estas escaleras eran frecuentadas por los Enanos Peregrinos y los de Belegost, quienes se asentaron durante mucho tiempo en las cavernas de las profundidades de las Montañas. ",
ST_LoreEntry_Appendices::2-2_ElvenPromenade_1_Heading,El Barrio Élfico,
ST_LoreEntry_Appendices::2-2_ElvenPromenade_2_Heading,Los elfos de Moria,
ST_LoreEntry_Appendices::5-1_Crossroads_EndlessStairs,"La Escalera Interminable es una larga y sinuosa escalera que va desde los abismos inferiores hasta la cima de Zirakzigil, donde se alzaba la torre de Durin. Se cree que la Torre pudo haber sido destruida cuando Gandalf persiguió y combatió al Flagelo de Durin. <lf><lf>Allí, la puerta de la Escalera Interminable, junto a la encrucijada, está cerrada por algún antiguo secreto enano que hace tiempo que cayó en el olvido.",
ST_LoreEntry_Appendices::4-1_Bridge_FellowshipMemory_Heading,La caída de Gandalf,
ST_LoreEntry_Appendices::2-1_DoorsOfDurin_3,"¡La Comunidad estuvo aquí!<lf><lf>He encontrado una pequeña vajilla de de platos y tenedores de viaje hechos en la Comarca. Seguro que uno de los hobbits, acompañantes del señor Gimli, se los olvidaron aquí, puede que mientras descansaban después de que el guardián os dejase atrapados en Moria.<lf><lf>Debo estar en el mismo camino por el que Gandalf y Gimli les llevaron. Un muy buen presagio. Si ellos lo lograron, ¡nosotros también podemos!",
ST_LoreEntry_Appendices::5-3_G_MithrilLodes_MineMithril_Heading,La primera extracción de Mithril,
ST_LoreEntry_Appendices::2-2_ElvenPromenade_7_Heading,La amistad entre Navi y Celebrimbor,
ST_LoreEntry_Appendices::3-4_G_BelegostForge_3_AllPieces_Heading,La gran forja de Belegost,
ST_LoreEntry_Appendices::2-2_ElvenPromenade_8,"La gran forja de Narvi tiene temperatura suficiente como para fundir lingotes de acero.<lf><lf>Se puede usar para crear un pico de acero nuevo, así como armas y armaduras fabricadas con cobre, siguiendo el estilo híbrido enano-élfico.",
ST_LoreEntry_Appendices::5-3_MithrilForge_About_Heading,La gran forja de mithril,
ST_LoreEntry_Appendices::3-2A_Grottos_3_Library_Belegost_Heading,El viaje desde Belegost,
ST_LoreEntry_Appendices::3-2B_LowerDeeps_StoryStone_2,"En su nacimiento, el Kibil-nâla no es más que un pequeño cauce, que se convierte en un gran río que desemboca en el Anduin. Se cree que da vida al Lago Espejo, y por tanto, es la fuente de inspiración de Durin.",
ST_LoreEntry_Appendices::2-1_ElvenPromenade_3_Heading,Orden del rey,
ST_LoreEntry_Appendices::3-4_G_BelegostForge_3_AllPieces,"La legendaria forja de los enanos de Belegost arde con suficiente fuerza como para fabricar la aleación de Shanôr.<lf><lf>El Shanôr se puede usar para crear herramientas más robustas, como un martillo más avanzado, así como armas y armaduras, todo ello utilizando la extraordinaria artesanía enana de Belegost.",
ST_LoreEntry_Appendices::3-1_Grottos_1_LowerDeeps_Heading,Abismos inferiores,
ST_LoreEntry_Appendices::Appendices_DLC_Beorn,"Los hombres del valle del Anduin, denominados los beórnidas en honor al gran líder de su pueblo, son conocidos por su cocina, construcción de cabañas y amistad con los animales. Aunque no terminan de fiarse del todo de los enanos, comparten con ellos su odio por los orcos. Cuando los enanos construyen estructuras de madera, afirman que recurren a la artesanía de Beorn, en honor al descanso del que Thorin pudo disfrutar en la cabaña de Beorn. Cada mes de julio, los enanos de Erebor rinden homenaje a este encuentro con el Festín de la Carroca, ataviándose como los beórnidas y disfrutando de una abundante comilona a la que ponen colofón con pasteles de miel.",
ST_LoreEntry_Appendices::2-3A_NexusMineA_3_Heading,Las Minas de Moria,
ST_LoreEntry_Appendices::5-3_MithrilForge_About,La forja de mithril era la más valiosa de todos los salones de Khazad-dûm. Aquí se pueden fabricar armas y armaduras de este mineral.,
ST_LoreEntry_Appendices::5-3_G_MithrilLodes_ArriveWP_Heading,Las minas de mithril,
ST_LoreEntry_Appendices::Appendices_AnW_Nogrod,"Los refugiados de Nogrod obsequiaron a Khazad-dûm con el extraordinario legado del maestro fabricante de armas Telchar. Su sello de identidad era una aleación damasquina de piedra lunar y solar que brillaba a la luz de ambos astros. Narsil, la espada del rey Elendil y reliquia de la familia, fue la obra más célebre de Telchar.",
ST_LoreEntry_Appendices::Appendices_DLC_OrcHunter_Name,Juramento de cazaorcos,
ST_LoreEntry_Appendices::4-3_G_EasternBastion_RedEyeOrc_1_Heading,La tribu de los ojos rojos,
ST_LoreEntry_Appendices::4-5_G_DurinsForge_1_ArriveWP_Heading,El trono de Durin,
ST_LoreEntry_Appendices::5-3_BalrogsNest_Emergence,"La sombra aquí es más oscura, y también más cálida. La dragona afirma que fue aquí donde el Balrog despertó de su amplio letargo. Fue justo aquí donde nuestros ancestros se sumieron en las profundidades. ",
ST_LoreEntry_Appendices::5-3_AngryCaverns_WizardMark_Heading,Las sombras cobran fuerza,
ST_LoreEntry_Appendices::3-4_Tomb_TombofKings,"La tumba de los reyes, que se encuentra a lo largo de la ruta de los peregrinos de los abismos inferiores, alberga las tumbas de los grandes reyes de Khazad-dûm en su interior. Los seis Durin descansan en un lugar de honor dentro de este recinto sagrado. Antes de abandonar Khazad-dûm, los enanos peregrinaban a la tumba de los reyes antes del Día de Durin para presentar sus respetos. ",
ST_LoreEntry_Appendices::3-2B_G_Drainworks_2_Watcher_Heading,El Guardián del Agua,
ST_LoreEntry_Appendices::3-4_G_Library_2_Waypoint,"El antiguo chapitel de roca de la Biblioteca de los Peregrinos está recubierto de runas que explican la artesanía que se usó para construir los numerosos salones y cavernas de Khazad-dûm, así como las herramientas y recursos necesarios para crear tales objetos como las Escaleras Orientales y las Lámparas de Durin.",
ST_LoreEntry_Appendices::4-4_G_NogrodForge_3_Complete,La forja de Nogrod tiene temperatura suficiente como para fundir lingotes de acero de Nogrod.<lf><lf>Estos lingotes se pueden usar para fabricar armas con el estilo y la fuerza de los poderosos herreros de Nogrod.,
ST_LoreEntry_Appendices::5-3_G_MithrilLodes_MineMithril,"Durin I fue el primero en extraer mithril en Khazad-dûm, aunque la fecha de su descubrimiento sigue siendo un misterio. Se rumorea que Durin se vio atraído por estas montañas debido al Mithril que había bajo las mismas. Bautizado por Durin como Plata Verdadera, el Mithril siguió siendo un secreto de Khazad-dûm hasta la Segunda Edad. ",
ST_LoreEntry_Appendices::2-2_ElvenPromenade_7,"La amistad entre el maestro artesano enano Narvi y el señor elfo Celebrimbor es una de las más famosas y respetadas entre enanos, elfos y demás razas. <lf><lf>Símbolo de la alianza entre enanos y elfos, Narvi y Celebrimbor crearon juntos numerosas obras famosas en esta forja élfica. Habían fusionado la gran metalurgia de Khazad-dûm y Eregion para crear obras como la sustancia ithildin o las Puertas de Durin, entre otras. A lo largo de las diferentes edades, pocas relaciones entre enanos y elfos han sido tan relevantes como esta.",
ST_LoreEntry_Appendices::4-5_G_DurinsForge_1_ArriveWP,"El corazón de Abismo Negro y de todo Khazad-dûm era el trono de Durin. Desde aquí, gobernaba y cuidaba de toda la casa de Durin y de cualquier otro que viajara a sus salones o viviese aquí. <lf><lf>En este lugar, también se construyó la forja de Duin, donde el propio Durin elaboraba todo lo que deseaba. Pero con el despertar del Balrog, su trono lleva mucho tiempo en ruinas, y el fuego de las forjas, frío como la ceniza. ",
ST_LoreEntry_Appendices::Appendices_DwarvenCraft_Forges,"El corazón de un hogar enano suele ser la fragua, el lugar donde se fabrican la mayor parte de sus artefactos. Intenta mejorarla siempre que puedas. ",
ST_LoreEntry_Appendices::4-5_DurinsForge_ActivateForge,"La poderosa forja de Durin era el lugar donde los reyes de Khazad-dûm fabricaban sus propias herramientas y armas. Aquí se forjó el <Lore.Bold.Gold>hacha de Durin</>, y ahora será el lugar donde se vuelva a forjar de nuevo. ",
ST_LoreEntry_Appendices::Appendices_DLC_OrcHunter,"No hay juramento más lúgubre para un enano que el que tiene lugar al convertirse en uno de los <Lore.Italic>Ukhnashûn</>, un Aterrador. Estos cazaorcos de gran renombre buscan vengarse por las innumerables atrocidades cometidas a lo largo de los años contra los suyos. Implacables en la caza de sus presas, se alimentan del miedo, desdibujando la sombra de su presa y sus corazones. Conforme van haciéndose con trofeos de entre los muertos, recitan <Lore.Italic>râma izkun mashruzu</>, es decir, «en memoria de los quemados».",
ST_LoreEntry_Appendices::2-3A_NexusMineA_3,"Las viejas Minas de Moria dieron grandes frutos durante miles de años, símbolo de gran riqueza y crecimiento para el reino enano bajo las Montañas Nubladas. Sin embargo, las vetas de hierro, plata y carbón de Dûm Khinaz quedaron relegadas a un segundo plano tras haber descubierto mithril bajo Caradharas.<lf><lf>Aunque se abandonaron por las minas con una gran abundancia de mithril, aún queda muchísimo mineral por extraer en las antiguas minas.",
ST_LoreEntry_Appendices::Appendices_Creatures_Graevling,"Los viejos enanos no se equivocaron cuando convirtieron el «tan rápido como cava un <Lore.Italic>dâ'imûn</>» en una unidad de medida: no existe excavador más veloz en todo el sur de las Montañas Nubladas. Tampoco hay un animal con una piel tan fina o una carne tan exquisita. Sin duda, estamos ante una criatura con muchos talentos.",
ST_LoreEntry_Appendices::Appendices_Creatures_GreatSpiders,"Las únicas criaturas más amenazantes que las arañas cavernarias. Las <Lore.Bold>grandes arañas</> son del tamaño de un Uruk y luchan con la misma tenacidad. No obstante, hay que reconocer su respeto por el arte del tejido. Su seda, muy resistente, es perfecta para fabricar cuerdas de buena calidad. ",
ST_LoreEntry_Appendices::Appendices_AnW_BlueMountains,"Las Montañas Azules, con sus tranquilos salones, son más humildes que otros reinos enanos. En vez de comprar carne, estos enanos deben conseguirla ellos mismos, de ahí la necesidad de contar con ropa similar a la de los montaraces y armas adecuadas para cazar.",
ST_LoreEntry_Appendices::Appendices_AnW_Belegost,"Los refugiados de Belegost, ampliamente reconocidos como los inventores de la cota de malla, obsequiaron a Khazad-dûm con su extraordinario talento para fabricar armaduras. Su arte se basa en una aleación única de Cobre, Estaño y Plata que los Enanos denominan <Lore.Italic>Shanôr</>. El redescubrimiento de esta aleación es posible gracias a la reactivación del Gran Horno. ",
ST_LoreEntry_Appendices::Appendices_FirstTime_WizardMark,"Las runas aquí talladas no están en la lengua de los enanos: son las marcas del mago Tharkûn, más conocido como Gandalf. Ha debido dejar estas señales para que las encontrase un enano durante su travesía por Moria en busca de Thrain. Pero ¿por qué?<lf><lf>En cualquier caso, es posible que las inscripciones de Gandalf contengan pistas sobre aquello que se esconde en la oscuridad de Moria.",
ST_LoreEntry_Appendices::Appendices_Creatrues_MoriaPig,"Tienen el temperamento de un <Lore.Italic>dâ'imûn</>, pero el tamaño de una pinta de cerveza Atardecer. Los cerdos <Lore.Italic>bên'imûn</> proporcionan carne y pueden domesticarse si se cuenta con las instalaciones adecuadas.",
ST_LoreEntry_Appendices::Appendices_Creatures_GiantMoth,"Su irresistible atracción por la luz suele ser también su perdición. A pesar de su aspecto espléndido y su lentitud al moverse, las polillas gigantes consumen las fuentes de luz si se las deja. La molestia más hermosa de todo Khazad-dûm.",
ST_LoreEntry_Appendices::Appendices_Creatures_NamelessBeast,"En Khazad-dûm existen criaturas más antiguas y repugnantes, si cabe, que los Orcos. Las Bestias sin Nombre son una de ellas. Poco importa si fueron osos cavernarios en su día o si siempre fueron fragmentos de la Sombra: este horror primordial no debe nombrarse. Que perezcan en el anonimato. ",
ST_LoreEntry_Appendices::5-1_Crossroads_FellowshipMemory,"Aquí hay una pipa y una bolsa de hierbas de hobbit. Seguro que la Comunidad se detuvo aquí mientras Gandalf pensaba qué pasadizo tomar para llegar a Abismo Negro, una historia de la que Gimli habló un día. ",
ST_LoreEntry_Appendices::2-3B_NexusMineB_2,<Lore.Italic>Un camino hacia las profundidades. El aire rezuma cierto hedor.</> <lf><Lore.Italic>Un mago busca a Thráin.</><lf><Lore.Italic>—Gandalf</>,
ST_LoreEntry_Appendices::4-3_Dwarrowdelf_WizardMark,Estas runas son obra del mago Tharkûn y rezan así:<lf><lf><Lore.Italic>Una presencia maligna habita este lugar. Las sombras se extienden hasta aquí. Un mago busca a Thráin.</><lf><Lore.Italic>—Gandalf</>,
ST_LoreEntry_Appendices::2-1_WesternTown_4,Estas runas son obra del mago Tharkûn y rezan así:<lf><lf><Lore.Italic>Una malvada</> <Lore.BoldItalic.Purple>sombra</> <Lore.Italic>vive aquí.</><lf><Lore.Italic>Un mago busca a Thráin.</><lf>—<Lore.Italic>Gandalf</>,
ST_LoreEntry_Appendices::2-2_ElvenPromenade_6,"Estas runas son obra del mago Tharkûn y rezan así:<lf><lf><Lore.Italic>Malditos y testarudos enanos, son incapaces de olvidar. ¡Aquí hay menos</> <Lore.BoldItalic.Purple>sombras</> <Lore.Italic>porque odian la magia élfica!</><lf><Lore.Italic>—Gandalf</>",
ST_LoreEntry_Appendices::4-4_Desolation_WizardMark,Estas runas son obra del mago Tharkûn y rezan así:<lf><lf><Lore.Italic>La destrucción del Flagelo de Durin se extiende ampliamente. No he visto signos recientes de él. Un mago busca a Thráin.</><lf><Lore.Italic>—Gandalf</>,
ST_LoreEntry_Appendices::2-3A_NexusMineA_5,Estas runas son obra del mago Tharkûn y rezan así:<lf><lf><Lore.Italic>La</> <Lore.Bold.Purple>Sombra</> <Lore.Italic>se fortalece en las minas.</> <lf><Lore.Italic>Un mago busca a Thráin.</><lf>—Gandalf</>,
ST_LoreEntry_Appendices::5-3_AngryCaverns_WizardMark,Estas runas son obra del mago Tharkûn y rezan así:<lf><lf><Lore.Italic>Las sombras de Caradhras son fuertes. Una presencia maligna aún acecha. Un mago busca a Thráin.</><lf><Lore.Italic>—Gandalf</>,
ST_LoreEntry_Appendices::3-2A_Grottos_5_WizardMark,Estas runas son obra del mago Tharkûn y rezan así:<lf><lf><Lore.Italic>Las Sombras de los Abismos Inferiores no son suficientemente fuertes contra la luz de las Lámparas de Durin. </><lf><Lore.Italic>Un mago busca a Thráin.</><lf><Lore.Italic>—Gandalf</>,
ST_LoreEntry_Appendices::3-2A_LowerDeeps_WizardMark,"Estas runas son obra del mago Tharkûn y rezan así:<lf><lf><Lore.Italic>La oscuridad de las profundidades alberga brillantes tesoros, pero algo repugnante también acecha en estas húmedas fosas. Un mago busca a Thráin.</><lf><Lore.Italic>—Gandalf</>",
ST_LoreEntry_Appendices::5-1_Crossroads_WizardMark,Estas runas son obra del mago Tharkûn y rezan así:<lf><lf><Lore.Italic>El pasadizo izquierdo desprende un gran hedor. El del centro parece que no tiene salida. El de la derecha desprende un aroma más fresco.</> <lf><Lore.Italic>Un mago dirige a su Comunidad.</><lf>—Gandalf,
ST_LoreEntry_Appendices::2-1_ElvenPromenade_1,Estas runas son obra del mago Tharkûn y rezan así:<lf><lf>«La magia de los elfos cobra fuerza aquí. Un mago busca a Thráin».<lf><lf>—Gandalf,
ST_LoreEntry_Appendices::4-3_Dwarrowdelf_DwalinBalinAltar,Esta <Lore.Italic>muznâkan</> pertenece al linaje de Balin y Dwalin. La Compañía de Balin debió construirla durante su corta presencia en Moria. <lf><lf>Las tallas de su familia deben estar cerca. Debería devolverlas a su lugar de honor.,
ST_LoreEntry_Appendices::5-3_MithrilLodes_GimolAltar,"Esta <Lore.Italic>Muznâkan</> pertenece al linaje de Gimol, una familia ancestral de la Segunda Edad, la cual se dedicaba a extraer el mithril de estas cavernas.<lf><lf><lf><lf>Las tallas de su familia deben estar cerca. Debería devolverlas a su lugar de honor.",
ST_LoreEntry_Appendices::2-1_WesternTown_6,"¡Esta <Lore.Italic>muznâkan</> pertenece al linaje de Ori! Gran parte de la historia de su familia se ha perdido en el tiempo, pero esto demuestra que se asentaron en las Puertas del Oeste en la Segunda Edad.<lf><lf>Las tallas de su familia deben estar cerca. Debería devolverlas a su lugar de honor. ",
ST_LoreEntry_Appendices::4-4_Desolation_TelcharAltar,Esta <Lore.Italic>muznâkan</> pertenece a la familia de Telchar. Los de su linaje debieron de establecerse aquí tras la caída de Nogrod. <lf><lf>Las tallas de su familia deben estar cerca. Debería devolverlas a su lugar de honor. ,
ST_LoreEntry_Appendices::3-2A_Grottos_4_Altar,Esta <Lore.Italic>muznâkan</> pertenece a un enano de Belegost llamado Garin. Debe de ser el linaje de un miembro de la realeza de tal reino. Es triste que gran parte de su historia se haya perdido.<lf><lf><lf>Las tallas de su familia deben estar cerca. Debería devolverlas a su lugar de honor. ,
ST_LoreEntry_Appendices::2-2_ElvenPromenade_3,"Esta <Lore.Italic>Muznâkan</> pertenece al gran artesano Narvi y su linaje. Seguro tenían una gran relación con los elfos de la zona, ya que su <Lore.Italic>muznâkan</> familiar se encuentra en el barrio élfico.<lf><lf>Las tallas de su familia deben estar cerca. Debería devolverlas su antigua gloria. ",
ST_LoreEntry_Appendices::2-3A_StriderCamp_1B,"Este montaraz era un tipo listo. Podemos utilizar sus notas y recrear la receta de este brebaje vigorizante. Por supuesto, con nombre y sabor enanos. Con suerte encontraremos más experimentos alquímicos suyos.",
ST_LoreEntry_Appendices::3-4_G_Library_1_Enter,"Se dice que, desde hace mucho tiempo, la biblioteca peregrina alberga las habilidades secretas de los enanos, cuya mayoría se perdió tras la huida de la casa de Durin de Moria, en la Tercera Edad. En los siglos posteriores, el conocimiento de la biblioteca se ha convertido en objeto de leyendas y mitos.",
ST_LoreEntry_Appendices::Appendices_AnW_GreyMountains,"Los enanos de las Montañas Grises utilizaban estos ropajes con un grueso aislamiento para mantenerse calientes, secos y protegidos en las rigurosas condiciones del norte.",
ST_LoreEntry_Appendices::4-3_21stHall_FellowshipMarker,Aquí es donde la compañía luchó contra el trol de la cueva. ¡La destrucción es más que evidente!<lf><lf>Me alegra poder despejar este lugar y volver a colocar las cosas de nuevo en su sitio.,
ST_LoreEntry_Appendices::3-4_Tomb_1_Altar,"Esta <Lore.Italic>muznâkan</> tan especial pertenece a Durin y a su linaje. Al estar colocada en un lugar tan importante, cerca de la tumba de los reyes, muchos hacían su peregrinaje hasta aquí como muestra de respeto a Durin el Inmortal y su familia. <lf><lf>Las tallas de su familia deben estar cerca. Debería devolverlas a su lugar de honor. ",
ST_LoreEntry_Appendices::Appendices_AnW_Elven,"Estas valiosas armaduras y armas, que poseen la fuerza de los Enanos y la elegancia de los Elfos, son fruto de la amistad de Narvi y Celebrimbor. Si se usa la combinación correcta de gemas, estas piezas emiten una tenue luz propia.",
ST_LoreEntry_Appendices::2-1_Aftermath_5_Thorin,"Thorin Yelmo de Piedra, hijo de Dáin, rey bajo la montaña. Debe su nombre al famoso Thorin Escudo de Roble, que lideró a los doce enanos, un ladrón hobbit y un mago en la reconquista de la Montaña Solitaria.<lf><lf>Tras la Guerra del Anillo, Thorin Yelmo de Piedra reconstruyó los reinos de Erebor y Dale. Ahora, se centra en expulsar a los orcos y demás criaturas de las sombras hacia el norte de las Montañas Nubladas.<lf><lf>Aunque ha apoyado a Gimli en sus misiones, esta vez el rey Thorin se niega a brindarle su ayuda para reconquistar Moria, ni por el mithril ni por ningún otro motivo.",
ST_LoreEntry_Appendices::2-2_ElvenPromenade_4,"A través de la hechicería, el mago Saruman cruzó Humanos con Orcos para crear a los Hombres Trasgo. <lf><lf>Algunos de ellos fueron reclutados como espías y muchos lucharon contra Rohan en la Batalla del Abismo de Helm. Tras la expusión de Saruman de Isengard, se rumoreó que los Hombres Trasgo intentaron continuar con su vida entre los asentamientos de los Humanos. Es un tanto extraño que estos Hombres Trasgo decidieran asentarse en Khazad-dûm, sobre todo porque pueden vivir a la luz del día, al contrario que los Orcos. ",
ST_LoreEntry_Appendices::3-1_Grottos_2_StoryStone_1,"Durante la Primera y la Segunda Edad, los enanos de toda la Tierra Media hacían un largo viaje para celebrar el Día de Durin. Este ritual en forma de travesía comienza en Lago Espejo, donde Durin vio la gran señal. Luego baja por las escaleras orientales hasta la tumba de los Reyes, a través de las abismos inferiores, hasta llegar a la biblioteca en la cabecera del río de Kibil-nâla.",
ST_LoreEntry_Appendices::3-4_Tomb_TombofKings_Heading,Tumba de los reyes,
ST_LoreEntry_Appendices::Appendices_Creatures_ArmoredWargs,"Los Huargos Domesticados acompañan a los Orcos de Gundabad, más como aliados autónomos e inteligentes que como simples monturas. No los subestimes: son enemigos temibles, sobre todo en manada. ",
ST_LoreEntry_Appendices::Appendices_Foes_TrollKing_Name,Rey Troll,
ST_LoreEntry_Appendices::5-3_G_MithrilLodes_ArriveWP,"Bajo Barazinbar, los enanos de la Primera Edad encontraron mithril, lo que hizo crecer la riqueza de Khazad-dûm. Durante la Tercera Edad, los enanos se sumieron aún más en las profundidades de la montaña para buscar mejores minas. Sin embargo, estas minas estaban cerca del lugar de descanso del Balrog de Morgoth. Fue entonces cuando despertó el Flagelo de Durin. ",
ST_LoreEntry_Appendices::5-3_AngryCaverns_ArriveWP,"Bajo la montaña de Barazinbar, los Enanos cavaron en las profundidades y encontraron Mithril. Aunque provee Plata Verdadera, los Enanos llaman a este pico Caradhras el Cruel, ya que todavía no les ha perdonado. Una presencia maligna aún acecha y la propia montaña parece querer matarte.",
ST_LoreEntry_Appendices::Appendices_DLC_LordofMoria,"Hasta ahora, el título «Señor de Moria» ha sido poco propicio. Muchos enanos de la Segunda Edad creían que Celebrimbor talló a propósito el nombre equivocado en las Puertas de Durin. Llamar a su gran morada «Moria», que significa «pozo negro», en lugar de seguir una traducción más fiel al sindarin de Khazad-dûm fue un sutil insulto por parte de los elfos.<lf><lf>Balin ni siquiera se molestó en explicar por qué adoptó este título durante su infame regreso. ¿Acaso pretendía burlarse de los elfos o tal vez reservaba el título de «Rey de Khazad-dûm» para Durin?<lf><lf>Ahora, sin embargo, ha llegado la oportunidad de hacer realidad el título, como custodio de las Tres Cimas. ",
ST_LoreEntry_Appendices::Appendices_DwarvenCraft_Hammers,"Con el martillo adecuado, reparar o restaurar objetos será pan comido.",
ST_LoreEntry_Appendices::Appendices_Creatures_DemonWargs_Name,Huargos Demoníacos,
ST_LoreEntry_Appendices::Appendices_Creatures_DemonWargs,"Los Huargos Demoníacos son el origen de todos los huargos. Últimamente, su número no ha parado de crecer, un aciago presagio de que se avecinan tiempos sombríos, según las antiguas enseñanzas. No se sabe si son realmente de carne y hueso, pues parecen más cercanos a la Sombra que a la vida. ",
ST_LoreEntry_Appendices::Appendices_Creatures_ArmoredWargs_Name,Huargos,
ST_LoreEntry_Appendices::Appendices_DwarvenCraft_FabricStation,Teje fibras y retales para crear telas. ,
ST_LoreEntry_Appendices::2-1_DoorsOfDurin_4_Heading,Puertas del Oeste,
ST_LoreEntry_Appendices::2-1_DoorsOfDurin_4,"Las Puertas del Oeste antaño eran un bullicioso asentamiento situado en las laderas interiores occidentales de Khazad-dûm, cerca de las antiguas Minas de Moria. Comenzó como un pequeño puesto de guardia de las Puertas de Durin, pero una vez que floreció el comercio con el reino élfico de Eregion en la Segunda Edad, aumentó el tamaño y la relevancia de las Puertas del Oeste.<lf><lf>Tras la caída de Eregion, las Puertas del Oeste siguieron siendo una ciudad importante bajo las Montañas Nubladas, a la que solo Abismo Negro podía plantar cara. ",
ST_LoreEntry_Appendices::4-3_G_EasternBastion_RedEyeOrc_1,"Lo que quedaba del gran ejército de Sauron en Mordor huyó a Khazad-dûm tras el fin de la Cuarta Edad. Debido a su sed de poder militar, estos <Lore.Bold>orcos de ojos rojos</> encontraron un nuevo líder en la ciudad de Abismo Negro, a su rey. Buscan la sangre de los orcos de Gundabad por ofensas desconocidas.",
ST_LoreEntry_Appendices::3-4_G_BelegostForge_2_FirstPiece,"Cuando los refugiados de Belegost llegaron a Khazad-dûm, trajeron consigo un gran conocimiento y destrezas, compartiéndolos con la casa de Durin. Se rumorea que su linaje enriqueció enormemente Khazad-dûm. La herrería de los enanos de Belegost sigue siendo legendaria, aunque gran parte de sus conocimientos se han perdido con el paso del tiempo. Aun así, hay muchos secretos suyos que recuperar en sus salas de los abismos inferiores.",
ST_LoreEntry_Appendices::Appendices_Foes_ShadowOrcs,"Nadie sabe con certeza cuándo llegaron a Khazad-dûm, pero hubo un tiempo en el que los <Lore.Bold>orcos de la sombra</> respondían al Flagelo de Durin. Ahora acechan entre las sombras, dejando tras de sí un halo de corrupción. No tienen un líder definido, pero marchan religiosamente por una misteriosa «ella». ",
ST_LoreEntry_Appendices::Appendices_Creatures_WildMountainGoats,"El amor de las cabras montesas salvajes por las cebollas solares roza la obsesión, al igual que su afición por escalar escarpados acantilados. Son animales muy comunes que, una vez domesticados, se convierten en unos amigos tan fuertes como hediondos. ",
ST_LoreEntry_Appendices::2-1_BlockedHighway_2,"En casi los 65 kilómetros que tiene el reino de Khazad-dum, se encuentra el camino de Durin, también conocido como el Gran Camino de Zirakzigil. Esta ruta conectaba las Puertas de Durin con la ciudad de las Puertas del Oeste, en las laderas occidentales, con la Puerta de Dimrill y la magnífica ciudad de Abismo Negro, en las laderas orientales.<lf><lf>Otrora una importante ruta bajo las montañas, este es el camino que tomó la Comunidad del Anillo con el señor Gimli.",
ST_LoreEntry_Appendices::Appendices_FirstTime_WizardMark_Heading,Runas de mago,
ST_LoreEntry_Appendices::Appendices_Creatures_WildCaveWolves_Name,Lobos,
ST_LoreEntry_Appendices::Appendices_DLC_Yule2024_Name,Yuletide,
ST_LoreEntry_Appendices::Appendices_DLC_Yule2024,"Los enanos no comenzaron a celebrar el Yuletide hasta que empezaron a convivir con los hobbits y los hombres. Antes, el solsticio de invierno solía pasar sin pena ni gloria, ya que se solapaba con los festejos del Día de Durin, los cuales se prolongaban durante semanas. Sin embargo, los enanos de la Cuarta Edad, que nunca dicen que no a un buen jolgorio, han adoptado de buena gana la comida, la cerveza y las decoraciones de Yuletide de otros pueblos.",
ST_LoreEntry_Appendices::Appendices_Friends_Oin,"Óin, hijo de Groin, de la casa de Durin, fue uno de los doce enanos que acompañaron a Thorin y miembro de la colonia de Balin. Era célebre por su talento para trabajar el metal y por sus conocimientos sobre hierbas y curación.<lf><lf>Óin trató de escapar por la Puerta de Hollin cuando los orcos tomaron el puente de Khazad-dûm, pero cayó a las profundidades del lago y nunca más se le volvió a ver. Se cree que murió a manos del Guardián del Agua.<lf><lf>Balin, Ori y Óin encendieron una llama de ambición en Gimli, el Portador del Rizo, que lo inspiró para recuperar Moria.<lf>",
ST_LoreEntry_Items::Consumables.ElvenSecretIngredient,"Una bendición de misteriosa naturaleza élfica. Es necesaria para preparar varias recetas de cerveza, comidas y raciones. Se encuentra en el barrio élfico y solo se puede conseguir una vez al día.",
ST_LoreEntry_Items::Consumables.TeaFlower,Una flor que se hierve para preparar una infusión rica y energizante. Se encuentra en el barrio élfico.,
ST_LoreEntry_Items::Item.SemiPreciousGem.Quartz,Un trozo de cristal transparente. Se utiliza para teñir armaduras y puede encontrarse en vetas de mineral de oro.,
ST_LoreEntry_Items::Consumables.Meat,Un trozo de carne que ofrece infinitas opciones de preparación. ,
ST_LoreEntry_Items::Consumables.PoisonMushroom,"Un hongo peligroso si no se anda con cuidado. Se encuentra en el Abismo Inferior y se utiliza en múltiples preparaciones, desde antídotos a venenos.",
ST_LoreEntry_Items::Ores.StarMetalOre,Un trozo oscuro y escintilante de una estrella caída del cielo. Se encuentra en las Cavernas Furiosas.,
ST_LoreEntry_Items::Items.Bone,Un material procedente de los muertos que todavía resulta de gran utilidad para los vivos. Lo llevan los orcos de las Profundidades y de la Sombra y es uno de los ingredientes del Remedio Orco.,
ST_LoreEntry_Items::Item.SemiPreciousGem.LapisLazuli,Una gema de un profundo color azul que se utiliza para teñir armaduras. Se encuentra en vetas de mineral de cobre. ,
ST_LoreEntry_Items::Consumables.Fennel,Una deliciosa planta aromática que combina estupendamente con muchos platos. Puede cultivarse a partir de las semillas que se encuentran cerca de granjas y huertos abandonados.,
ST_LoreEntry_Items::Item.PreciousGem.Ruby,Una piedra preciosa de color rojo encendido que se encuentra en el Abismo Oscuro. Se usa en ciertas runas y para fabricar objetos.,
ST_LoreEntry_Items::Items.FineLeather,Un trozo de cuero de la mejor calidad que se utiliza para fabricar armaduras mejoradas. ,
ST_LoreEntry_Items::Item.ShadowCraftingConsumable,Un fragmento de un antiguo artefacto enano utilizado para fabricar objetos antisombra. Se dice que son restos de la batalla de Mahal contra la sombra de Morgoth. Solo se encuentra en el centro de los conductos de sombra activos.,
ST_LoreEntry_Items::Item.SemiPreciousGem.Amber,Una gema de resina anaranjada que se utiliza para teñir armaduras. Se encuentra en vetas de carbón. ,
ST_LoreEntry_Items::Item.SemiPreciousGem.Garnet,Una gema roja como la sangre que se utiliza para teñir armaduras. Se encuentra en vetas de mineral de estaño. ,
ST_LoreEntry_Items::Items.Scales,Un puñado de escamas de dragoncillos y bestias aladas. Se usan para elaborar bebidas. ,
ST_LoreEntry_Items::Consumable.HarshFlower,Un mala hierba cuya flor constituye la base del remedio orco. Se encuentra en las grandes ciudades de los orcos.,
ST_LoreEntry_Items::Consumable.HealingFlower,Una flor medicinal también conocida como flor del rey. Crece muy bien a la luz del Abismo Negro y es fundamental para la producción de Miruvor.,
ST_LoreEntry_Items::Consumables.Parsnips,"Una raíz de sabor fuerte y picante, ideal para preparar purés o como acompañamiento para el té. Se encuentra en las cavernas, en zonas con luz y agua.",
ST_LoreEntry_Items::Consumables.Sunion,Un bulbo grande de sabor dulce y picante que crece en las zonas iluminadas de las Puertas del Oeste. Es el ingrediente secreto de la gastronomía khazâd.,
ST_LoreEntry_Items::Consumables.IceCabbage,Una verdura de hoja que aporta un agradable toque crujiente a los platos. Crece muy bien en el barrio élfico. ,
ST_LoreEntry_Items::Consumables.Chives,Un acompañamiento suave que aporta un aroma agradable a las comidas. Puede cultivarse a partir de las semillas que se encuentran cerca de granjas y huertos abandonados.,
ST_LoreEntry_Items::Consumables.RareMushroom,"Una seta extremadamente difícil de encontrar. Aunque su sabor no es nada del otro mundo, mejora la salud durante un breve período. Búscala en los abismos inferiores o lugares oscuros. ",
ST_LoreEntry_Items::Consumables.DwarfOat,"Este cereal, antaño cultivado con esmero, crece ahora salvaje en zonas cavernosas bien iluminadas. Es tan resistente que se cosecha solo. ",
ST_LoreEntry_Items::Items.GundabadScrap,"Un metal otrora excelente del Monte Gundabad. Solo se puede obtener de los Orcos de Gundabad. Está demasiado corrompido como para usarse de inmediato, pero podría recuperar su lustre mediante una purificación.",
ST_LoreEntry_Items::Consumables.WhiteBeans,Un tipo de judía de color claro. Resulta ideal para el desayuno. Se puede cultivar a partir de las semillas que se encuentran cerca de granjas y huertos abandonados.,
ST_LoreEntry_Items::Item.SemiPreciousGem.Jade,"Una piedra preciosa de color verde pálido, ideal para producir pigmentos. Se utiliza para teñir armaduras y puede encontrarse en el Abismo Inferior, incrustada en vetas de mineral de hierro.",
ST_LoreEntry_Items::Item.SemiPreciousGem.Citrine,Un cristal de color amarillo pálido que produce un intenso pigmento dorado. Se utiliza para teñir armaduras y puede encontrarse en vetas de mineral de hierro. ,
ST_LoreEntry_Items::Ores.SilverOre,Colorante perlado y elemento purificador para lingotes corrompidos. Se encuentra en abundancia en el Abismo. Necesitarás un pico de nivel 3 para extraerlo. ,
ST_LoreEntry_Items::Consumables.MountainPotato,"Una patata de proporciones descomunales. Alcanza el tamaño de un burro y se encuentra en el Abismo Inferior, en zonas con agua y luz.",
ST_LoreEntry_Items::Item.PreciousGem.Sapphire,Una piedra preciosa de color azul que se encuentra en el Abismo Oscuro. Se usa en ciertas runas y para fabricar objetos.,
ST_LoreEntry_Items::Item.PreciousGem.Topaz,Una piedra preciosa de color dorado que se encuentra en el Abismo Oscuro. Se usa en ciertas runas y para fabricar objetos.,
ST_LoreEntry_Items::Items.PreciousGem.Emerald,Una piedra preciosa de color verde que se encuentra en el Abismo Oscuro. Se usa en ciertas runas y para fabricar objetos.,
ST_LoreEntry_Items::Item.PreciousGem.PinkOpal,Una piedra preciosa de un intenso color rosado que se encuentra en el Abismo Oscuro. Se usa en ciertas runas y para fabricar objetos.,
ST_LoreEntry_Items::Item.PreciousGem.Anorin,Una piedra preciosa de color naranja que se encuentra en el Abismo Oscuro. Se usa en ciertas runas y para fabricar objetos.,
ST_LoreEntry_Items::Item.PreciousGem.Amethyst,Una piedra preciosa de color morado que se encuentra en el Abismo Oscuro. Se usa en ciertas runas y para fabricar objetos.,
ST_LoreEntry_Items::Ores.Salt,Elemento purificador para la escoria corrompida e ingrediente en la cocina. Se encuentra en el Abismo. Necesitarás un pico de nivel 3 para extraerla. ,
ST_LoreEntry_Items::Items.ClothScraps,Un trozo de tela de origen desconocido. Puede volver a tejerse o reutilizarse para otros fines. Se encuentra en casas y contenedores de almacenamiento.,
ST_LoreEntry_Items::Ore.ConsumableCrafting,Un extraño mineral cristalino que se utiliza para fabricar <Lore.Italic>âbakh</>. Su nombre es una inusual mezcla de khuzdul e idioma común que parece significar «roca que te transforma». Se encuentra en las minas y en los abismos.,
ST_LoreEntry_Items::Ores.GoldOre,Un mineral raro y brillante que se conserva como tesoro o se emplea para fabricar armaduras. O encuentras un montón o no encuentras nada: no hay término medio. Necesitarás un pico de nivel 4 para extraerlo. ,
ST_LoreEntry_Items::Items.Entwood,"Una raíz en flor nada común que crece en un manantial eterno. Es demasiado robusta como para apilarla o tallarla, pero se puede usar para la artesanía ent. Sus flores sirven como ingrediente para brebajes. ",
ST_LoreEntry_Items::Ores.CopperOre,Un mineral reactivo que se utiliza para construir tanto ornamentos como edificios fuertes. Se encuentra en abundancia en las Minas de Moria. Su durabilidad y flexibilidad no tienen rival.,
ST_LoreEntry_Items::Ores.Coal,Una roca negra y áspera que emana una gran cantidad de energía cuando se quema. La mejor defensa contra el frío del invierno y útil en los trabajos de metalurgia. Se encuentra en abundancia en todos los rincones de Moria.,
ST_LoreEntry_Items::Consumables.Thyme,Una sabrosa hierba que se usa para sazonar la carne. Puede cultivarse a partir de las semillas que se encuentran cerca de granjas y huertos abandonados.,
ST_LoreEntry_Items::Item.SemiPreciousGem.Onyx,Una gema semipreciosa negra que se utiliza para teñir armaduras. Se encuentra en vetas de mineral de plata. ,
ST_LoreEntry_Items::Items.SpiderSilk,"Una sustancia parecida a la seda que se obtiene de las arañas y sus nidos. Si consigues olvidar que sale de las arañas, es una fibra natural de calidad.",
ST_LoreEntry_Items::Items.GoldCoins,Una pequeña cantidad de monedas de oro. Se encuentran en las viviendas de las ciudades y en cofres orcos. Añádelas a tu pila de tesoros para darle una ventaja a una fortaleza enana.,
ST_LoreEntry_Items::Items.Fur,"Una capa suave y caliente de pelo fino, como una barba para el resto del cuerpo. Procede de criaturas peludas.",
ST_LoreEntry_Items::Consumables.Mushroom,Un ingrediente básico de muchas raciones y comidas. Las cultiva muy bien cierto granjero de la Comarca.,
ST_LoreEntry_Items::Items.Ironwood,Una antigua madera reforzada importada hace ya mucho tiempo. Puede obtenerse en el Abismo Negro.,
ST_LoreEntry_Items::Items.Granite,Un material de construcción de piedra resistente que solo se encuentra en las profundidades de las montañas. Abunda en el Abismo Inferior. No se dejará extraer a no ser que uses un pico de nivel 3 o superior. ,
ST_LoreEntry_Items::Consumables.Cranberries,Una baya ácida que se presenta en boca como una dulce caricia para luego inundar el paladar con toda una explosión de sabor. Suele encontrarse en aguas poco profundas.,
ST_LoreEntry_Items::Consumables.Eggs,Un ingrediente delicioso para repostería o como desayuno. Se encuentra en los nidos situados en las zonas altas de las cavernas.,
ST_LoreEntry_Items::Items.RopeVines,"Una vigorosa planta trepadora, ideal para elaborar fibra natural. Crece por todos los rincones de Moria.",
ST_LoreEntry_Items::Item.SemiPreciousGem.RedBeryl,"Una gema de color vino. Se encuentra al este de Moria, incrustada en vetas de mineral de hierro y cerca de otras piedras preciosas. Se usa para teñir armaduras.",
ST_LoreEntry_Items::ST_LoreEntry_Items.Items.Adamant.Name,Adamanto,
ST_LoreEntry_Items::Items.DrakeBones,"Tras derrotar a un dragón, los cazaorcos llevan a cabo un ritual para sacarle los huesos. Al final, son capaces de reconstruir todo el esqueleto de un dragón como trofeo de sus cazas. Puedes conseguirlo matando a un dragón con cualquier arma a la que hayas equipado la runa de los <Lore.Italic>Ukhnashûn</>.",
ST_LoreEntry_Items::Ores.MoonStone,"Este mineral cristalino, también conocido como <Lore.Italic>uzug-zarôk</> o piedra lunar, brilla como la luna cuando expuesto a cualquier tipo de luz. Las vetas de cuarzo verdadero, esculpidas con esmero por los enanos a lo largo de milenios, conducen la luz desde la superficie a los espacios subterráneos. Puede ser encontrado en el Descenso de Cristal y zonas más profundas.",
ST_LoreEntry_Items::ST_LoreEntry_Items.Ores.Amber.Name,Ámbar,
ST_LoreEntry_Items::ST_LoreEntry_Items.Item.PreciousGem.Amethyst.Name,Amatistas,
ST_LoreEntry_Items::Ores.IronOre,"Un mineral muy abundante que se utiliza en la fabricación de acero. Es resistente por sí solo, pero lo es todavía más cuando se alea para crear una de las muchas variedades de acero que existen. Se encuentra por todos los rincones de Moria.",
ST_LoreEntry_Items::Item.PreciousGem.BlackDiamond,"Una piedra preciosa negra de dureza excepcional. Suelen acumularla los Orcos en campamentos y ciudades. Se usa para grabar Runas de Poder en mecanismos, estructuras y herramientas.",
ST_LoreEntry_Items::Item.SemiPreciousGem.Iolite,Una gema añil que produce un delicado pigmento de color morado. Se utiliza para teñir armaduras y puede encontrarse en vetas de mineral de metal estelar. ,
ST_LoreEntry_Items::Ores.TinOre,"Un modesto mineral con múltiples aplicaciones que abunda en las Minas de Moria. Sin él, los enanos lo tendrían difícil para fabricar muchos metales.",
ST_LoreEntry_Items::Items.Droppings,"Un combustible inesperado y señal de la presencia de murciélagos en la zona. Resulta útil en las granjas, a pesar de su pequeño tamaño.",
ST_LoreEntry_Items::Ores.Resin,"Un combustible inesperado procedente de las vetas de mineral y de árboles que suelen encontrarse en los abismos inferiores. Es más eficiente que el carbón y, en ocasiones, se usa para fabricar objetos. Necesitarás un pico de nivel 3 para extraerla. ",
ST_LoreEntry_Items::Consumables.Spices,Una especia antigua con sabor ahumado y un toque a nuez. Se encuentra en las casas del Abismo Negro. ,
ST_LoreEntry_Items::ST_LoreEntry_Items.Consumables.Spices.Name,Especias de Annúminas,
ST_LoreEntry_Items::ST_LoreEntry_Items.Item.PreciousGem.Anorin.Name,Anorina,
ST_LoreEntry_Items::Ore.ConsumableCrafting.Name,Arricita,
ST_LoreEntry_Items::ST_LoreEntry_Items.Consumables.TeaFlower.Name,Flores de Aulë,
ST_LoreEntry_Items::ST_LoreEntry_Items.Items.Droppings.Name,Excrementos de murciélago,
ST_LoreEntry_Items::ST_LoreEntry_Items.Consumable.HarshFlower.Name,Flordentada,
ST_LoreEntry_Items::ST_LoreEntry_Items.Item.PreciousGem.BlackDiamond.Name,Diamantes negros,
ST_LoreEntry_Items::ST_LoreEntry_Items.Item.OilyPeatMoss.Name,Setas ígneas,
ST_LoreEntry_Items::ST_LoreEntry_Items.Items.Bone.Name,Huesos,
ST_LoreEntry_Items::ST_LoreEntry_Items.Consumables.IceCabbage.Name,Repollos,
ST_LoreEntry_Items::Items.Feathers,Desechos de las aves de las cavernas que resultan útiles para fabricar flechas. Se encuentran cerca de los nidos situados en las zonas altas de las cavernas.,
ST_LoreEntry_Items::ST_LoreEntry_Items.Consumables.CaveHoney.Name,Miel cavernaria,
ST_LoreEntry_Items::ST_LoreEntry_Items.Consumables.RareMushroom.Name,Parasoles,
ST_LoreEntry_Items::ST_LoreEntry_Items.Items.Chitin.Name,Quitina,
ST_LoreEntry_Items::ST_LoreEntry_Items.Consumables.Chives.Name,Cebollino,
ST_LoreEntry_Items::ST_LoreEntry_Items.Item.SemiPreciousGem.Citrine.Name,Citrino,
ST_LoreEntry_Items::ST_LoreEntry_Items.Items.ClothScraps.Name,Retazos de tela,
ST_LoreEntry_Items::ST_LoreEntry_Items.Ores.Coal.Name,Carbón,
ST_LoreEntry_Items::ST_LoreEntry_Items.Ores.CopperOre.Name,Mineral de cobre,
ST_LoreEntry_Items::ST_LoreEntry_Items.Consumables.Cranberries.Name,Arándanos rojos,
ST_LoreEntry_Items::Items.FellBeastHead,"Una vez derrotada, cortarle la cabeza a la bestia alada es pan comido. Para poder colgarla en la pared, deberás esperar hasta que el hedor de su aliento se desvanezca. Puedes conseguirla matando a una bestia alada con cualquier arma a la que hayas equipado la runa de los <Lore.Italic>Ukhnashûn</>.",
ST_LoreEntry_Items::ST_LoreEntry_Items.Consumables.DeepMushroom.Name,Setas del Abismo,
ST_LoreEntry_Items::ST_LoreEntry_Items.Item.PreciousGem.Diamond.Name,Diamantes,
ST_LoreEntry_Items::Items.DrakeBones.Name,Huesos de dragón,
ST_LoreEntry_Items::ST_LoreEntry_Items.Consumables.Eggs.Name,Huevos,
ST_LoreEntry_Items::ST_LoreEntry_Items.Consumables.ElvenSecretIngredient.Name,Bendición de Elbereth,
ST_LoreEntry_Items::ST_LoreEntry_Items.Items.ElvenWood.Name,Madera élfica,
ST_LoreEntry_Items::ST_LoreEntry_Items.Items.PreciousGem.Emerald.Name,Esmeraldas,
ST_LoreEntry_Items::Items.Entwood.name,Madera ent,
ST_LoreEntry_Items::Item.PreciousGem.Diamond,"Una piedra preciosa de excepcional dureza, transparente y brillante que se encuentra en el Abismo Oscuro. Se usa en ciertas runas y para fabricar objetos.",
ST_LoreEntry_Items::ST_LoreEntry_Items.Items.Feathers.Name,Plumas,
ST_LoreEntry_Items::Items.FellBeastHead.Name,Cabeza de bestia alada,
ST_LoreEntry_Items::ST_LoreEntry_Items.Consumables.Fennel.Name,Hinojo,
ST_LoreEntry_Items::ST_LoreEntry_Items.Items.FineLeather.Name,Cuero fino,
ST_LoreEntry_Items::Consumables.Grabapple,Fruta que crece en las zonas con luz del barrio élfico. Tiene un agradable sabor amargo tanto cruda como cocinada o deshidratada.,
ST_LoreEntry_Items::ST_LoreEntry_Items.Items.Fur.Name,Pelaje,
ST_LoreEntry_Items::Items.WargPelt,Pelaje y piel de los peligrosos acompañantes de los orcos. Se puede colgar de la pared como trofeo o usarse como alfombra. Puedes conseguir pieles matando a un huargo con cualquier arma a la que hayas equipado la runa de los <Lore.Italic>Ukhnashûn</>.,
ST_LoreEntry_Items::ST_LoreEntry_Items.Item.SemiPreciousGem.Garnet.Name,Granate,
ST_LoreEntry_Items::ST_LoreEntry_Items.Consumables.GlowingMushroom.Name,Seta resplandeciente,
ST_LoreEntry_Items::ST_LoreEntry_Items.Items.Coin.Name,Monedas de oro,
ST_LoreEntry_Items::ST_LoreEntry_Items.Ores.GoldOre.Name,Mineral de oro,
ST_LoreEntry_Items::ST_LoreEntry_Items.Consumables.Grabapple.Name,Manzanas salvajes,
ST_LoreEntry_Items::ST_LoreEntry_Items.Items.GundabadScrap.Name,Escoria de Gundabad,
ST_LoreEntry_Items::ST_LoreEntry_Items.Items.Hide.Name,Piel,
ST_LoreEntry_Items::ST_LoreEntry_Items.Items.HideScraps.Name,Restos de piel,
ST_LoreEntry_Items::ST_LoreEntry_Items.Items.Granite.Name,Granito de Ihraz,
ST_LoreEntry_Items::ST_LoreEntry_Items.Item.SemiPreciousGem.Iolite.Name,Iolita,
ST_LoreEntry_Items::ST_LoreEntry_Items.Ores.IronOre.Name,Mineral de hierro,
ST_LoreEntry_Items::ST_LoreEntry_Items.Items.Ironwood.Name,Palo fierro,
ST_LoreEntry_Items::Items.Stone,Entierra reyes y erige ciudades. Este material de construcción básico se obtiene en abundancia al romper cualquier cosa hecha de piedra.,
ST_LoreEntry_Items::ST_LoreEntry_Items.Consumables.DwarfOat.Name,Avena khuzdul,
ST_LoreEntry_Items::Ores.SunStone,"Este mineral, conocido como <Lore.Italic>uzug-khalôsh</>, emite luz y calor. Se usa en lámparas, runas y otros objetos. Se encuentra en el Abismo Oscuro y en la Desolación.",
ST_LoreEntry_Items::Items.Hide,"Trozos más grandes de piel de animal tratada para su uso. De aspecto tosco y tacto rugoso, se obtiene de las bestias cazadas.",
ST_LoreEntry_Items::ST_LoreEntry_Items.Items.Leather.Name,Cuero,
ST_LoreEntry_Items::Item.ShadowCraftingConsumable.Name,Obsequio de Mahal,
ST_LoreEntry_Items::ST_LoreEntry_Items.Consumables.Meat.Name,Carne,
ST_LoreEntry_Items::ST_LoreEntry_Items.Items.ScrapMetal.Name,Fragmentos de metal,
ST_LoreEntry_Items::ST_LoreEntry_Items.Consumables.Mint.Name,Menta,
ST_LoreEntry_Items::ST_LoreEntry_Items.Ores.MithrilOre.Name,Mineral de mithril,
ST_LoreEntry_Items::Ores.MithrilOre,"Mithril, verdadera plata, el orgullo y la perdición de Khazad-dûm. Puede golpearse como el cobre y pulirse como el vidrio. Solo se encuentra en las profundidades del cruel Caradhras. Necesitarás un pico de nivel 4 para extraerlo. ",
ST_LoreEntry_Items::ST_LoreEntry_Items.Consumables.MountainPotato.Name,Patata de montaña,
ST_LoreEntry_Items::ST_LoreEntry_Items.Consumables.Mushroom.Name,Setas,
ST_LoreEntry_Items::Consumables.DeepMushroom,Una seta que solo crece en el Abismo Oscuro de Khazad-dûm.,
ST_LoreEntry_Items::ST_LoreEntry_Items.Items.NaturalFiber.Name,Fibra natural,
ST_LoreEntry_Items::Items.NewConsumables,"Estos antiguos artefactos de los enanos, considerados en su día un arte perdido en el tiempo, dan fuerza a quienes los destrozan con la mano. Para fabricarlos, combina trozos rotos con gemas y piedra.",
ST_LoreEntry_Items::Items.Coin,Moneda de gran valor antaño. Un tesoro para los coleccionistas. Se encuentra en las residencias de los enanos y en el alijo de orcos y trolls. Sería un pecado fundirlas. Mejor haz una pila con ellas.,
ST_LoreEntry_Items::ST_LoreEntry_Items.Item.SemiPreciousGem.Onyx.Name,Ónice,
ST_LoreEntry_Items::ST_LoreEntry_Items.Consumables.Parsnips.Name,Chirivías,
ST_LoreEntry_Items::Items.Chitin,Trozos del caparazón de insectos. Tienen varias aplicaciones. Son especialmente potentes en bebidas.,
ST_LoreEntry_Items::ST_LoreEntry_Items.Item.PreciousGem.PinkOpal.Name,Ópalo rosa,
ST_LoreEntry_Items::ST_LoreEntry_Items.Consumables.PoisonMushroom.Name,Seta venenosa,
ST_LoreEntry_Items::ST_LoreEntry_Items.Item.SemiPreciousGem.Quartz.Name,Cuarzo,
ST_LoreEntry_Items::Items.Wood,"Madera recuperada. Sigue siendo útil, a pesar de estar en mal estado. Puede convertirse en un material de construcción básico.",
ST_LoreEntry_Items::ST_LoreEntry_Items.Item.SemiPreciousGem.RedBeryl.Name,Berilo rojo,
ST_LoreEntry_Items::Consumables.Mint,Una hierba refrescante que se usa en la cocina. Puede cultivarse a partir de las semillas que se encuentran cerca de granjas y huertos abandonados.,
ST_LoreEntry_Items::ST_LoreEntry_Items.Ores.Resin.Name,Resina,
ST_LoreEntry_Items::ST_LoreEntry_Items.Items.RopeVines.Name,Enredaderas de cuerda,
ST_LoreEntry_Items::ST_LoreEntry_Items.Item.PreciousGem.Ruby.Name,Rubí,
ST_LoreEntry_Items::Items.OrcSkull.Name,Calavera de Rukhus,
ST_LoreEntry_Items::ST_LoreEntry_Items.Ores.Salt.Name,Sal,
ST_LoreEntry_Items::ST_LoreEntry_Items.Item.PreciousGem.Sapphire.Name,Zafiro,
ST_LoreEntry_Items::ST_LoreEntry_Items.Items.Scales.Name,Escamas,
ST_LoreEntry_Items::ST_LoreEntry_Items.Ores.SilverOre.Name,Mineral de plata,
ST_LoreEntry_Items::Items.HideScraps,Pequeñas tiras de piel recogidas apresuradamente de animales cazados o recuperadas en antiguos talleres de marroquinería.,
ST_LoreEntry_Items::ST_LoreEntry_Items.Items.SpiderSilk.Name,Seda de araña,
ST_LoreEntry_Items::ST_LoreEntry_Items.Ores.StarMetalOre.Name,Mineral de metal estelar,
ST_LoreEntry_Items::ST_LoreEntry_Items.Items.Stone.Name,Piedra,
ST_LoreEntry_Items::Items.AncientWood,Una madera robusta procedente de los colosales bosques de setas de los Abismos Inferiores cuya existencia se consideraba una leyenda.,
ST_LoreEntry_Items::ST_LoreEntry_Items.Ores.SunStone.Name,Piedra solar,
ST_LoreEntry_Items::ST_LoreEntry_Items.Consumables.Sunion.Name,Cebolla solar,
ST_LoreEntry_Items::ST_LoreEntry_Items.Items.QuietMoss.Name,Musgo encharcado,
ST_LoreEntry_Items::Item.OilyPeatMoss,Seta de los pantanos que tiende a arder y puede utilizarse como combustible. Se encuentra en zonas oscuras cercanas al agua.,
ST_LoreEntry_Items::Consumables.CaveHoney,"Dulce y pegajosa, una delicia típica de las montañas. Cuanto más peligrosa sea la caverna en la que se encuentra, más rica está. ",
ST_LoreEntry_Items::Items.ElvenWood,La madera de crecimiento rápido de los bosques élficos. El último vestigio vivo de los elfos bajo la montaña. Se encuentra en el barrio élfico y puede aprovecharse para crear ciertas estructuras.,
ST_LoreEntry_Items::Items.Adamant,"La piedra inmortal de los altos salones de Khazad-dûm. Esta piedra negra, suave y más dura que el acero solo puede extraerse con un pico de nivel 4 o superior.",
ST_LoreEntry_Items::Items.TrollHide,"La piel de un trol enorme se puede usar como trofeo, pero también como tapizado. Puedes conseguirla matando a un trol con cualquier arma a la que hayas equipado la runa de los <Lore.Italic>Ukhnashûn</>.",
ST_LoreEntry_Items::Items.Cuttings,"Estos esquejes de árboles élficos y de Ubâsam se pueden plantar en un parterre para que crezca un árbol nuevo. Al usar esmeraldas para incrustar la runa de Berêk en un arma, los enanos pueden hacer uso de la artesanía ent para recoger los esquejes de cualquier árbol.",
ST_LoreEntry_Items::Items.QuietMoss,Esta pequeña planta crece en densas matas cerca del agua en el Abismo Inferior. Puede usarse en una gran variedad de preparaciones alquímicas. ,
ST_LoreEntry_Items::Items.NaturalFiber,Material semejante a un hilo que se usa para construir escaleras de cuerdas. Puede obtenerse a partir de las enredaderas de cuerda o de la seda de araña.,
ST_LoreEntry_Items::ST_LoreEntry_Items.Consumables.Thyme.Name,Tomillo,
ST_LoreEntry_Items::ST_LoreEntry_Items.Ores.TinOre.Name,Mineral de estaño,
ST_LoreEntry_Items::Items.OrcSkull,"Para sembrar el miedo entre sus enemigos, los cazaorcos adoptaron la costumbre de <Lore.Italic>Rukhus</> de exhibir las calaveras de sus enemigos. Puedes conseguirla matando a un orco, un trasgo o un Uruk con cualquier arma a la que hayas equipado la runa de los <Lore.Italic>Ukhnashûn</>.",
ST_LoreEntry_Items::ST_LoreEntry_Items.Item.PreciousGem.Topaz.Name,Topacio,
ST_LoreEntry_Items::Items.Cuttings.Name,Esquejes de árboles,
ST_LoreEntry_Items::Items.TrollHide.Name,Piel de trol,
ST_LoreEntry_Items::ST_LoreEntry_Items.Ores.MoonStone.Name,Cuarzo verdadero,
ST_LoreEntry_Items::ST_LoreEntry_Items.Items.AncientWood.Name,Madera de Ubâsam,
ST_LoreEntry_Items::Items.ScrapMetal,Restos útiles aunque insignificantes de metal antiguo. Pueden refundirse para trabajos básicos de fabricación de objetos. Se encuentran por todos los rincones de Moria.,
ST_LoreEntry_Items::Items.WargPelt.Name,Piel de huargo,
ST_LoreEntry_Items::ST_LoreEntry_Items.Consumables.WhiteBeans.Name,Judías blancas,
ST_LoreEntry_Items::ST_LoreEntry_Items.Items.Wood.Name,Restos de madera,
ST_Sleep::FlavorText28,<Sleep.BoldItalic>Ayyur-Tharkûn</><lf><Sleep.Bold>El sombrero de Gandalf...</>,
ST_Sleep::FlavorText32,"<Sleep.BoldItalic>Barkû sa'in!</><lf><Sleep.Bold>¡Mi hacha está lista!</>",
ST_Sleep::FlavorText3,<Sleep.BoldItalic>Barkû yaggin!</><lf><Sleep.Bold>¡Mi hacha está inquieta!</>,
ST_Sleep::FlavorText22,<Sleep.BoldItalic>Baruk Khazâd! Khazâd ai-mênu!</><lf><Sleep.Bold>¡Hachas de los enanos! ¡Los enanos se ciernen sobre ti!</>,
ST_Sleep::FlavorText16,"<Sleep.BoldItalic>Durin, m'aklufû itmudmayu!</><lf><Sleep.Bold>Otórgame la fuerza de Durin.</>",
ST_Sleep::FlavorText42,"<Sleep.BoldItalic>D'ênasfû.</><lf><Sleep.Bold>Esto no me da buena espina.</>",
ST_Sleep::FlavorText11,<Sleep.BoldItalic>Ihraz dâ-khalash akdashûnu</><lf><Sleep.Bold>La Montaña hoy nos sonríe.</>,
ST_Sleep::FlavorText33,<Sleep.BoldItalic>Inmur atnamadû.</><lf><Sleep.Bold>¡La luz me da esperanza!</>,
ST_Sleep::FlavorText41,<Sleep.BoldItalic>Innuzmê aknadashû!</><lf><Sleep.Bold>¡Me alegro de verte!</>,
ST_Sleep::FlavorText40,<Sleep.BoldItalic>Itmud Durinul armasû!</><lf><Sleep.Bold>¡La fuerza de Durin corre por mis venas!</>,
ST_Sleep::FlavorText19,<Sleep.BoldItalic>Khahmûr fahin.</><lf><Sleep.Bold>La forja sigue incandescente.</>,
ST_Sleep::FlavorText21,<Sleep.BoldItalic>Khazâd adnagan inmuru! Khazâd aknâraz âzanu!</><lf><Sleep.Bold>Los enanos traerán la luz y alejarán a las sombras.</>,
ST_Sleep::FlavorText20,<Sleep.BoldItalic>Khazâd dashkîn!</><lf><Sleep.Bold>¡Los enanos han vuelto!</>,
ST_Sleep::FlavorText43,<Sleep.BoldItalic>Kâ Mahal arramu.</><lf><Sleep.Bold>Que sea lo que Aulë quiera.</>,
ST_Sleep::FlavorText9,"<Sleep.BoldItalic>Lîmin barak, lîmin tagaz!</><lf><Sleep.Bold>¡Hora de las hachas y las espadas!</>",
ST_Sleep::FlavorText4,<Sleep.BoldItalic>Makhamnû êkhulmênu</><lf><Sleep.Bold>¡Por encima de mi cadáver!</>,
ST_Sleep::FlavorText38,<Sleep.BoldItalic>Manâyakib sha isban. Yakmîn!</><lf><Sleep.Bold>Se oyen tambores en las profundidades... ¡Ya vienen!</>,
ST_Sleep::FlavorText36,"<Sleep.BoldItalic>Mathâkib Khuzdul, mim-agdinû.</><lf><Sleep.Bold>Runas de poder enano, protegedme.</>",
ST_Sleep::FlavorText15,"<Sleep.BoldItalic>Midarmê sha ganâd Ahâ'inul Afsil</><lf><Sleep.Bold>Descansa bien en los salones de nuestros siete padres.</>",
ST_Sleep::FlavorText27,"<Sleep.BoldItalic>Midarmê talb' âzag.</><lf><Sleep.Bold>Descansa en paz (bajo la piedra).</>",
ST_Sleep::FlavorText31,<Sleep.BoldItalic>Mumshanmê</><lf><Sleep.Bold>¡A tu servicio!</>,
ST_Sleep::FlavorText26,"<Sleep.BoldItalic>Murrik 'ma Ûgid-ihraz</><lf><Sleep.Bold>Un cuervo de Erebor.</>",
ST_Sleep::FlavorText5,<Sleep.BoldItalic>Muthzakîl Zathrûrul yakmîn thagra dâ ikruz</><lf><Sleep.Bold>La Comunidad del Anillo pasó por aquí.</>,
ST_Sleep::FlavorText18,<Sleep.BoldItalic>Nagam ranit sha ganâd Durinul</><lf><Sleep.Bold>La sombra habita en los salones de Durin.</>,
ST_Sleep::FlavorText6,"<Sleep.BoldItalic>Nagmî, larbî, ushâguth</><lf><Sleep.Bold>Oscuro, húmedo y peligroso.</>",
ST_Sleep::FlavorText1,<Sleep.BoldItalic>Nakbûr baglûr bî!</><lf><Sleep.Bold>¡Martillos y yunques!</>,
ST_Sleep::FlavorText25,<Sleep.BoldItalic>Nakbûr baglûr bî!</><lf><Sleep.Bold>¡Martillos y yunques!</>,
ST_Sleep::FlavorText13,<Sleep.BoldItalic>Narzun-bunud</><lf><Sleep.Bold>¡Cabeza de chorlito!</>,
ST_Sleep::FlavorText34,<Sleep.BoldItalic>Raznûrû nakib lazrâ.</><lf><Sleep.Bold>Mi pico habla la verdad.</>,
ST_Sleep::FlavorText8,"<Sleep.BoldItalic>Rukhs ufrikh agdâ, rukhs akhmun.</><lf><Sleep.Bold>Solo hay un orco bueno: el que está muerto.</>",
ST_Sleep::FlavorText17,<Sleep.BoldItalic>Shuruz khahmûr dalî gân mashruz</><lf><Sleep.Bold>El fuego de la forja es solo unas cenizas.</>,
ST_Sleep::FlavorText2,<Sleep.BoldItalic>Sidil lêbâ lâyib</><lf><Sleep.Bold>Los caminos siguen avanzando.</>,
ST_Sleep::FlavorText10,<Sleep.BoldItalic>Takfa Durin khidrir</><lf><Sleep.Bold>Hasta que Durin despierte.</>,
ST_Sleep::FlavorText29,"<Sleep.BoldItalic>Tashrû dâz, Barazinbar athfadûmu.</><lf><Sleep.Bold>Espero que Caradhras nos haya perdonado. </>",
ST_Sleep::FlavorText39,<Sleep.BoldItalic>Thêfa Durin!</><lf><Sleep.Bold>¡Por Durin!</>,
ST_Sleep::FlavorText14,<Sleep.BoldItalic>Turug Durin</><lf><Sleep.Bold>¡Por la barba de Durin!</>,
ST_Sleep::FlavorText24,<Sleep.BoldItalic>Turugnî hisgin!</><lf><Sleep.Bold>¡Saludos! (La barba se estira).</>,
ST_Sleep::FlavorText12,<Sleep.BoldItalic>Z-agdun Khazad-dûmu!</><lf><Sleep.Bold>¡Defended Khazad-dûm!</>,
ST_Sleep::FlavorText30,<Sleep.BoldItalic>Zakhar Mahlul! Lashî.</><lf><Sleep.Bold>Por Aulë... Esto es precioso.</>,
ST_Sleep::FlavorText35,<Sleep.BoldItalic>Zil-anzuru rabbâ.</><lf><Sleep.Bold>Volvamos a cantar.</>,
ST_Sleep::FlavorText23,<Sleep.BoldItalic>Zim-hizkun Azanulbizaru!</><lf><Sleep.Bold>¡No te olvides de Azanulbizar!</>,
ST_Sleep::FlavorText37,<Sleep.BoldItalic>Îlug mumnathal atnasam mathlu.</><lf><Sleep.Bold>No hay mal que una buena comida no cure.</>,
ST_Sleep::FlavorText7,<Sleep.BoldItalic>Îthum hafâzur</><lf><Sleep.Bold>Hay mucho por explorar.</>,
ST_TipText::TIP_Dig_Details,"Un enano y su pico son pareja poderosa. Usa el pico para cavar una salida de Moria y encontrar nuevas zonas de Moria para explorar. Extrae minerales para fabricar armas y armadura poderosas. Para excavar con precisión, pulsa <prompt actions=""Dig_Focus""/> para apuntar.",
ST_TipText::TIP_SwingWeapon_Details,"Un enano sabe cómo usar el arma adecuada para el trabajo adecuado. Cada arma tiene sus propias fortalezas contra la variedad de peligros que se puede encontrar en las profundidades. Si pulsas <prompt actions=""Weapon_Attack""/> repetidamente, realizarás un combo único para cada arma y, si mantienes <prompt actions=""Weapon_Attack""/>, realizarás un poderoso ataque cargado que consumirá mucha resistencia.",
ST_TipText::TIP_2hSwords_Summary,"Una espada pesada a dos manos, muy poderosa cuando la empuña un enano.",
ST_TipText::TIP_1hHammers_Details,"La maza a una mano es lenta de manejar, pero puede aturdir a los enemigos. Esta arma otorga una gran ventaja contra enemigos con armadura. Mantén pulsado <prompt actions=""Weapon_Attack""/> para cargarla y lanzar un devastador gancho. También puedes acompañarla de un escudo para aumentar tu defensa.",
ST_TipText::TIP_Summary_Details,"La lanza: un arma elegante y puntiaguda. Puede ser acompañada de un escudo para aumentar la defensa. Mantén pulsado <prompt actions=""Weapon_Attack""/> para cargarla y atravesar al enemigo frente a ti.",
ST_TipText::TIP_2hSwords_Details,"Las espadas grandes a dos manos son armas veloces y con un gran alcance, capaces de infligir mucho daño en muy poco tiempo. Mantén pulsado <prompt actions=""Weapon_Attack""/> para cargarlas y barrer a grupos enteros de orcos en un instante.",
ST_TipText::TIP_Waypoint_Details,"Después de abrir el mapa con  <prompt actions=""Map_Menu""/>, pulsa  <prompt actions=""Map_Waypoint""/> para fijar puntos de ruta personalizados.<lf>Muestra u oculta la lista de puntos de ruta con <prompt actions=""Map_Waypoint_List""/>.",
ST_TipText::TIP_SwingWeapon_Heading,Atacar,
ST_TipText::TIP_1hAxes_Detail,"Las hachas básicas son más lentas que las espadas, pero golpean con más fuerza. Mantén pulsado <prompt actions=""Weapon_Attack""/> para cargarlas y ejecutar un ataque giratorio que alcanza a varios enemigos a la vez. Como se manejan con una sola mano, puedes acompañarlas de un escudo para aumentar tu defensa.",
ST_TipText::TIP_2hAxes_Heading,Hachas de guerra,
ST_TipText::TIP_2hAxes_Summary,"Hachas de guerra, el arma clásica de los enanos. Son muy poderosas en combate.",
ST_TipText::TIP_Bedroll_Heading,Petates,
ST_TipText::TIP_Bows_Heading,Arcos,
ST_TipText::TIP_Bows_Summary,Los arcos no son solo cosa de elfos. Un enano hábil con un arco puede causar daño rápidamente desde lejos.,
ST_TipText::TIP_Pier_Summary,Construir muelles para atravesar masas de agua.,
ST_TipText::Tip_RopeLadders_Details,"Construye escaleras de cuerdas para poder subir y bajar en las profundidades de Moria. Pulsa <prompt actions=""Rope_Quick""/> para empezar a construir una.",
ST_TipText::TIP_Pier_Details,"Los embarcaderos, fabricados con madera de Ubâsam se encuentran en el menú Construir y te permiten atravesar masas de agua fácilmente.",
ST_TipText::TIP_Bedroll_Detail,"Al adjudicarte un petate, podrás dormir en él cuando todos los enanos de tu grupo estén presentes y listos para irse a dormir.<lf>¡No olvides adjudicarte uno cuando crees un campamento nuevo! Si mueres, revivirás siempre en el último petate que te hayas adjudicado.",
ST_TipText::TIP_Shadows_Summary,El contacto con la sombra provoca una maldición.,
ST_TipText::TIP_RoastingPit_Summary,Prepara comidas mejores en el asador,
ST_TipText::TIP_Crossbows_Heading,Ballestas,
ST_TipText::TIP_Crossbows_Summary,"Las ballestas permiten efectuar ataques potentes y penetrantes a gran distancia, pero se tarda bastante en recargarlas.",
ST_TipText::TIP_Dig_Heading,Excavar,
ST_TipText::TIP_DurinRepair_Heading,Monumentos de Durin,
ST_TipText::TIP_Crossbows_Details,"El culmen de la ingeniería enana. Los virotes de ballesta pueden atravesar a varios enemigos a la vez y son más precisos que las flechas para arco. Mantén pulsado <prompt actions=""Ranged_Aim""/> para apuntar y pulsa <prompt actions=""Ranged_Fire""/> para tirar. Piensa bien cuándo disparar: ¡recargar una ballesta lleva su tiempo!",
ST_TipText::TIP_DarkestDeeps_Summary,Explora el Abismo Oscuro en busca de las gemas y recursos más raros. Pero ten cuidado con lo que acecha entre las tinieblas…,
ST_TipText::TIP_FastTravel_Heading,Viaje rápido,
ST_TipText::TIP_FastTravel2_Heading,Viaje rápido - parte 2,
ST_TipText::TIP_Light_Summary,Encuentra una fuente de luz potente o caerás en la desesperación.,
ST_TipText::TIP_AxeSearch_Heading,Encuentra el hacha de Durin,
ST_TipText::TIP_Bedroll_Summary,"¡Para dormir! Además, una vez esté adjudicado, un enano caído reaparecerá en su petate.",
ST_TipText::TIP_Goals_Heading,Objetivos,
ST_TipText::TIP_2hSwords_Heading,Espadas a dos manos,
ST_TipText::TIP_Halberds_Heading,Alabardas,
ST_TipText::TIP_Jump_Details,"Salta para navegar por pequeñas simas, o para subirte a plataformas. Los enanos se encaramarán automáticamente a objetos que estén más o menos a la altura de su cabeza.",
ST_TipText::TIP_Jump_Heading,Saltar,
ST_TipText::TIP_Light_Heading,Fotómetro,
ST_TipText::TIP_Light_Detail,"La luz es un recurso muy escaso en las profundidades de Moria. Si permaneces demasiado tiempo en la oscuridad, podrías caer en la desesperación y sufrir daño.",
ST_TipText::TIP_BetterMeals_Heading,Prepara comidas mejores,
ST_TipText::TIP_FastTravel_Details,"Las piedras cartográficas te permiten navegar el complicado laberinto construido por tus antepasados. Si conoces la ubicación de al menos dos piedras cartográficas, podrás viajar rápidamente entre ellas usando el mapa.",
ST_TipText::TIP_2hHammers_Heading,Piquetas,
ST_TipText::TIP_2hHammers_Details,"De entre todas las armas, las piquetas son las que más probabilidades tienen de aturdir al enemigo. Si las cargas manteniendo <prompt actions=""Weapon_Attack""/> pulsado, asestarás un poderoso golpe desde arriba que dejará fuera de combate hasta al más duro de los oponentes. Son ideales contra enemigos con armadura.",
ST_TipText::TIP_1hHammers_Heading,Mazas,
ST_TipText::TIP_1hHammers_Summary,"Las mazas pueden hacer mucho daño, sobre todo a las armaduras.",
ST_TipText::TIP_Goals_Summary,"¿Necesitas ayuda? Pulsa <prompt actions=""Goals""/> para ir al Compendio de objetivos.",
ST_TipText::TIP_FastTravel2_Details,"Ahora que conoces la ubicación de al menos dos piedras cartográficas, puedes viajar rápidamente entre ellas. Sigue buscándolas por Moria para encontrar más y aprender a construirlas por tu cuenta.",
ST_TipText::TIP_2hHammers_Summary,"Las piquetas, usadas en su día como herramientas, pueden destrozar la armadura de cualquier enemigo.",
ST_TipText::TIP_1hSwords_Summary,"Las espadas a una mano son rápidas y ágiles, por lo que resultan ideales para enfrentarse a varios enemigos.",
ST_TipText::TIP_Pier_Heading,Embarcaderos,
ST_TipText::TIP_Jump_Summary,"Pulsa <prompt actions=""Jump""/> para saltar",
ST_TipText::TIP_Waypoint_Summary,"Pulsa <prompt actions=""Map_Menu""/> para abrir el mapa y fijar tus propios puntos de ruta",
ST_TipText::TIP_SwingWeapon_Summary,"Pulsa  <prompt actions=""Weapon_Attack""/> para atacar con el arma que tengas equipada. ¡Mantén pulsado para un ataque cargado!",
ST_TipText::TIP_ThrowFlare_Summary,"Pulsa y suelta <prompt actions=""Throw_Mode""/> para lanzar la antorcha que tengas equipada e iluminar la oscuridad",
ST_TipText::TIP_DurinRepair_Summary,Repara monumentos de Durin para honrar a Durin y recibe recompensas,
ST_TipText::TIP_RoastingPit_Heading,Asador,
ST_TipText::TIP_RopeLadders_Heading,Escaleras de cuerdas,
ST_TipText::TIP_RopeLadders_Summary,"Las escaleras de cuerdas son útiles para navegar por superficies verticales. Pulsa  <prompt actions=""Rope_Quick""/> para construir una.",
ST_TipText::TIP_AxeSearch_Summary,Inspecciona cuidadosamente la zona cercana para encontrar un fragmento del hacha de Durin.,
ST_TipText::TIP_Shadows_Details,"La sombra se filtra desde las profundidades. Si entras en contacto con ella, podrías sufrir la maldición de la sombra y perder salud en el proceso.",
ST_TipText::TIP_Shadows_Heading,Maldición de la sombra,
ST_TipText::TIP_Shield_Heading,Escudos,
ST_TipText::TIP_Sleep_Heading,Dormir,
ST_TipText::TIP_Sleep_Details,"Al dormir, recuperarás salud, resistencia y eliminarás cualquier efecto negativo.<lf>Sin embargo, los enanos aventureros estarán hambrientos al despertar.",
ST_TipText::TIP_Spears_Heading,Lanzas,
ST_TipText::TIP_Spears_Summary,Las lanzas permiten atacar a distancia y son más eficaces contra un enemigo de cada vez.,
ST_TipText::TIP_1hSword_Heading,Espadas,
ST_TipText::TIP_DarkestDeeps_Heading,El Abismo Oscuro,
ST_TipText::TIP_DarkestDeeps_Details,"El Abismo Oscuro alberga algunos de los materiales y gemas más extraños de Moria. Sin embargo, el descenso es peligroso y en sus profundidades acechan multitud de amenazas desconocidas. No se puede tener demasiado cuidado ahí abajo.",
ST_TipText::TIP_Goals_Details,"El Compendio de objetivos te ayudará en tu misión de recuperar Moria. Si te sientes atrapado en algún momento, pulsa <prompt actions=""Goals""/> para ver tus próximos pasos.",
ST_TipText::TIP_Halberds_Summary,Las alabardas combinan los puntos fuertes de una lanza y un hacha.,
ST_TipText::TIP_DurinRepair_Details,Los estragos del tiempo y la destrucción de los orcos han deshonrado los monumentos de Durin. ¡Esto no puede permitirse! Deben volver a brillar con su antigua gloria. Reconstruir monumentos te proporcionará recompensa y restaurará el honor de Durin.,
ST_TipText::TIP_ThrowFlare_Heading,Tirar bengalas,
ST_TipText::TIP_Tip_Category,Consejos,
ST_TipText::TIP_ThrowFlare_Details,"Lanza bengalas y antorchas para iluminar el camino. Prueba a lanzarlas a abismos profundos, nunca sabes qué podrías iluminar. Una bengala podría distraer también a un orco curioso.",
ST_TipText::TIP_2hAxes_Details,"Las hachas de guerra a dos manos causan muchísimo daño, pero son más lentas que las espadas grandes. Estas hachas pueden aturdir al enemigo. Mantén pulsado <prompt actions=""Weapon_Attack""/> para ejecutar un tajazo ascendente que acabará con cualquier troll o bestia gigante que ose interponerse en tu camino.",
ST_TipText::TIP_Shield_Summary,"Usa  <prompt actions=""Shield_Block""/> para bloquear ataques. ¡Realiza los bloqueos en el momento correcto para aturdir a enemigos!",
ST_TipText::TIP_1hSwords_Details,"Utiliza una espada a una mano para despachar rápidamente a varios enemigos. Este tipo de espadas poseen una gran envergadura y pueden cargarse para ejecutar un ataque que inflige daño extra. Además, te quedará una mano libre para empuñar un escudo y aumentar así tu defensa.",
ST_TipText::TIP_Sleep_Summary,Usa una cama o un petate para recuperar salud y curar lo que aflija.,
ST_TipText::TIP_BetterMeals_Summary,Usa el asador o el hornillo para preparar comidas mejores.,
ST_TipText::TIP_Shield_Details,"Usa el escudo para protegerte de ataques.<lf>Pulsa <prompt actions=""Weapon_Attack""/> mientras bloqueas para dar un devastador golpe de escudo. Si lo realizas en el momento correcto, aturdirás a los enemigos pequeños y tu escudo durará más tiempo.",
ST_TipText::TIP_1hAxes_Heading,Hachas bélicas,
ST_TipText::TIP_Waypoint_Heading,Puntos de ruta,
ST_TipText::TIP_AxeSearch_Detail,"Cuando te estés acercando a un punto de ruta con un fragmento de hacha de Durin, busca el fragmento por los alrededores. Podría estar dentro de un edificio, frente a un monumento ¡o incluso expuesto en una placa! El secreto está en mirar hasta debajo de las piedras.",
ST_TipText::TIP_Dig_Summary,"Mientras tengas un pico en tu mano, pulsa <prompt actions=""Dig_Action""/> para excavar la tierra o extraer mineral.",
ST_TipText::TIP_Bows_Details,"Aunque son fáciles de cargar y permiten hacer disparos rápidos, las flechas infligen menos daño que los virotes y resultan menos precisas. Mantén pulsado <prompt actions=""Ranged_Aim""/> para apuntar y pulsa <prompt actions=""Ranged_Fire""/> para tirar. ",
ST_TipText::TIP_Halberds_Details,"Las alabardas combinan el alcance de una lanza y el filo de una hacha y pueden ser usadas para mantener a raya a grupos enteros de enemigos. Mantén pulsado <prompt actions=""Weapon_Attack""/> para cargarlas parcialmente y lanzar una estocada o cárgalas del todo y ejecuta un enorme ataque circular.",
ST_TipText::TIP_RoastingPit_Details,Prepara comidas mejores utilizando más ingredientes en el asador. Estas comidas te proporcionarán más beneficios que las que prepares en la hoguera o el fogón.,
ST_TipText::TIP_BetterMeals_Detail,Prepara comidas con más ingredientes en el asador o el hornillo. Estas comidas te proporcionarán más beneficios que las que prepares en la hoguera o el fogón.,
ST_TipText::TIP_1hAxes_Summary,"Un hacha básica, lenta pero segura. Ideal para talar árboles… u orcos.",
ST_TipText::TIP_FastTravel_Summary,¡Has encontrado una piedra cartográfica! Busca o construye otra para viajar rápidamente entre ellas.,
ST_TipText::TIP_FastTravel2_Summary,Has encontrado otra piedra cartográfica. Ahora puedes viajar rápidamente entre ellas usando del mapa.,
ST_TutorialText::TT_MetalWork_0,Échale combustible al horno,
ST_TutorialText::TT_MetalWork_Title,Comienza a trabajar el metal,
ST_TutorialText::TT_QuickPlatform_Title,Construye plataformas rápidas para atravesar el terreno,
ST_TutorialText::TT_Base_1,Construye un petate,
ST_TutorialText::TT_BalinRepair_3,Construye un cofre de almacenamiento,
ST_TutorialText::TT_BalinRepair2_2,Adjudícate un petate,
ST_TutorialText::TT_Ration_0,Recoge setas,
ST_TutorialText::TT_ThrowTorch_0,Recoge una antorcha de madera,
ST_TutorialText::TT_MealB_0,Preparar guiso de setas en el fogón,
ST_TutorialText::TT_Meal_0,Prepara carne asada en el hogar,
ST_TutorialText::TT_Meal_Title,Prepara una comida para recuperar salud,
ST_TutorialText::TT_Torch_Title,Fabrica una fuente de luz,
ST_TutorialText::TT_Tunnel_0,Fabrica un pico,
ST_TutorialText::TT_Torch_2,Fabrica una antorcha,
ST_TutorialText::TT_Axe_Title,Fabrica un arma,
ST_TutorialText::TT_Axe_0,Fabrica un hacha improvisada,
ST_TutorialText::TT_MetalWork_1,Fabrica y recoge un lingote de hierro,
ST_TutorialText::TT_Tunnel_1,Excava entre los escombros,
ST_TutorialText::TT_MealB_2,Comer guiso de setas en la mesa para comer,
ST_TutorialText::TT_Ration_2,Come setas,
ST_TutorialText::TT_Meal_2,Come carne asada en la mesa del almuerzo,
ST_TutorialText::TT_ThrowTorch_1,Equipa la antorcha de madera,
ST_TutorialText::TT_Axe_1,Equipa tu hacha improvisada,
ST_TutorialText::TT_BalinRepair2_Title,Expande el antiguo campamento,
ST_TutorialText::TT_BalinRepair_4,Busca un petate en el menú Construcción,
ST_TutorialText::TT_OrePlatform_1,Busca una veta de mineral de hierro,
ST_TutorialText::TT_OrePlatform_Title,Busca y extrae minerales,
ST_TutorialText::TT_UpgradeWeapon_0,Forja una espada de hierro,
ST_TutorialText::TT_Torch_0,Reúne madera,
ST_TutorialText::TT_ThrowTorch_Title,Ilumina la oscuridad,
ST_TutorialText::TT_OrePlatform_2,Extrae mineral de hierro,
ST_TutorialText::TT_BalinRepair2_0,"Pulsa <prompt actions=""Build_Menu""/> para abrir el menú Construir",
ST_TutorialText::TT_Torch_1,"Pulsa <prompt actions=""Craft_Menu""/> para fabricar objetos",
ST_TutorialText::TT_Waypoint_0,"Pulsa <prompt actions=""Map_Menu""/> para abrir el mapa",
ST_TutorialText::TT_Waypoint_1,"Pulsa <prompt actions=""Map_Waypoint""/> para crear un punto de ruta",
ST_TutorialText::TT_OrePlatform_0,"Pulsa <prompt actions=""Platform_Quick""/>  para construir una plataforma rápida",
ST_TutorialText::TT_ThrowTorch_2,"Pulsa <prompt actions=""Throw_Mode""/> para lanzar la antorcha de madera",
ST_TutorialText::TT_BalinRepair_2,Reconstruye la fragua,
ST_TutorialText::TT_BalinRepair_1,Reconstruye el horno,
ST_TutorialText::TT_BalinRepair_0,Reconstruye el hogar,
ST_TutorialText::TT_BalinRepair_Title,Reconstruye el antiguo campamento,
ST_TutorialText::TT_Ration_Title,Sacia tu hambre,
ST_TutorialText::TT_Waypoint_Title,Fija un punto de ruta en tu ubicación,
ST_TutorialText::TT_Sleep_0,Duerme en un petate,
ST_TutorialText::TT_Sleep_Title,Duerme para recuperar salud,
ST_TutorialText::TT_Tunnel_Title,Cava un túnel para abrir una salida,
Subtitles::vx_c00420_p01_plr_v07,"Uf, no puedo más.",
Subtitles::vx_c00444_p01_plr_v08,Yo puedo... Yo puedo...,
Subtitles::vx_c00442_p01_plr_v03,<Subtitle.Italic>Khazad-dûm</> aguarda.,
Subtitles::vx_c00091_p04_plr_v01,<Subtitle.Italic>Khazad-dûm</> es el hogar de la casa de Durin.,
Subtitles::vx_c00091_p04_plr_v02,<Subtitle.Italic>Khazad-dûm</> es el hogar de la casa de Durin.,
Subtitles::vx_c00091_p04_plr_v03,<Subtitle.Italic>Khazad-dûm</> es el hogar de la casa de Durin.,
Subtitles::vx_c00091_p04_plr_v04,<Subtitle.Italic>Khazad-dûm</> es el hogar de la casa de Durin.,
Subtitles::vx_c00091_p04_plr_v05,<Subtitle.Italic>Khazad-dûm</> es el hogar de la casa de Durin.,
Subtitles::vx_c00091_p04_plr_v06,<Subtitle.Italic>Khazad-dûm</> es el hogar de la casa de Durin.,
Subtitles::vx_c00091_p04_plr_v07,<Subtitle.Italic>Khazad-dûm</> es el hogar de la casa de Durin.,
Subtitles::vx_c00091_p04_plr_v08,<Subtitle.Italic>Khazad-dûm</> es el hogar de la casa de Durin.,
Subtitles::vx_c00442_p01_plr_v08,"<Subtitle.Italic>Khazad-dûm</>, voy a por ti.",
Subtitles::vx_c00382_p03_plr_v01,<Subtitle.Italic>Khazâd dashtîn.</> Hora de devolverle su vieja gloria.,
Subtitles::vx_c00382_p03_plr_v02,<Subtitle.Italic>Khazâd dashtîn.</> Hora de devolverle su vieja gloria.,
Subtitles::vx_c00382_p03_plr_v03,<Subtitle.Italic>Khazâd dashtîn.</> Hora de devolverle su vieja gloria.,
Subtitles::vx_c00382_p03_plr_v04,<Subtitle.Italic>Khazâd dashtîn.</> Hora de devolverle su vieja gloria.,
Subtitles::vx_c00382_p03_plr_v05,<Subtitle.Italic>Khazâd dashtîn.</> Hora de devolverle su vieja gloria.,
Subtitles::vx_c00382_p03_plr_v06,<Subtitle.Italic>Khazâd dashtîn.</> Hora de devolverle su vieja gloria.,
Subtitles::vx_c00382_p03_plr_v07,<Subtitle.Italic>Khazâd dashtîn.</> Hora de devolverle su vieja gloria.,
Subtitles::vx_c00382_p03_plr_v08,<Subtitle.Italic>Khazâd dashtîn.</> Hora de devolverle su vieja gloria.,
Subtitles::vx_c00023_p01_plr_v02,¡Una <Subtitle.Italic>muznâkan</> de una antigua familia. Devolveré las figuras que faltan para honrarla.,
Subtitles::vx_c00023_p01_plr_v03,¡Una <Subtitle.Italic>muznâkan</> de una antigua familia. Devolveré las figuras que faltan para honrarla.,
Subtitles::vx_c00023_p01_plr_v04,¡Una <Subtitle.Italic>muznâkan</> de una antigua familia. Devolveré las figuras que faltan para honrarla.,
Subtitles::vx_c00023_p01_plr_v05,¡Una <Subtitle.Italic>muznâkan</> de una antigua familia. Devolveré las figuras que faltan para honrarla.,
Subtitles::vx_c00023_p01_plr_v06,¡Una <Subtitle.Italic>muznâkan</> de una antigua familia. Devolveré las figuras que faltan para honrarla.,
Subtitles::vx_c00023_p01_plr_v07,¡Una <Subtitle.Italic>muznâkan</> de una antigua familia. Devolveré las figuras que faltan para honrarla.,
Subtitles::vx_c00023_p01_plr_v08,¡Una <Subtitle.Italic>muznâkan</> de una antigua familia. Devolveré las figuras que faltan para honrarla.,
Subtitles::vx_c00023_p01_plr_v01,¡Una <Subtitle.Italic>muznâkan</> de una antigua familia. Devolveré las figuras que faltan para honrarla.,
Subtitles::vx_c00124_p02_plr_v01,<Subtitle.Italic>Shazôn</>...,
Subtitles::vx_c00124_p02_plr_v02,<Subtitle.Italic>Shazôn</>...,
Subtitles::vx_c00124_p02_plr_v03,<Subtitle.Italic>Shazôn</>...,
Subtitles::vx_c00124_p02_plr_v04,<Subtitle.Italic>Shazôn</>...,
Subtitles::vx_c00124_p02_plr_v05,<Subtitle.Italic>Shazôn</>...,
Subtitles::vx_c00124_p02_plr_v06,<Subtitle.Italic>Shazôn</>...,
Subtitles::vx_c00124_p02_plr_v07,<Subtitle.Italic>Shazôn</>...,
Subtitles::vx_c00124_p02_plr_v08,<Subtitle.Italic>Shazôn</>...,
Subtitles::vx_c00496_p01_plr_v01,<Subtitle.Italic>Takfa Durin khudrir.</>,
Subtitles::vx_c00496_p01_plr_v02,<Subtitle.Italic>Takfa Durin khudrir.</>,
Subtitles::vx_c00496_p01_plr_v03,<Subtitle.Italic>Takfa Durin khudrir.</>,
Subtitles::vx_c00496_p01_plr_v04,<Subtitle.Italic>Takfa Durin khudrir.</>,
Subtitles::vx_c00496_p01_plr_v05,<Subtitle.Italic>Takfa Durin khudrir.</>,
Subtitles::vx_c00496_p01_plr_v06,<Subtitle.Italic>Takfa Durin khudrir.</>,
Subtitles::vx_c00496_p01_plr_v07,<Subtitle.Italic>Takfa Durin khudrir.</>,
Subtitles::vx_c00466_p01_plr_v01,Marcas de <Subtitle.Italic>Tharkûn</>.,
Subtitles::vx_c00466_p01_plr_v02,Marcas de <Subtitle.Italic>Tharkûn</>.,
Subtitles::vx_c00466_p01_plr_v03,Marcas de <Subtitle.Italic>Tharkûn</>.,
Subtitles::vx_c00466_p01_plr_v04,Marcas de <Subtitle.Italic>Tharkûn</>.,
Subtitles::vx_c00466_p01_plr_v05,Marcas de <Subtitle.Italic>Tharkûn</>.,
Subtitles::vx_c00466_p01_plr_v06,Marcas de <Subtitle.Italic>Tharkûn</>.,
Subtitles::vx_c00466_p01_plr_v07,Marcas de <Subtitle.Italic>Tharkûn</>.,
Subtitles::vx_c00466_p01_plr_v08,Marcas de <Subtitle.Italic>Tharkûn</>.,
Subtitles::vx_c00008_p02_plr_v03,<Subtitle.Italic>Tharkûn</> demostró su poder enfrentándose al Flagelo de Durin.,
Subtitles::vx_c00015_p01_plr_v01,"Un cofre enano. Abrámoslo, a ver qué secretos oculta en su interior.",
Subtitles::vx_c00015_p01_plr_v02,"Un cofre enano. Abrámoslo, a ver qué secretos oculta en su interior.",
Subtitles::vx_c00015_p01_plr_v03,"Un cofre enano. Abrámoslo, a ver qué secretos oculta en su interior.",
Subtitles::vx_c00015_p01_plr_v04,"Un cofre enano. Abrámoslo, a ver qué secretos oculta en su interior.",
Subtitles::vx_c00015_p01_plr_v05,"Un cofre enano. Abrámoslo, a ver qué secretos oculta en su interior.",
Subtitles::vx_c00015_p01_plr_v06,"Un cofre enano. Abrámoslo, a ver qué secretos oculta en su interior.",
Subtitles::vx_c00015_p01_plr_v07,"Un cofre enano. Abrámoslo, a ver qué secretos oculta en su interior.",
Subtitles::vx_c00015_p01_plr_v08,"Un cofre enano. Abrámoslo, a ver qué secretos oculta en su interior.",
Subtitles::vx_c00343_p01_plr_v01,Una lámpara de Durin. Ahuyenta a las sombras malvadas.,
Subtitles::vx_c00343_p01_plr_v02,Una lámpara de Durin. Ahuyenta a las sombras malvadas.,
Subtitles::vx_c00343_p01_plr_v03,Una lámpara de Durin. Ahuyenta a las sombras malvadas.,
Subtitles::vx_c00343_p01_plr_v04,Una lámpara de Durin. Ahuyenta a las sombras malvadas.,
Subtitles::vx_c00343_p01_plr_v06,Una lámpara de Durin. Ahuyenta a las sombras malvadas.,
Subtitles::vx_c00343_p01_plr_v07,Una lámpara de Durin. Ahuyenta a las sombras malvadas.,
Subtitles::vx_c00343_p01_plr_v08,Una lámpara de Durin. Ahuyenta a las sombras malvadas.,
Subtitles::vx_c00090_p07_plr_v01,¿Un arma de mithril para matar a la dragona? Entiendo.,
Subtitles::vx_c00090_p07_plr_v02,¿Un arma de mithril para matar a la dragona? Entiendo.,
Subtitles::vx_c00090_p07_plr_v03,¿Un arma de mithril para matar a la dragona? Entiendo.,
Subtitles::vx_c00090_p07_plr_v04,¿Un arma de mithril para matar a la dragona? Entiendo.,
Subtitles::vx_c00090_p07_plr_v05,¿Un arma de mithril para matar a la dragona? Entiendo.,
Subtitles::vx_c00090_p07_plr_v06,¿Un arma de mithril para matar a la dragona? Entiendo.,
Subtitles::vx_c00090_p07_plr_v07,¿Un arma de mithril para matar a la dragona? Entiendo.,
Subtitles::vx_c00090_p07_plr_v08,¿Un arma de mithril para matar a la dragona? Entiendo.,
Subtitles::vx_c00086_p02_plr_v01,Un cuervo de Erebor.,
Subtitles::vx_c00086_p02_plr_v02,Un cuervo de Erebor.,
Subtitles::vx_c00086_p02_plr_v03,Un cuervo de Erebor.,
Subtitles::vx_c00086_p02_plr_v04,Un cuervo de Erebor.,
Subtitles::vx_c00086_p02_plr_v05,Un cuervo de Erebor.,
Subtitles::vx_c00086_p02_plr_v06,Un cuervo de Erebor.,
Subtitles::vx_c00086_p02_plr_v07,Un cuervo de Erebor.,
Subtitles::vx_c00086_p02_plr_v08,Un cuervo de Erebor.,
Subtitles::vx_c00549_p01_plr_v01,¡Una guarida de osos.,
Subtitles::vx_c00549_p01_plr_v02,Una guarida de osos.,
Subtitles::vx_c00549_p01_plr_v03,Una guarida de osos.,
Subtitles::vx_c00549_p01_plr_v04,Una guarida de osos.,
Subtitles::vx_c00549_p01_plr_v05,Una guarida de osos.,
Subtitles::vx_c00549_p01_plr_v06,Una guarida de osos.,
Subtitles::vx_c00549_p01_plr_v07,Una guarida de osos.,
Subtitles::vx_c00549_p01_plr_v08,Una guarida de osos.,
Subtitles::vx_c00348_p02_plr_v08,"Con una pequeña limpieza, creo que podría vivir aquí.",
Subtitles::vx_c00587_p01_plr_v03,Un arma rota no me servirá de nada.,
Subtitles::vx_c00587_p01_plr_v01,No voy a poder hacer nada con mi arma rota.,
Subtitles::vx_c00587_p01_plr_v02,No voy a poder hacer nada con mi arma rota.,
Subtitles::vx_c00587_p01_plr_v04,No voy a poder hacer nada con mi arma rota.,
Subtitles::vx_c00587_p01_plr_v05,No voy a poder hacer nada con mi arma rota.,
Subtitles::vx_c00587_p01_plr_v06,No voy a poder hacer nada con mi arma rota.,
Subtitles::vx_c00587_p01_plr_v07,No voy a poder hacer nada con mi arma rota.,
Subtitles::vx_c00587_p01_plr_v08,No voy a poder hacer nada con mi arma rota.,
Subtitles::vx_c00378_p01_plr_v06,Una dragona. Una dragona en Moria. No puede ser.,
Subtitles::vx_c00378_p01_plr_v07,Una dragona. Una dragona en Moria. No puede ser.,
Subtitles::vx_c00378_p01_plr_v08,Una dragona. Una dragona en Moria. No puede ser.,
Subtitles::vx_c00378_p01_plr_v01,Una dragona. Una dragona en Moria. No puede ser.,
Subtitles::vx_c00378_p01_plr_v02,Una dragona. Una dragona en Moria. No puede ser.,
Subtitles::vx_c00378_p01_plr_v03,Una dragona. Una dragona en Moria. No puede ser.,
Subtitles::vx_c00378_p01_plr_v05,Una dragona. Una dragona en Moria. No puede ser.,
Subtitles::vx_c00378_p01_plr_v04,Una dragona. Martillos y yunques. Una dragona en Moria. No puede ser.,
Subtitles::vx_c00470_p01_plr_v01,Un monumento familiar.,
Subtitles::vx_c00470_p01_plr_v02,Un monumento familiar.,
Subtitles::vx_c00470_p01_plr_v03,Un monumento familiar.,
Subtitles::vx_c00470_p01_plr_v04,Un monumento familiar.,
Subtitles::vx_c00470_p01_plr_v05,Un monumento familiar.,
Subtitles::vx_c00470_p01_plr_v06,Un monumento familiar.,
Subtitles::vx_c00470_p01_plr_v07,Un monumento familiar.,
Subtitles::vx_c00470_p01_plr_v08,Un monumento familiar.,
Subtitles::vx_c00032_p02_plr_v02,"Bueno, una fragua es una fragua. Con que funcione, es suficiente.",
Subtitles::vx_c00694_p01_plr_v01,Aquí debería haber un fragmento del hacha de Durin.,
Subtitles::vx_c00694_p01_plr_v02,Aquí debería haber un fragmento del hacha de Durin.,
Subtitles::vx_c00694_p01_plr_v03,Aquí debería haber un fragmento del hacha de Durin.,
Subtitles::vx_c00694_p01_plr_v04,Aquí debería haber un fragmento del hacha de Durin.,
Subtitles::vx_c00694_p01_plr_v05,Aquí debería haber un fragmento del hacha de Durin.,
Subtitles::vx_c00694_p01_plr_v06,Aquí debería haber un fragmento del hacha de Durin.,
Subtitles::vx_c00694_p01_plr_v07,Aquí debería haber un fragmento del hacha de Durin.,
Subtitles::vx_c00694_p01_plr_v08,Aquí debería haber un fragmento del hacha de Durin.,
Subtitles::vx_c00697_p01_plr_v03,Un fragmento del hacha de Durin. Increíble.,
Subtitles::vx_c00697_p01_plr_v07,Un fragmento del hacha de Durin. Se siente poderoso en la mano.,
Subtitles::vx_c00697_p01_plr_v05,Un fragmento del hacha de Durin. Qué maravilla.,
Subtitles::vx_c00697_p01_plr_v08,Un fragmento del hacha de Durin. Impresionante.,
Subtitles::vx_c00697_p01_plr_v04,Un fragmento del hacha de Durin. Ya me siento más fuerte.,
Subtitles::vx_c00697_p01_plr_v01,Un fragmento del hacha de Durin. Fíjate bien.,
Subtitles::vx_c00697_p01_plr_v02,Un fragmento del hacha de Durin. Qué cosa tan bonita.,
Subtitles::vx_c00697_p01_plr_v06,Un fragmento del hacha de Durin. Hala.,
Subtitles::vx_c00420_p01_plr_v03,Un enano con la barriga llena por aquí.,
Subtitles::vx_c00420_p01_plr_v05,Una barriga llena es una barriga fuerte.,
Subtitles::vx_c00444_p01_plr_v07,Ahora me vendría de perlas tener una cabra.,
Subtitles::vx_c00532_p01_plr_v01,Una recompensa de lo más saludable.,
Subtitles::vx_c00532_p01_plr_v02,Una recompensa de lo más saludable.,
Subtitles::vx_c00532_p01_plr_v03,Una recompensa de lo más saludable.,
Subtitles::vx_c00532_p01_plr_v04,Una recompensa de lo más saludable.,
Subtitles::vx_c00532_p01_plr_v05,Una recompensa de lo más saludable.,
Subtitles::vx_c00532_p01_plr_v06,Una recompensa de lo más saludable.,
Subtitles::vx_c00532_p01_plr_v07,Una recompensa de lo más saludable.,
Subtitles::vx_c00532_p01_plr_v08,Una recompensa de lo más saludable.,
Subtitles::vx_c00523_p01_plr_v01,Una buena comida lo cura casi todo.,
Subtitles::vx_c00523_p01_plr_v02,Una buena comida lo cura casi todo.,
Subtitles::vx_c00523_p01_plr_v03,Una buena comida lo cura casi todo.,
Subtitles::vx_c00523_p01_plr_v04,Una buena comida lo cura casi todo.,
Subtitles::vx_c00523_p01_plr_v05,Una buena comida lo cura casi todo.,
Subtitles::vx_c00523_p01_plr_v06,Una buena comida lo cura casi todo.,
Subtitles::vx_c00523_p01_plr_v07,Una buena comida lo cura casi todo.,
Subtitles::vx_c00523_p01_plr_v08,Una buena comida lo cura casi todo.,
Subtitles::vx_c00028_p01_plr_v03,Una caverna élfica oculta. En <Subtitle.Italic>Khazad-dûm</>. Por mi hacha. ¿Qué es esto?,
Subtitles::vx_c00028_p01_plr_v01,Una caverna élfica oculta. En <Subtitle.Italic>Khazad-dûm</>. Ja. Por todo el granito del mundo.,
Subtitles::vx_c00028_p01_plr_v04,Una caverna élfica oculta. En <Subtitle.Italic>Khazad-dûm</>. Ja. Por todo el granito del mundo.,
Subtitles::vx_c00028_p01_plr_v05,Una caverna élfica oculta. En <Subtitle.Italic>Khazad-dûm</>. Ja. Por todo el granito del mundo.,
Subtitles::vx_c00028_p01_plr_v06,Una caverna élfica oculta. En <Subtitle.Italic>Khazad-dûm</>. Ja. Por todo el granito del mundo.,
Subtitles::vx_c00028_p01_plr_v07,Una caverna élfica oculta. En <Subtitle.Italic>Khazad-dûm</>. Ja. Por todo el granito del mundo.,
Subtitles::vx_c00028_p01_plr_v08,Una caverna élfica oculta. En <Subtitle.Italic>Khazad-dûm</>. Ja. Por todo el granito del mundo.,
Subtitles::vx_c00028_p01_plr_v02,Una caverna élfica oculta. En Khazad-dûm. Por todo el granito del mundo.,
Subtitles::vx_c00566_p01_plr_v01,Una horda. Preparaos.,
Subtitles::vx_c00566_p01_plr_v02,Una horda. Preparaos.,
Subtitles::vx_c00566_p01_plr_v03,Una horda. Preparaos.,
Subtitles::vx_c00566_p01_plr_v04,Una horda. Preparaos.,
Subtitles::vx_c00566_p01_plr_v05,Una horda. Preparaos.,
Subtitles::vx_c00566_p01_plr_v06,Una horda. Preparaos.,
Subtitles::vx_c00566_p01_plr_v07,Una horda. Preparaos.,
Subtitles::vx_c00566_p01_plr_v08,Una horda. Preparaos.,
Subtitles::vx_c00467_p01_plr_v05,"Una piedra cartográfica. Ja, ja. Me ayudará a orientarme.",
Subtitles::vx_c00467_p01_plr_v01,Una piedra cartográfica. Me ayudará a orientarme.,
Subtitles::vx_c00467_p01_plr_v02,Una piedra cartográfica. Me ayudará a orientarme.,
Subtitles::vx_c00467_p01_plr_v03,Una piedra cartográfica. Me ayudará a orientarme.,
Subtitles::vx_c00467_p01_plr_v04,Una piedra cartográfica. Me ayudará a orientarme.,
Subtitles::vx_c00467_p01_plr_v06,Una piedra cartográfica. Me ayudará a orientarme.,
Subtitles::vx_c00467_p01_plr_v07,Una piedra cartográfica. Me ayudará a orientarme.,
Subtitles::vx_c00467_p01_plr_v08,Una piedra cartográfica. Me ayudará a orientarme.,
Subtitles::vx_c00340_p01_plr_v01,Un monumento a Durin.,
Subtitles::vx_c00340_p01_plr_v02,Un monumento a Durin.,
Subtitles::vx_c00340_p01_plr_v03,Un monumento a Durin.,
Subtitles::vx_c00340_p01_plr_v04,Un monumento a Durin.,
Subtitles::vx_c00340_p01_plr_v05,Un monumento a Durin.,
Subtitles::vx_c00340_p01_plr_v06,Un monumento a Durin.,
Subtitles::vx_c00340_p01_plr_v07,Un monumento a Durin.,
Subtitles::vx_c00340_p01_plr_v08,Un monumento a Durin.,
Subtitles::vx_c00468_p01_plr_v01,Un monumento.,
Subtitles::vx_c00468_p01_plr_v02,Un monumento.,
Subtitles::vx_c00468_p01_plr_v03,Un monumento.,
Subtitles::vx_c00468_p01_plr_v05,Un monumento.,
Subtitles::vx_c00468_p01_plr_v06,Un monumento.,
Subtitles::vx_c00468_p01_plr_v07,Un monumento.,
Subtitles::vx_c00468_p01_plr_v08,Un monumento.,
Subtitles::vx_c00347_p02_plr_v05,Una ruta para peregrinos. Pero ¿adónde conducirá?,
Subtitles::vx_c00352_p01_plr_v01,¿Una piedrecilla con marcas de hobbits? ¿Qué hará aquí abajo?,
Subtitles::vx_c00352_p01_plr_v02,¿Una piedrecilla con marcas de hobbits? ¿Qué hará aquí abajo?,
Subtitles::vx_c00352_p01_plr_v03,¿Una piedrecilla con marcas de hobbits? ¿Qué hará aquí abajo?,
Subtitles::vx_c00352_p01_plr_v04,¿Una piedrecilla con marcas de hobbits? ¿Qué hará aquí abajo?,
Subtitles::vx_c00352_p01_plr_v05,¿Una piedrecilla con marcas de hobbits? ¿Qué hará aquí abajo?,
Subtitles::vx_c00352_p01_plr_v06,¿Una piedrecilla con marcas de hobbits? ¿Qué hará aquí abajo?,
Subtitles::vx_c00352_p01_plr_v07,¿Una piedrecilla con marcas de hobbits? ¿Qué hará aquí abajo?,
Subtitles::vx_c00352_p01_plr_v08,¿Una piedrecilla con marcas de hobbits? ¿Qué hará aquí abajo?,
Subtitles::vx_c00375_p01_plr_v01,Podría haber un fragmento del hacha de Durin en una de las cavernas de los trolls en los abismos inferiores.,
Subtitles::vx_c00375_p01_plr_v02,Podría haber un fragmento del hacha de Durin en una de las cavernas de los trolls en los abismos inferiores.,
Subtitles::vx_c00375_p01_plr_v03,Podría haber un fragmento del hacha de Durin en una de las cavernas de los trolls en los abismos inferiores.,
Subtitles::vx_c00375_p01_plr_v04,Podría haber un fragmento del hacha de Durin en una de las cavernas de los trolls en los abismos inferiores.,
Subtitles::vx_c00375_p01_plr_v05,Podría haber un fragmento del hacha de Durin en una de las cavernas de los trolls en los abismos inferiores.,
Subtitles::vx_c00375_p01_plr_v06,Podría haber un fragmento del hacha de Durin en una de las cavernas de los trolls en los abismos inferiores.,
Subtitles::vx_c00375_p01_plr_v07,Podría haber un fragmento del hacha de Durin en una de las cavernas de los trolls en los abismos inferiores.,
Subtitles::vx_c00375_p01_plr_v08,Podría haber un fragmento del hacha de Durin en una de las cavernas de los trolls en los abismos inferiores.,
Subtitles::vx_c00416_p01_plr_v03,Qué no daría yo por descansar...,
Subtitles::vx_c00347_p02_plr_v02,"Una ruta es una ruta, por muy en las profundidades que esté.",
Subtitles::vx_c00481_p01_plr_v02,Una fuga sombría... ¡Lo que me faltaba!,
Subtitles::vx_c00489_p01_plr_v01,Una canción para los corazones mineros.,
Subtitles::vx_c00489_p01_plr_v02,Una canción para los corazones mineros.,
Subtitles::vx_c00489_p01_plr_v03,Una canción para los corazones mineros.,
Subtitles::vx_c00489_p01_plr_v04,Una canción para los corazones mineros.,
Subtitles::vx_c00489_p01_plr_v05,Una canción para los corazones mineros.,
Subtitles::vx_c00489_p01_plr_v06,Una canción para los corazones mineros.,
Subtitles::vx_c00489_p01_plr_v07,Una canción para los corazones mineros.,
Subtitles::vx_c00489_p01_plr_v08,Una canción para los corazones mineros.,
Subtitles::vx_c00550_p01_plr_v01,Un nido de arañas.,
Subtitles::vx_c00550_p01_plr_v02,Un nido de arañas.,
Subtitles::vx_c00550_p01_plr_v03,Un nido de arañas.,
Subtitles::vx_c00550_p01_plr_v04,Un nido de arañas.,
Subtitles::vx_c00550_p01_plr_v05,Un nido de arañas.,
Subtitles::vx_c00550_p01_plr_v06,Un nido de arañas.,
Subtitles::vx_c00550_p01_plr_v07,Un nido de arañas.,
Subtitles::vx_c00550_p01_plr_v08,Un nido de arañas.,
Subtitles::vx_c00482_p01_plr_v04,¿Un géiser de vapor? No os acerquéis.,
Subtitles::vx_c00394_p02_plr_v01,"Una herramienta contra las sombras de la montaña. Pues claro, una herramienta para cumplir con el deber de la casa de Durin.",
Subtitles::vx_c00394_p02_plr_v02,"Una herramienta contra las sombras de la montaña. Pues claro, una herramienta para cumplir con el deber de la casa de Durin.",
Subtitles::vx_c00394_p02_plr_v03,"Una herramienta contra las sombras de la montaña. Pues claro, una herramienta para cumplir con el deber de la casa de Durin.",
Subtitles::vx_c00394_p02_plr_v04,"Una herramienta contra las sombras de la montaña. Pues claro, una herramienta para cumplir con el deber de la casa de Durin.",
Subtitles::vx_c00394_p02_plr_v05,"Una herramienta contra las sombras de la montaña. Pues claro, una herramienta para cumplir con el deber de la casa de Durin.",
Subtitles::vx_c00394_p02_plr_v06,"Una herramienta contra las sombras de la montaña. Pues claro, una herramienta para cumplir con el deber de la casa de Durin.",
Subtitles::vx_c00394_p02_plr_v07,"Una herramienta contra las sombras de la montaña. Pues claro, una herramienta para cumplir con el deber de la casa de Durin.",
Subtitles::vx_c00394_p02_plr_v08,"Una herramienta contra las sombras de la montaña. Pues claro, una herramienta para cumplir con el deber de la casa de Durin.",
Subtitles::vx_c00537_p01_plr_v04,Un troll. ¿Nos ha visto?,
Subtitles::vx_c00112_p02_plr_v01,"¿Un troll? ¿Rey de Moria? Ja, ja, ja, ja, ja.",
Subtitles::vx_c00112_p02_plr_v02,"¿Un troll? ¿Rey de Moria? Ja, ja, ja, ja, ja.",
Subtitles::vx_c00112_p02_plr_v03,"¿Un troll? ¿Rey de Moria? Ja, ja, ja, ja, ja.",
Subtitles::vx_c00112_p02_plr_v04,"¿Un troll? ¿Rey de Moria? Ja, ja, ja, ja, ja.",
Subtitles::vx_c00112_p02_plr_v05,"¿Un troll? ¿Rey de Moria? Ja, ja, ja, ja, ja.",
Subtitles::vx_c00112_p02_plr_v06,"¿Un troll? ¿Rey de Moria? Ja, ja, ja, ja, ja.",
Subtitles::vx_c00112_p02_plr_v07,"¿Un troll? ¿Rey de Moria? Ja, ja, ja, ja, ja.",
Subtitles::vx_c00112_p02_plr_v08,"¿Un troll? ¿Rey de Moria? Ja, ja, ja, ja, ja.",
Subtitles::vx_c00363_p01_plr_v01,Un sombrero de mago. Seguro que es de Gandalf.,
Subtitles::vx_c00363_p01_plr_v02,Un sombrero de mago. Seguro que es de Gandalf.,
Subtitles::vx_c00363_p01_plr_v03,Un sombrero de mago. Seguro que es de Gandalf.,
Subtitles::vx_c00363_p01_plr_v04,Un sombrero de mago. Seguro que es de Gandalf.,
Subtitles::vx_c00363_p01_plr_v06,Un sombrero de mago. Seguro que es de Gandalf.,
Subtitles::vx_c00363_p01_plr_v07,Un sombrero de mago. Seguro que es de Gandalf.,
Subtitles::vx_c00363_p01_plr_v08,Un sombrero de mago. Seguro que es de Gandalf.,
Subtitles::vx_c00236_p01_nato_v01,Hoy habéis tenido suerte.,
Subtitles::vx_c00236_p01_nato_v02,Hoy habéis tenido suerte.,
Subtitles::vx_c00059_p02_natg_v01,"Ya era hora. Odio a esos forasteros. Vienen aquí, nos roban nuestras cosas.",
Subtitles::vx_c00059_p02_nato_v01,"Ya era hora. Odio a esos forasteros. Vienen aquí, nos roban nuestras cosas.",
Subtitles::vx_c00346_p01_plr_v01,Ay... Pobre.,
Subtitles::vx_c00346_p01_plr_v04,Ay... Pobre.,
Subtitles::vx_c00346_p01_plr_v05,Ay... Pobre.,
Subtitles::vx_c00346_p01_plr_v06,Ay... Pobre.,
Subtitles::vx_c00346_p01_plr_v07,Ay... Pobre.,
Subtitles::vx_c00346_p01_plr_v08,Ay... Pobre.,
Subtitles::vx_c00346_p01_plr_v02,Ay... Pobre.,
Subtitles::vx_c00192_p01_tro_v01,Aj. Odio el sabor de las patas de araña.,
Subtitles::vx_c00105_p01_plr_v01,Aj. ¿Qué es eso?,
Subtitles::vx_c00105_p01_plr_v02,Aj. ¿Qué es eso?,
Subtitles::vx_c00105_p01_plr_v03,Aj. ¿Qué es eso?,
Subtitles::vx_c00105_p01_plr_v04,Aj. ¿Qué es eso?,
Subtitles::vx_c00105_p01_plr_v05,Aj. ¿Qué es eso?,
Subtitles::vx_c00105_p01_plr_v06,Aj. ¿Qué es eso?,
Subtitles::vx_c00105_p01_plr_v07,Aj. ¿Qué es eso?,
Subtitles::vx_c00105_p01_plr_v08,Aj. ¿Qué es eso?,
Subtitles::vx_c00500_p01_plr_v03,"Ah, ja, ja. Sí.",
Subtitles::vx_c00077_p01_plr_v05,Ajá. Mirad esto.,
Subtitles::vx_c00450_p01_plr_v05,Ajá. Yo puedo arreglar esto.,
Subtitles::vx_c00020_p02_plr_v02,Excrementos de troll. Espero que no los hayan encontrado los orcos.,
Subtitles::vx_c00350_p02_plr_v03,"Ah, sí, unas criaturas de auténtica pesadilla.",
Subtitles::vx_c00481_p01_plr_v07,"Vaya, genial, más sombras...",
Subtitles::vx_c00444_p01_plr_v04,"Ay, esto no me viene nada bien para la espalda.",
Subtitles::vx_c00431_p01_plr_v03,"Ay, me han envenenado.",
Subtitles::vx_c00395_p01_plr_v05,Ah. Ahora puedo destruir todas las rocas y maldiciones corrompidas por las sombras.,
Subtitles::vx_c00033_p01_plr_v01,Ah. Las Minas de Moria. Espero que conduzcan a Pozo Oscuro... y a algún que otro tesoro.,
Subtitles::vx_c00033_p01_plr_v02,Ah. Las Minas de Moria. Espero que conduzcan a Pozo Oscuro... y a algún que otro tesoro.,
Subtitles::vx_c00033_p01_plr_v04,Ah. Las Minas de Moria. Espero que conduzcan a Pozo Oscuro... y a algún que otro tesoro.,
Subtitles::vx_c00033_p01_plr_v05,Ah. Las Minas de Moria. Espero que conduzcan a Pozo Oscuro... y a algún que otro tesoro.,
Subtitles::vx_c00033_p01_plr_v06,Ah. Las Minas de Moria. Espero que conduzcan a Pozo Oscuro... y a algún que otro tesoro.,
Subtitles::vx_c00033_p01_plr_v07,Ah. Las Minas de Moria. Espero que conduzcan a Pozo Oscuro... y a algún que otro tesoro.,
Subtitles::vx_c00033_p01_plr_v08,Ah. Las Minas de Moria. Espero que conduzcan a Pozo Oscuro... y a algún que otro tesoro.,
Subtitles::vx_c00487_p01_plr_v05,"Ay. Esta caverna se mueve más que yo, y ya es decir.",
Subtitles::vx_c00390_p01_plr_v05,Ay. Listo. Ya tenemos los cinco fragmentos. Hora de reforjar el hacha de Durin.,
Subtitles::vx_c00266_p01_nato_v02,Ah. Un botín enano bien fresco.,
Subtitles::vx_c00442_p01_plr_v07,Ajá. Qué vistas tan acogedoras.,
Subtitles::vx_c00454_p01_plr_v01,"Ay, un camino nuevo.",
Subtitles::vx_c00454_p01_plr_v02,"Ay, un camino nuevo.",
Subtitles::vx_c00454_p01_plr_v04,"Ay, un camino nuevo.",
Subtitles::vx_c00454_p01_plr_v06,"Ay, un camino nuevo.",
Subtitles::vx_c00454_p01_plr_v07,"Ay, un camino nuevo.",
Subtitles::vx_c00513_p01_plr_v01,De nuevo recio e imponente.,
Subtitles::vx_c00513_p01_plr_v02,De nuevo recio e imponente.,
Subtitles::vx_c00513_p01_plr_v04,De nuevo recio e imponente.,
Subtitles::vx_c00513_p01_plr_v05,De nuevo recio e imponente.,
Subtitles::vx_c00513_p01_plr_v06,De nuevo recio e imponente.,
Subtitles::vx_c00513_p01_plr_v07,De nuevo recio e imponente.,
Subtitles::vx_c00513_p01_plr_v08,De nuevo recio e imponente.,
Subtitles::vx_c00110_p01_plr_v01,Yo sí que te voy a dar «aaaaah».,
Subtitles::vx_c00110_p01_plr_v02,Yo sí que te voy a dar «aaaaah».,
Subtitles::vx_c00110_p01_plr_v03,Yo sí que te voy a dar «aaaaah».,
Subtitles::vx_c00110_p01_plr_v04,Yo sí que te voy a dar «aaaaah».,
Subtitles::vx_c00110_p01_plr_v05,Yo sí que te voy a dar «aaaaah».,
Subtitles::vx_c00110_p01_plr_v06,Yo sí que te voy a dar «aaaaah».,
Subtitles::vx_c00110_p01_plr_v07,Yo sí que te voy a dar «aaaaah».,
Subtitles::vx_c00110_p01_plr_v08,Yo sí que te voy a dar «aaaaah».,
Subtitles::vx_c00123_p01_king_v01,Aaaargggg.,
Subtitles::vx_c00527_p01_plr_v01,"Cerveza para el alma, y el oro para todo lo demás.",
Subtitles::vx_c00527_p01_plr_v02,"Cerveza para el alma, y el oro para todo lo demás.",
Subtitles::vx_c00527_p01_plr_v03,"Cerveza para el alma, y el oro para todo lo demás.",
Subtitles::vx_c00527_p01_plr_v04,"Cerveza para el alma, y el oro para todo lo demás.",
Subtitles::vx_c00527_p01_plr_v05,"Cerveza para el alma, y el oro para todo lo demás.",
Subtitles::vx_c00527_p01_plr_v06,"Cerveza para el alma, y el oro para todo lo demás.",
Subtitles::vx_c00527_p01_plr_v07,"Cerveza para el alma, y el oro para todo lo demás.",
Subtitles::vx_c00527_p01_plr_v08,"Cerveza para el alma, y el oro para todo lo demás.",
Subtitles::vx_c00054_p02_gmen_v02,Lo único que huelo es tu tufo asqueroso.,
Subtitles::vx_c00418_p01_plr_v08,No puedo dejar de pensar en comida.,
Subtitles::vx_c00076_p01_plr_v01,Todo arreglado.,
Subtitles::vx_c00348_p02_plr_v03,"Con todas estas setas, se podría alimentar a un ejército.",
Subtitles::vx_c00403_p02_plr_v07,Estuvo todos estos años aquí sin que nadie supiera de su existencia.,
Subtitles::vx_c00403_p02_plr_v08,Estuvo todos estos años aquí sin que nadie supiera de su existencia.,
Subtitles::vx_c00062_p01_nato_v01,Mira todos esos orcos de fuera… Ya sabes qué hacer.,
Subtitles::vx_c00376_p03_plr_v01,Ya tengo el fragmento del hacha de la caverna de los trolls. Gracias a Durin.,
Subtitles::vx_c00376_p03_plr_v02,Ya tengo el fragmento del hacha de la caverna de los trolls. Gracias a Durin.,
Subtitles::vx_c00376_p03_plr_v03,Ya tengo el fragmento del hacha de la caverna de los trolls. Gracias a Durin.,
Subtitles::vx_c00376_p03_plr_v04,Ya tengo el fragmento del hacha de la caverna de los trolls. Gracias a Durin.,
Subtitles::vx_c00376_p03_plr_v05,Ya tengo el fragmento del hacha de la caverna de los trolls. Gracias a Durin.,
Subtitles::vx_c00376_p03_plr_v06,Ya tengo el fragmento del hacha de la caverna de los trolls. Gracias a Durin.,
Subtitles::vx_c00376_p03_plr_v07,Ya tengo el fragmento del hacha de la caverna de los trolls. Gracias a Durin.,
Subtitles::vx_c00376_p03_plr_v08,Ya tengo el fragmento del hacha de la caverna de los trolls. Gracias a Durin.,
Subtitles::vx_c00484_p01_plr_v05,Muy bien. Ahora toca mantener la calma.,
Subtitles::vx_c00025_p05_plr_v03,"Vale, encontraré el lugar adecuado para excavar un atajo a las minas. Nos vemos pronto, amigo.",
Subtitles::vx_c00025_p05_plr_v01,"Vale, encontraré el lugar adecuado para excavar un atajo a las minas. Nos vemos pronto, amigo.",
Subtitles::vx_c00025_p05_plr_v02,"Vale, encontraré el lugar adecuado para excavar un atajo a las minas. Nos vemos pronto, amigo.",
Subtitles::vx_c00025_p05_plr_v04,"Vale, encontraré el lugar adecuado para excavar un atajo a las minas. Nos vemos pronto, amigo.",
Subtitles::vx_c00025_p05_plr_v05,"Vale, encontraré el lugar adecuado para excavar un atajo a las minas. Nos vemos pronto, amigo.",
Subtitles::vx_c00025_p05_plr_v06,"Vale, encontraré el lugar adecuado para excavar un atajo a las minas. Nos vemos pronto, amigo.",
Subtitles::vx_c00025_p05_plr_v07,"Vale, encontraré el lugar adecuado para excavar un atajo a las minas. Nos vemos pronto, amigo.",
Subtitles::vx_c00025_p05_plr_v08,"Vale, encontraré el lugar adecuado para excavar un atajo a las minas. Nos vemos pronto, amigo.",
Subtitles::vx_c00032_p01_plr_v01,¿Una fragua élfica dentro de un salón élfico en <Subtitle.Italic>Khazad-dûm</>? Creo que me falla la vista.,
Subtitles::vx_c00032_p01_plr_v02,¿Una fragua élfica dentro de un salón élfico en <Subtitle.Italic>Khazad-dûm</>? Creo que me falla la vista.,
Subtitles::vx_c00032_p01_plr_v03,¿Una fragua élfica dentro de un salón élfico en <Subtitle.Italic>Khazad-dûm</>? Creo que me falla la vista.,
Subtitles::vx_c00032_p01_plr_v04,¿Una fragua élfica dentro de un salón élfico en <Subtitle.Italic>Khazad-dûm</>? Creo que me falla la vista.,
Subtitles::vx_c00032_p01_plr_v05,¿Una fragua élfica dentro de un salón élfico en <Subtitle.Italic>Khazad-dûm</>? Creo que me falla la vista.,
Subtitles::vx_c00032_p01_plr_v06,¿Una fragua élfica dentro de un salón élfico en <Subtitle.Italic>Khazad-dûm</>? Creo que me falla la vista.,
Subtitles::vx_c00032_p01_plr_v07,¿Una fragua élfica dentro de un salón élfico en <Subtitle.Italic>Khazad-dûm</>? Creo que me falla la vista.,
Subtitles::vx_c00032_p01_plr_v08,¿Una fragua élfica dentro de un salón élfico en <Subtitle.Italic>Khazad-dûm</>? Creo que me falla la vista.,
Subtitles::vx_c00535_p01_plr_v01,Una fortaleza orca.,
Subtitles::vx_c00536_p01_plr_v02,Una fortaleza orca.,
Subtitles::vx_c00536_p01_plr_v03,Una fortaleza orca.,
Subtitles::vx_c00536_p01_plr_v04,Una fortaleza orca.,
Subtitles::vx_c00536_p01_plr_v05,Una fortaleza orca.,
Subtitles::vx_c00536_p01_plr_v06,Una fortaleza orca.,
Subtitles::vx_c00536_p01_plr_v07,Una fortaleza orca.,
Subtitles::vx_c00536_p01_plr_v08,Una fortaleza orca.,
Subtitles::vx_c00407_p01_plr_v01,Un sello enano ancestral que subyuga a las sombras... Seguro que tiene algo que ver con el deber de la casa de Durin.,
Subtitles::vx_c00407_p01_plr_v02,Un sello enano ancestral que subyuga a las sombras... Seguro que tiene algo que ver con el deber de la casa de Durin.,
Subtitles::vx_c00407_p01_plr_v03,Un sello enano ancestral que subyuga a las sombras... Seguro que tiene algo que ver con el deber de la casa de Durin.,
Subtitles::vx_c00407_p01_plr_v04,Un sello enano ancestral que subyuga a las sombras... Seguro que tiene algo que ver con el deber de la casa de Durin.,
Subtitles::vx_c00407_p01_plr_v05,Un sello enano ancestral que subyuga a las sombras... Seguro que tiene algo que ver con el deber de la casa de Durin.,
Subtitles::vx_c00407_p01_plr_v06,Un sello enano ancestral que subyuga a las sombras... Seguro que tiene algo que ver con el deber de la casa de Durin.,
Subtitles::vx_c00407_p01_plr_v07,Un sello enano ancestral que subyuga a las sombras... Seguro que tiene algo que ver con el deber de la casa de Durin.,
Subtitles::vx_c00407_p01_plr_v08,Un sello enano ancestral que subyuga a las sombras... Seguro que tiene algo que ver con el deber de la casa de Durin.,
Subtitles::vx_c00748_p01_plr_v01,Un terremoto. La montaña está enfadada. Puede que las cosas se hayan movido.,
Subtitles::vx_c00748_p01_plr_v02,Un terremoto. La montaña está enfadada. Puede que las cosas se hayan movido.,
Subtitles::vx_c00748_p01_plr_v03,Un terremoto. La montaña está enfadada. Puede que las cosas se hayan movido.,
Subtitles::vx_c00748_p01_plr_v04,Un terremoto. La montaña está enfadada. Puede que las cosas se hayan movido.,
Subtitles::vx_c00748_p01_plr_v05,Un terremoto. La montaña está enfadada. Puede que las cosas se hayan movido.,
Subtitles::vx_c00748_p01_plr_v06,Un terremoto. La montaña está enfadada. Puede que las cosas se hayan movido.,
Subtitles::vx_c00748_p01_plr_v07,Un terremoto. La montaña está enfadada. Puede que las cosas se hayan movido.,
Subtitles::vx_c00748_p01_plr_v08,Un terremoto. La montaña está enfadada. Puede que las cosas se hayan movido.,
Subtitles::vx_c00086_p07_plr_v03,¿Una antigua biblioteca? La encontraré.,
Subtitles::vx_c00086_p07_plr_v05,¿Una antigua biblioteca? La encontraré.,
Subtitles::vx_c00086_p07_plr_v01,¿Una antigua biblioteca? La encontraré.,
Subtitles::vx_c00086_p07_plr_v02,¿Una antigua biblioteca? La encontraré.,
Subtitles::vx_c00086_p07_plr_v04,¿Una antigua biblioteca? La encontraré.,
Subtitles::vx_c00086_p07_plr_v06,¿Una antigua biblioteca? La encontraré.,
Subtitles::vx_c00086_p07_plr_v07,¿Una antigua biblioteca? La encontraré.,
Subtitles::vx_c00086_p07_plr_v08,¿Una antigua biblioteca? La encontraré.,
Subtitles::vx_c00383_p02_plr_v07,¿Un rey orco? No pensaba que llegaría a ver algo así. Ja.,
Subtitles::vx_c00036_p01_plr_v01,Una fortaleza de los orcos. Hay que destruirla.,
Subtitles::vx_c00036_p01_plr_v02,Una fortaleza de los orcos. Hay que destruirla.,
Subtitles::vx_c00036_p01_plr_v03,Una fortaleza de los orcos. Hay que destruirla.,
Subtitles::vx_c00036_p01_plr_v04,Una fortaleza de los orcos. Hay que destruirla.,
Subtitles::vx_c00036_p01_plr_v05,Una fortaleza de los orcos. Hay que destruirla.,
Subtitles::vx_c00036_p01_plr_v06,Una fortaleza de los orcos. Hay que destruirla.,
Subtitles::vx_c00036_p01_plr_v07,Una fortaleza de los orcos. Hay que destruirla.,
Subtitles::vx_c00036_p01_plr_v08,Una fortaleza de los orcos. Hay que destruirla.,
Subtitles::vx_c00014_p01_plr_v01,Un puesto avanzado de la Compañía de Balin. Podemos refugiarnos aquí.,
Subtitles::vx_c00014_p01_plr_v02,Un puesto avanzado de la Compañía de Balin. Podemos refugiarnos aquí.,
Subtitles::vx_c00014_p01_plr_v03,Un puesto avanzado de la Compañía de Balin. Podemos refugiarnos aquí.,
Subtitles::vx_c00014_p01_plr_v04,Un puesto avanzado de la Compañía de Balin. Podemos refugiarnos aquí.,
Subtitles::vx_c00014_p01_plr_v05,Un puesto avanzado de la Compañía de Balin. Podemos refugiarnos aquí.,
Subtitles::vx_c00014_p01_plr_v06,Un puesto avanzado de la Compañía de Balin. Podemos refugiarnos aquí.,
Subtitles::vx_c00014_p01_plr_v07,Un puesto avanzado de la Compañía de Balin. Podemos refugiarnos aquí.,
Subtitles::vx_c00014_p01_plr_v08,Un puesto avanzado de la Compañía de Balin. Podemos refugiarnos aquí.,
Subtitles::vx_c00310_p01_drgn_v01,Y mataré hasta al último enano.,
Subtitles::vx_c00007_p02_plr_v08,"A pesar de ir con un mago, ellos también se quedaron atrapados aquí.",
Subtitles::vx_c00364_p02_plr_v04,Y aquí compartieron sus grandes destrezas.,
Subtitles::vx_c00401_p03_plr_v05,"Y ahora quiere Moria para ella, ¡y le da igual destruirla por el camino! Jum, hay que detenerla.",
Subtitles::vx_c00401_p03_plr_v01,"Y ahora quiere Moria para ella, ¡y le da igual destruirla por el camino! Hay que detenerla.",
Subtitles::vx_c00401_p03_plr_v02,"Y ahora quiere Moria para ella, ¡y le da igual destruirla por el camino! Hay que detenerla.",
Subtitles::vx_c00401_p03_plr_v03,"Y ahora quiere Moria para ella, ¡y le da igual destruirla por el camino! Hay que detenerla.",
Subtitles::vx_c00401_p03_plr_v04,"Y ahora quiere Moria para ella, ¡y le da igual destruirla por el camino! Hay que detenerla.",
Subtitles::vx_c00401_p03_plr_v06,"Y ahora quiere Moria para ella, ¡y le da igual destruirla por el camino! Hay que detenerla.",
Subtitles::vx_c00401_p03_plr_v07,"Y ahora quiere Moria para ella, ¡y le da igual destruirla por el camino! Hay que detenerla.",
Subtitles::vx_c00401_p03_plr_v08,"Y ahora quiere Moria para ella, ¡y le da igual destruirla por el camino! Hay que detenerla.",
Subtitles::vx_c00385_p02_plr_v01,Y ahora se enfrentan a los demás orcos.,
Subtitles::vx_c00153_p03_gun_v01,Y ahora estamos atrapados. Rotslog tiene los días contados.,
Subtitles::vx_c00076_p01_plr_v02,Esto ya se puede usar.,
Subtitles::vx_c00555_p01_plr_v05,Y ni te muevas. Ja.,
Subtitles::vx_c00692_p01_plr_v01,Otro campamento de exploradores.,
Subtitles::vx_c00692_p01_plr_v02,Otro campamento de exploradores.,
Subtitles::vx_c00692_p01_plr_v03,Otro campamento de exploradores.,
Subtitles::vx_c00692_p01_plr_v04,Otro campamento de exploradores.,
Subtitles::vx_c00692_p01_plr_v05,Otro campamento de exploradores.,
Subtitles::vx_c00692_p01_plr_v06,Otro campamento de exploradores.,
Subtitles::vx_c00692_p01_plr_v07,Otro campamento de exploradores.,
Subtitles::vx_c00692_p01_plr_v08,Otro campamento de exploradores.,
Subtitles::vx_c00040_p01_plr_v01,¡Otro puesto avanzado de Balin.,
Subtitles::vx_c00040_p01_plr_v02,¡Otro puesto avanzado de Balin.,
Subtitles::vx_c00040_p01_plr_v03,¡Otro puesto avanzado de Balin.,
Subtitles::vx_c00040_p01_plr_v04,¡Otro puesto avanzado de Balin.,
Subtitles::vx_c00040_p01_plr_v05,¡Otro puesto avanzado de Balin.,
Subtitles::vx_c00040_p01_plr_v06,¡Otro puesto avanzado de Balin.,
Subtitles::vx_c00040_p01_plr_v07,¡Otro puesto avanzado de Balin.,
Subtitles::vx_c00040_p01_plr_v08,¡Otro puesto avanzado de Balin.,
Subtitles::vx_c00042_p01_plr_v01,Otro fragmento del hacha de Durin. Está en algún lugar de las profundidades de la mina.,
Subtitles::vx_c00042_p01_plr_v02,Otro fragmento del hacha de Durin. Está en algún lugar de las profundidades de la mina.,
Subtitles::vx_c00042_p01_plr_v03,Otro fragmento del hacha de Durin. Está en algún lugar de las profundidades de la mina.,
Subtitles::vx_c00042_p01_plr_v04,Otro fragmento del hacha de Durin. Está en algún lugar de las profundidades de la mina.,
Subtitles::vx_c00042_p01_plr_v05,Otro fragmento del hacha de Durin. Está en algún lugar de las profundidades de la mina.,
Subtitles::vx_c00042_p01_plr_v06,Otro fragmento del hacha de Durin. Está en algún lugar de las profundidades de la mina.,
Subtitles::vx_c00042_p01_plr_v07,Otro fragmento del hacha de Durin. Está en algún lugar de las profundidades de la mina.,
Subtitles::vx_c00042_p01_plr_v08,Otro fragmento del hacha de Durin. Está en algún lugar de las profundidades de la mina.,
Subtitles::vx_c00401_p02_plr_v04,Otro terrible secreto de Sauron.,
Subtitles::vx_c00462_p01_plr_v01,Aragorn acampó aquí.,
Subtitles::vx_c00462_p01_plr_v02,Aragorn acampó aquí.,
Subtitles::vx_c00462_p01_plr_v03,Aragorn acampó aquí.,
Subtitles::vx_c00462_p01_plr_v04,Aragorn acampó aquí.,
Subtitles::vx_c00462_p01_plr_v05,Aragorn acampó aquí.,
Subtitles::vx_c00462_p01_plr_v06,Aragorn acampó aquí.,
Subtitles::vx_c00462_p01_plr_v07,Aragorn acampó aquí.,
Subtitles::vx_c00462_p01_plr_v08,Aragorn acampó aquí.,
Subtitles::vx_c00168_p02_deepg_v02,¿Son divertidos de cazar?,
Subtitles::vx_c00085_p01_plr_v01,¿Eres parte de nuestro campamento?,
Subtitles::vx_c00085_p01_plr_v02,¿Eres parte de nuestro campamento?,
Subtitles::vx_c00085_p01_plr_v03,¿Eres parte de nuestro campamento?,
Subtitles::vx_c00085_p01_plr_v04,¿Eres parte de nuestro campamento?,
Subtitles::vx_c00085_p01_plr_v05,¿Eres parte de nuestro campamento?,
Subtitles::vx_c00085_p01_plr_v06,¿Eres parte de nuestro campamento?,
Subtitles::vx_c00085_p01_plr_v07,¿Eres parte de nuestro campamento?,
Subtitles::vx_c00085_p01_plr_v08,¿Eres parte de nuestro campamento?,
Subtitles::vx_c00199_p01_tro_v01,Argh. He perdido mi garra favorita.,
Subtitles::vx_c00092_p01_plr_v01,Aric. Ya está. La dragona ha muerto.,
Subtitles::vx_c00092_p01_plr_v02,Aric. Ya está. La dragona ha muerto.,
Subtitles::vx_c00092_p01_plr_v03,Aric. Ya está. La dragona ha muerto.,
Subtitles::vx_c00092_p01_plr_v04,Aric. Ya está. La dragona ha muerto.,
Subtitles::vx_c00092_p01_plr_v05,Aric. Ya está. La dragona ha muerto.,
Subtitles::vx_c00092_p01_plr_v06,Aric. Ya está. La dragona ha muerto.,
Subtitles::vx_c00092_p01_plr_v07,Aric. Ya está. La dragona ha muerto.,
Subtitles::vx_c00092_p01_plr_v08,Aric. Ya está. La dragona ha muerto.,
Subtitles::vx_c00046_p01_plr_v01,Aric. Me alegro de verte. Todos los caminos conducen a más maldiciones.,
Subtitles::vx_c00046_p01_plr_v02,Aric. Me alegro de verte. Todos los caminos conducen a más maldiciones.,
Subtitles::vx_c00046_p01_plr_v03,Aric. Me alegro de verte. Todos los caminos conducen a más maldiciones.,
Subtitles::vx_c00046_p01_plr_v04,Aric. Me alegro de verte. Todos los caminos conducen a más maldiciones.,
Subtitles::vx_c00046_p01_plr_v05,Aric. Me alegro de verte. Todos los caminos conducen a más maldiciones.,
Subtitles::vx_c00046_p01_plr_v06,Aric. Me alegro de verte. Todos los caminos conducen a más maldiciones.,
Subtitles::vx_c00046_p01_plr_v08,Aric. Me alegro de verte. Todos los caminos conducen a más maldiciones.,
Subtitles::vx_c00046_p01_plr_v07,Aric. Me alegro de verte. Todos los caminos de por aquí conducen a más maldiciones.,
Subtitles::vx_c00086_p01_plr_v01,Aric. Cuánto tiempo.,
Subtitles::vx_c00086_p01_plr_v02,Aric. Cuánto tiempo.,
Subtitles::vx_c00086_p01_plr_v03,Aric. Cuánto tiempo.,
Subtitles::vx_c00086_p01_plr_v04,Aric. Cuánto tiempo.,
Subtitles::vx_c00086_p01_plr_v05,Aric. Cuánto tiempo.,
Subtitles::vx_c00086_p01_plr_v06,Aric. Cuánto tiempo.,
Subtitles::vx_c00086_p01_plr_v07,Aric. Cuánto tiempo.,
Subtitles::vx_c00086_p01_plr_v08,Aric. Cuánto tiempo.,
Subtitles::vx_c00411_p01_plr_v07,"Aric. Menudo regreso a Moria, ¿eh? ¿Te unirás al rey Thorin en su regreso a Erebor?",
Subtitles::vx_c00089_p01_plr_v01,Aric. Aquí hay una dragona. Una dragona.,
Subtitles::vx_c00089_p01_plr_v02,Aric. Aquí hay una dragona. Una dragona.,
Subtitles::vx_c00089_p01_plr_v03,Aric. Aquí hay una dragona. Una dragona.,
Subtitles::vx_c00089_p01_plr_v04,Aric. Aquí hay una dragona. Una dragona.,
Subtitles::vx_c00089_p01_plr_v05,Aric. Aquí hay una dragona. Una dragona.,
Subtitles::vx_c00089_p01_plr_v06,Aric. Aquí hay una dragona. Una dragona.,
Subtitles::vx_c00089_p01_plr_v07,Aric. Aquí hay una dragona. Una dragona.,
Subtitles::vx_c00089_p01_plr_v08,Aric. Aquí hay una dragona. Una dragona.,
Subtitles::vx_c00411_p01_plr_v01,"Aric. Menudo regreso a Moria, ¿eh? ¿Te unirás al rey Thorin en su regreso a Erebor?",
Subtitles::vx_c00411_p01_plr_v02,"Aric. Menudo regreso a Moria, ¿eh? ¿Te unirás al rey Thorin en su regreso a Erebor?",
Subtitles::vx_c00411_p01_plr_v04,"Aric. Menudo regreso a Moria, ¿eh? ¿Te unirás al rey Thorin en su regreso a Erebor?",
Subtitles::vx_c00411_p01_plr_v05,"Aric. Menudo regreso a Moria, ¿eh? ¿Te unirás al rey Thorin en su regreso a Erebor?",
Subtitles::vx_c00411_p01_plr_v06,"Aric. Menudo regreso a Moria, ¿eh? ¿Te unirás al rey Thorin en su regreso a Erebor?",
Subtitles::vx_c00411_p01_plr_v08,"Aric. Menudo regreso a Moria, ¿eh? ¿Te unirás al rey Thorin en su regreso a Erebor?",
Subtitles::vx_c00411_p01_plr_v03,"Aric. Menudo regreso a Moria, ¿eh? ¿Te unirás al rey Thorin en su regreso a Erebor?",
Subtitles::vx_c00090_p01_plr_v01,Aric. ¿Traes noticias del rey?,
Subtitles::vx_c00090_p01_plr_v02,Aric. ¿Traes noticias del rey?,
Subtitles::vx_c00090_p01_plr_v03,Aric. ¿Traes noticias del rey?,
Subtitles::vx_c00090_p01_plr_v04,Aric. ¿Traes noticias del rey?,
Subtitles::vx_c00090_p01_plr_v05,Aric. ¿Traes noticias del rey?,
Subtitles::vx_c00090_p01_plr_v06,Aric. ¿Traes noticias del rey?,
Subtitles::vx_c00090_p01_plr_v07,Aric. ¿Traes noticias del rey?,
Subtitles::vx_c00090_p01_plr_v08,Aric. ¿Traes noticias del rey?,
Subtitles::vx_c00013_p01_plr_v01,Aric. ¿Alguna novedad?,
Subtitles::vx_c00013_p01_plr_v02,Aric. ¿Alguna novedad?,
Subtitles::vx_c00013_p01_plr_v03,Aric. ¿Alguna novedad?,
Subtitles::vx_c00013_p01_plr_v04,Aric. ¿Alguna novedad?,
Subtitles::vx_c00013_p01_plr_v05,Aric. ¿Alguna novedad?,
Subtitles::vx_c00013_p01_plr_v06,Aric. ¿Alguna novedad?,
Subtitles::vx_c00013_p01_plr_v07,Aric. ¿Alguna novedad?,
Subtitles::vx_c00013_p01_plr_v08,Aric. ¿Alguna novedad?,
Subtitles::vx_c00519_p01_plr_v01,"Armas hasta los dientes, todo listo para la batalla.",
Subtitles::vx_c00519_p01_plr_v02,"Armas hasta los dientes, todo listo para la batalla.",
Subtitles::vx_c00519_p01_plr_v03,"Armas hasta los dientes, todo listo para la batalla.",
Subtitles::vx_c00519_p01_plr_v04,"Armas hasta los dientes, todo listo para la batalla.",
Subtitles::vx_c00519_p01_plr_v05,"Armas hasta los dientes, todo listo para la batalla.",
Subtitles::vx_c00519_p01_plr_v06,"Armas hasta los dientes, todo listo para la batalla.",
Subtitles::vx_c00519_p01_plr_v07,"Armas hasta los dientes, todo listo para la batalla.",
Subtitles::vx_c00519_p01_plr_v08,"Armas hasta los dientes, todo listo para la batalla.",
Subtitles::vx_c00064_p02_plr_v07,Mientras no nos moleste.,
Subtitles::vx_c00345_p02_plr_v03,Mientras nos lleve a Pozo Oscuro…,
Subtitles::vx_c00723_p02_plr_v04,Mientras lleven al puente de <Subtitle.Italic>Khazad-dûm</>.,
Subtitles::vx_c00723_p02_plr_v06,Al menos no hay trolls por el camino.,
Subtitles::vx_c00391_p02_plr_v03,Al menos tenemos una pista que seguir.,
Subtitles::vx_c00441_p01_plr_v01,A tu servicio.,
Subtitles::vx_c00441_p01_plr_v02,A tu servicio.,
Subtitles::vx_c00441_p01_plr_v03,A tu servicio.,
Subtitles::vx_c00441_p01_plr_v04,A tu servicio.,
Subtitles::vx_c00441_p01_plr_v05,A tu servicio.,
Subtitles::vx_c00441_p01_plr_v06,A tu servicio.,
Subtitles::vx_c00441_p01_plr_v07,A tu servicio.,
Subtitles::vx_c00441_p01_plr_v08,A tu servicio.,
Subtitles::vx_c00226_p01_deepg_v01,Al ataque.,
Subtitles::vx_c00226_p01_deepo_v01,Al ataque.,
Subtitles::vx_c00226_p01_natg_v01,Al ataque.,
Subtitles::vx_c00226_p01_natg_v02,Al ataque.,
Subtitles::vx_c00226_p01_nato_v01,Al ataque.,
Subtitles::vx_c00226_p01_nato_v02,Al ataque.,
Subtitles::vx_c00226_p01_redo_v01,Al ataque.,
Subtitles::vx_c00226_p01_redo_v02,Al ataque.,
Subtitles::vx_c00226_p01_redu_v01,Al ataque.,
Subtitles::vx_c00226_p01_redu_v02,Al ataque.,
Subtitles::vx_c00226_p01_gmen_v01,Atacad. Ahora.,
Subtitles::vx_c00226_p01_gmen_v02,Atacad. Ahora.,
Subtitles::vx_c00226_p01_gun_v01,Atacad. Ahora.,
Subtitles::vx_c00226_p01_gun_v02,Atacad. Ahora.,
Subtitles::vx_c00226_p01_shdw_v01,Atacad. Ahora.,
Subtitles::vx_c00226_p01_shdw_v02,Atacad. Ahora.,
Subtitles::vx_c00576_p01_plr_v01,Atacad. Ahora.,
Subtitles::vx_c00576_p01_plr_v02,Atacad. Ahora.,
Subtitles::vx_c00576_p01_plr_v03,Atacad. Ahora.,
Subtitles::vx_c00576_p01_plr_v04,Atacad. Ahora.,
Subtitles::vx_c00576_p01_plr_v05,Atacad. Ahora.,
Subtitles::vx_c00576_p01_plr_v06,Atacad. Ahora.,
Subtitles::vx_c00576_p01_plr_v07,Atacad. Ahora.,
Subtitles::vx_c00576_p01_plr_v08,Atacad. Ahora.,
Subtitles::vx_c00360_p02_plr_v07,Aulë lo sabía y planeó esto. Para nosotros.,
Subtitles::vx_c00628_p01_nato_v01,"Ay, mi siestecita.",
Subtitles::vx_c00628_p01_nato_v02,"Ay, mi siestecita.",
Subtitles::vx_c00630_p01_gun_v01,"(gruñe para sí) Ay, mi siestecita…",
Subtitles::vx_c00630_p01_gun_v02,"(gruñe para sí) Ay, mi siestecita…",
Subtitles::vx_c00190_p01_tro_v01,Ah… He aplastado mi comida.,
Subtitles::vx_c00348_p02_plr_v04,Preparad las hachas. Quién sabe lo que acecha por aquí.,
Subtitles::vx_c00695_p01_plr_v07,"Sí, tengo que buscar el fragmento del hacha de Durin por aquí.",
Subtitles::vx_c00007_p02_plr_v03,"Sí, y esas puertas también se bloquearon entonces.",
Subtitles::vx_c00111_p01_plr_v07,Eso es. De vuelta a las profundidades.,
Subtitles::vx_c00511_p01_plr_v02,"Ja, menudo edificio imponente.",
Subtitles::vx_c00089_p09_plr_v02,"Sí, la Cámara del Conocimiento no está lejos de aquí. Gracias, Aric. Buen vuelo.",
Subtitles::vx_c00364_p02_plr_v07,Sí. Recuerdo haber oído esas historias.,
Subtitles::vx_c00607_p01_plr_v07,Eso. Vuelve corriendo a Gundabad.,
Subtitles::vx_c00357_p03_plr_v02,"Sí. Da pena pensar en lo que pasaron los refugiados, pero los conocimientos de herrería que nos transmitieron tienen un valor incalculable.",
Subtitles::vx_c00525_p01_plr_v02,Ay. Mi barriga estará encantada con esto.,
Subtitles::vx_c00348_p02_plr_v02,Sí. Hay tantas cosas por explorar aquí.,
Subtitles::vx_c00357_p02_plr_v04,"Sí, hicieron de los abismos inferiores un lugar digno de los enanos.",
Subtitles::vx_c00358_p02_plr_v06,"Sí, está claro que tienen una misión.",
Subtitles::vx_c00384_p03_plr_v04,"Sí, algún día, los enanos volverán a poblar este lugar.",
Subtitles::vx_c00173_p01_shdw_v02,De vuelta al trabajo.,
Subtitles::vx_c00501_p01_plr_v01,De vuelta al trabajo.,
Subtitles::vx_c00501_p01_plr_v02,De vuelta al trabajo.,
Subtitles::vx_c00501_p01_plr_v03,De vuelta al trabajo.,
Subtitles::vx_c00501_p01_plr_v04,De vuelta al trabajo.,
Subtitles::vx_c00501_p01_plr_v05,De vuelta al trabajo.,
Subtitles::vx_c00501_p01_plr_v06,De vuelta al trabajo.,
Subtitles::vx_c00501_p01_plr_v07,De vuelta al trabajo.,
Subtitles::vx_c00501_p01_plr_v08,De vuelta al trabajo.,
Subtitles::vx_c00588_p01_plr_v01,"Atrás, escoria.",
Subtitles::vx_c00588_p01_plr_v02,"Atrás, escoria.",
Subtitles::vx_c00588_p01_plr_v03,"Atrás, escoria.",
Subtitles::vx_c00588_p01_plr_v04,"Atrás, escoria.",
Subtitles::vx_c00588_p01_plr_v05,"Atrás, escoria.",
Subtitles::vx_c00588_p01_plr_v06,"Atrás, escoria.",
Subtitles::vx_c00588_p01_plr_v07,"Atrás, escoria.",
Subtitles::vx_c00588_p01_plr_v08,"Atrás, escoria.",
Subtitles::vx_c00235_p01_deepg_v02,Atrás.,
Subtitles::vx_c00237_p01_shdw_v02,Atrás. Volvamos junto a ella.,
Subtitles::vx_c00251_p01_tro_v01,Orco malo.,
Subtitles::vx_c00529_p01_plr_v01,"Puaj, qué asco.",
Subtitles::vx_c00529_p01_plr_v02,"Puaj, qué asco.",
Subtitles::vx_c00529_p01_plr_v03,"Puaj, qué asco.",
Subtitles::vx_c00529_p01_plr_v04,"Puaj, qué asco.",
Subtitles::vx_c00529_p01_plr_v05,"Puaj, qué asco.",
Subtitles::vx_c00529_p01_plr_v06,"Puaj, qué asco.",
Subtitles::vx_c00529_p01_plr_v07,"Puaj, qué asco.",
Subtitles::vx_c00529_p01_plr_v08,"Puaj, qué asco.",
Subtitles::vx_c00202_p01_tro_v01,A por ellos.,
Subtitles::vx_c00473_p01_plr_v01,"Descansa, <Subtitle.Italic>Khazad</>.",
Subtitles::vx_c00473_p01_plr_v02,"Descansa, <Subtitle.Italic>Khazad</>.",
Subtitles::vx_c00473_p01_plr_v03,"Descansa, <Subtitle.Italic>Khazad</>.",
Subtitles::vx_c00473_p01_plr_v04,"Descansa, <Subtitle.Italic>Khazad</>.",
Subtitles::vx_c00473_p01_plr_v05,"Descansa, <Subtitle.Italic>Khazad</>.",
Subtitles::vx_c00473_p01_plr_v06,"Descansa, <Subtitle.Italic>Khazad</>.",
Subtitles::vx_c00473_p01_plr_v07,"Descansa, <Subtitle.Italic>Khazad</>.",
Subtitles::vx_c00473_p01_plr_v08,"Descansa, <Subtitle.Italic>Khazad</>.",
Subtitles::vx_c00247_p01_shdw_v01,Bestia.,
Subtitles::vx_c00247_p01_shdw_v02,Bestia.,
Subtitles::vx_c00540_p01_plr_v01,Bestias de las profundidades.,
Subtitles::vx_c00540_p01_plr_v02,Bestias de las profundidades.,
Subtitles::vx_c00540_p01_plr_v03,Bestias de las profundidades.,
Subtitles::vx_c00540_p01_plr_v04,Bestias de las profundidades.,
Subtitles::vx_c00540_p01_plr_v05,Bestias de las profundidades.,
Subtitles::vx_c00540_p01_plr_v06,Bestias de las profundidades.,
Subtitles::vx_c00540_p01_plr_v07,Bestias de las profundidades.,
Subtitles::vx_c00540_p01_plr_v08,Bestias de las profundidades.,
Subtitles::vx_c00350_p01_plr_v01,Es mejor andarse con ojo. Se dice que en el Abismo Oscuro acechan las bestias sin nombre.,
Subtitles::vx_c00350_p01_plr_v02,Es mejor andarse con ojo. Se dice que en el Abismo Oscuro acechan las bestias sin nombre.,
Subtitles::vx_c00350_p01_plr_v03,Es mejor andarse con ojo. Se dice que en el Abismo Oscuro acechan las bestias sin nombre.,
Subtitles::vx_c00350_p01_plr_v04,Es mejor andarse con ojo. Se dice que en el Abismo Oscuro acechan las bestias sin nombre.,
Subtitles::vx_c00350_p01_plr_v05,Es mejor andarse con ojo. Se dice que en el Abismo Oscuro acechan las bestias sin nombre.,
Subtitles::vx_c00350_p01_plr_v06,Es mejor andarse con ojo. Se dice que en el Abismo Oscuro acechan las bestias sin nombre.,
Subtitles::vx_c00350_p01_plr_v07,Es mejor andarse con ojo. Se dice que en el Abismo Oscuro acechan las bestias sin nombre.,
Subtitles::vx_c00350_p01_plr_v08,Es mejor andarse con ojo. Se dice que en el Abismo Oscuro acechan las bestias sin nombre.,
Subtitles::vx_c00484_p01_plr_v01,Más vale que tenga cuidado.,
Subtitles::vx_c00385_p02_plr_v06,Seguro que desean estar de nuevo en Gundabad.,
Subtitles::vx_c00031_p01_plr_v01,Apuesto a que podríamos volver a encender esta fragua.,
Subtitles::vx_c00031_p01_plr_v02,Apuesto a que podríamos volver a encender esta fragua.,
Subtitles::vx_c00031_p01_plr_v04,Apuesto a que podríamos volver a encender esta fragua.,
Subtitles::vx_c00031_p01_plr_v05,Apuesto a que podríamos volver a encender esta fragua.,
Subtitles::vx_c00031_p01_plr_v06,Apuesto a que podríamos volver a encender esta fragua.,
Subtitles::vx_c00031_p01_plr_v07,Apuesto a que podríamos volver a encender esta fragua.,
Subtitles::vx_c00031_p01_plr_v08,Apuesto a que podríamos volver a encender esta fragua.,
Subtitles::vx_c00345_p02_plr_v08,"Cuanto más abajo, mejor es el botín. Eso lo sabe todo el mundo.",
Subtitles::vx_c00448_p01_plr_v05,Toca hacer hueco para esto.,
Subtitles::vx_c00507_p01_plr_v01,Mejor no malgasto saliva.,
Subtitles::vx_c00507_p01_plr_v02,Mejor no malgasto saliva.,
Subtitles::vx_c00507_p01_plr_v03,Mejor no malgasto saliva.,
Subtitles::vx_c00507_p01_plr_v04,Mejor no malgasto saliva.,
Subtitles::vx_c00507_p01_plr_v05,Mejor no malgasto saliva.,
Subtitles::vx_c00507_p01_plr_v08,Mejor no malgasto saliva.,
Subtitles::vx_c00082_p01_plr_v04,Sacad esas armas. Hay enemigos cerca.,
Subtitles::vx_c00059_p01_natg_v02,El jefe está enfadado. Creo que quiere atacar a esa panda de Mordor.,
Subtitles::vx_c00059_p01_nato_v02,El jefe está enfadado. Creo que quiere atacar a esa panda de Mordor.,
Subtitles::vx_c00058_p01_natg_v01,El jefe dice que recuperaremos Moria.,
Subtitles::vx_c00058_p01_nato_v01,El jefe dice que recuperaremos Moria.,
Subtitles::vx_c00109_p01_plr_v03,El arco es inútil. Necesito un arma más potente.,
Subtitles::vx_c00109_p01_plr_v02,El arco es inútil. Necesito un arma más potente.,
Subtitles::vx_c00109_p01_plr_v04,El arco es inútil. Necesito un arma más potente.,
Subtitles::vx_c00109_p01_plr_v05,El arco es inútil. Necesito un arma más potente.,
Subtitles::vx_c00109_p01_plr_v06,El arco es inútil. Necesito un arma más potente.,
Subtitles::vx_c00109_p01_plr_v07,El arco es inútil. Necesito un arma más potente.,
Subtitles::vx_c00109_p01_plr_v08,El arco es inútil. Necesito un arma más potente.,
Subtitles::vx_c00109_p01_plr_v01,El arco es inútil. Necesito un arma más potente.<lf>,
Subtitles::vx_c00263_p01_deepo_v01,A romper las cosas de los enanos.,
Subtitles::vx_c00263_p01_deepg_v01,A destruir las cosas de los enanos.,
Subtitles::vx_c000741_p01_nato_v01,"Echadlo todo abajo. Ja, ja, ja. Matad a todos los enanos.",
Subtitles::vx_c00741_p01_deepo_v01,"Echadlo todo abajo. Ja, ja, ja. Matad a todos los enanos.",
Subtitles::vx_c00741_p01_gmen_v01,"Echadlo todo abajo. Ja, ja, ja. Matad a todos los enanos.",
Subtitles::vx_c00741_p01_gmen_v02,"Echadlo todo abajo. Ja, ja, ja. Matad a todos los enanos.",
Subtitles::vx_c00741_p01_gun_v02,"Echadlo todo abajo. Ja, ja, ja. Matad a todos los enanos.",
Subtitles::vx_c00741_p01_nato_v02,"Echadlo todo abajo. Ja, ja, ja. Matad a todos los enanos.",
Subtitles::vx_c00741_p01_redu_v01,"Echadlo todo abajo. Ja, ja, ja. Matad a todos los enanos.",
Subtitles::vx_c00741_p01_redu_v02,"Echadlo todo abajo. Ja, ja, ja. Matad a todos los enanos.",
Subtitles::vx_c00741_p01_shdw_v02,Echadlo todo abajo. Matad a los enanos.,
Subtitles::vx_c00215_p01_tro_v01,Te voy a hacer pedazos.,
Subtitles::vx_c00615_p01_natg_v01,Traedme al grandullón y despellejad a los enanos...,
Subtitles::vx_c00615_p01_natg_v02,Traedme al grandullón y despellejad a los enanos...,
Subtitles::vx_c00428_p01_plr_v07,Brrr. Se me congelan los bigotes.,
Subtitles::vx_c00263_p01_gmen_v01,Es como un enano: fácil de romper.,
Subtitles::vx_c00263_p01_gmen_v02,Es como un enano: fácil de romper. Ja.,
Subtitles::vx_c00518_p01_plr_v01,Bien construido. Está genial.,
Subtitles::vx_c00149_p03_redo_v02,"Pero es una criatura ancestral, más antigua que el señor.",
Subtitles::vx_c00149_p03_redu_v02,"Pero es una criatura ancestral, más antigua que el señor.",
Subtitles::vx_c00361_p02_plr_v06,¿Pero para qué sirve?,
Subtitles::vx_c00360_p03_plr_v01,Por la voluntad de Aulë. Los de la casa de Durin... estamos aquí para someter a la sombra.,
Subtitles::vx_c00360_p03_plr_v02,Por la voluntad de Aulë. Los de la casa de Durin... estamos aquí para someter a la sombra.,
Subtitles::vx_c00360_p03_plr_v03,Por la voluntad de Aulë. Los de la casa de Durin... estamos aquí para someter a la sombra.,
Subtitles::vx_c00360_p03_plr_v04,Por la voluntad de Aulë. Los de la casa de Durin... estamos aquí para someter a la sombra.,
Subtitles::vx_c00360_p03_plr_v05,Por la voluntad de Aulë. Los de la casa de Durin... estamos aquí para someter a la sombra.,
Subtitles::vx_c00360_p03_plr_v06,Por la voluntad de Aulë. Los de la casa de Durin... estamos aquí para someter a la sombra.,
Subtitles::vx_c00360_p03_plr_v07,Por la voluntad de Aulë. Los de la casa de Durin... estamos aquí para someter a la sombra.,
Subtitles::vx_c00360_p03_plr_v08,Por la voluntad de Aulë. Los de la casa de Durin... estamos aquí para someter a la sombra.,
Subtitles::vx_c00400_p02_plr_v02,Por Aulë... ¡Esto es precioso!,
Subtitles::vx_c00020_p02_plr_v03,"Por Durin, esperemos que las investigaciones de Ori sean correctas.",
Subtitles::vx_c00064_p03_plr_v01,"Por mi hacha, no me apetece nada averiguar quién es.",
Subtitles::vx_c00064_p03_plr_v02,"Por mi hacha, no me apetece nada averiguar quién es.",
Subtitles::vx_c00064_p03_plr_v03,"Por mi hacha, no me apetece nada averiguar quién es.",
Subtitles::vx_c00064_p03_plr_v04,"Por mi hacha, no me apetece nada averiguar quién es.",
Subtitles::vx_c00064_p03_plr_v05,"Por mi hacha, no me apetece nada averiguar quién es.",
Subtitles::vx_c00064_p03_plr_v06,"Por mi hacha, no me apetece nada averiguar quién es.",
Subtitles::vx_c00064_p03_plr_v07,"Por mi hacha, no me apetece nada averiguar quién es.",
Subtitles::vx_c00064_p03_plr_v08,"Por mi hacha, no me apetece nada averiguar quién es.",
Subtitles::vx_c00098_p01_bolg_v01,Ven aquí a que te parta la cabeza como un buen enano.,
Subtitles::vx_c00229_p01_nato_v01,"Ven aquí, barbudo.",
Subtitles::vx_c00229_p01_nato_v02,"Ven aquí, barbudo.",
Subtitles::vx_c00206_p01_tro_v01,Tú. Ven aquí.,
Subtitles::vx_c00229_p01_deepg_v02,Ven aquí.,
Subtitles::vx_c00229_p01_redo_v01,Ven aquí.,
Subtitles::vx_c00229_p01_redo_v02,Ven aquí.,
Subtitles::vx_c00452_p01_plr_v01,No puedo romper eso.,
Subtitles::vx_c00452_p01_plr_v02,No puedo romper eso.,
Subtitles::vx_c00452_p01_plr_v03,No puedo romper eso.,
Subtitles::vx_c00452_p01_plr_v06,No puedo romper eso.,
Subtitles::vx_c00452_p01_plr_v07,No puedo romper eso.,
Subtitles::vx_c00452_p01_plr_v08,No puedo romper eso.,
Subtitles::vx_c00451_p01_plr_v01,No puedo excavar aquí.,
Subtitles::vx_c00451_p01_plr_v02,No puedo excavar aquí.,
Subtitles::vx_c00451_p01_plr_v03,No puedo excavar aquí.,
Subtitles::vx_c00451_p01_plr_v04,No puedo excavar aquí.,
Subtitles::vx_c00451_p01_plr_v06,No puedo excavar aquí.,
Subtitles::vx_c00451_p01_plr_v07,No puedo excavar aquí.,
Subtitles::vx_c00451_p01_plr_v08,No puedo excavar aquí.,
Subtitles::vx_c00232_p01_gun_v01,No escaparéis.,
Subtitles::vx_c00006_p02_plr_v05,No se puede entrar ni salir. Al viejo Narvi no le gustaría esto.,
Subtitles::vx_c00424_p01_plr_v02,No aguantaré mucho más.,
Subtitles::vx_c00416_p01_plr_v08,No puedo... seguir... mucho más...,
Subtitles::vx_c00361_p02_plr_v05,No han podido ser los saqueadores.,
Subtitles::vx_c00533_p01_plr_v01,Aquí no puedo plantar nada.,
Subtitles::vx_c00533_p01_plr_v03,Aquí no puedo plantar nada.,
Subtitles::vx_c00533_p01_plr_v04,Aquí no puedo plantar nada.,
Subtitles::vx_c00533_p01_plr_v05,Aquí no puedo plantar nada.,
Subtitles::vx_c00533_p01_plr_v06,Aquí no puedo plantar nada.,
Subtitles::vx_c00533_p01_plr_v07,Aquí no puedo plantar nada.,
Subtitles::vx_c00533_p01_plr_v08,Aquí no puedo plantar nada.,
Subtitles::vx_c00233_p01_shdw_v02,No podéis escapar.,
Subtitles::vx_c00223_p01_deepg_v02,En algún momento tendrás que salir.,
Subtitles::vx_c00223_p01_deepo_v01,En algún momento tendrás que salir.,
Subtitles::vx_c00223_p01_deepo_v02,En algún momento tendrás que salir.,
Subtitles::vx_c00850_p01_plr_v01,No puedo irme todavía. Aún tengo cosas que hacer.,
Subtitles::vx_c00850_p01_plr_v04,No puedo irme todavía. Aún tengo cosas que hacer.,
Subtitles::vx_c00850_p01_plr_v06,No puedo irme todavía. Aún tengo cosas que hacer.,
Subtitles::vx_c00850_p01_plr_v07,No puedo irme todavía. Aún tengo cosas que hacer.,
Subtitles::vx_c00850_p01_plr_v02,No puedo irme aún. Todavía no he terminado aquí.,
Subtitles::vx_c00850_p01_plr_v08,No puedo irme aún. Todavía no he terminado aquí.,
Subtitles::vx_c00178_p01_redo_v01,El capitán te estaba buscando.,
Subtitles::vx_c00178_p01_redu_v01,El capitán te está buscando.,
Subtitles::vx_c00398_p01_plr_v01,Caradhras el Cruel. Espero que nos hayas perdonado.,
Subtitles::vx_c00398_p01_plr_v02,Caradhras el Cruel. Espero que nos hayas perdonado.,
Subtitles::vx_c00398_p01_plr_v03,Caradhras el Cruel. Espero que nos hayas perdonado.,
Subtitles::vx_c00398_p01_plr_v04,Caradhras el Cruel. Espero que nos hayas perdonado.,
Subtitles::vx_c00398_p01_plr_v05,Caradhras el Cruel. Espero que nos hayas perdonado.,
Subtitles::vx_c00398_p01_plr_v06,Caradhras el Cruel. Espero que nos hayas perdonado.,
Subtitles::vx_c00398_p01_plr_v07,Caradhras el Cruel. Espero que nos hayas perdonado.,
Subtitles::vx_c00398_p01_plr_v08,Caradhras el Cruel. Espero que nos hayas perdonado.,
Subtitles::vx_c00481_p01_plr_v08,Cuidado con los respiraderos de sombras.,
Subtitles::vx_c00488_p01_plr_v05,Mucho cuidado con el rayo.,
Subtitles::vx_c00483_p01_plr_v03,Cuidado con la bruma oxidante. Es mordaz.,
Subtitles::vx_c00482_p01_plr_v02,Cuidado con el vapor.,
Subtitles::vx_c00551_p01_plr_v01,Cuidado. Un nido de dragones.,
Subtitles::vx_c00551_p01_plr_v02,Cuidado. Un nido de dragones.,
Subtitles::vx_c00551_p01_plr_v03,Cuidado. Un nido de dragones.,
Subtitles::vx_c00551_p01_plr_v04,Cuidado. Un nido de dragones.,
Subtitles::vx_c00551_p01_plr_v05,Cuidado. Un nido de dragones.,
Subtitles::vx_c00551_p01_plr_v06,Cuidado. Un nido de dragones.,
Subtitles::vx_c00551_p01_plr_v07,Cuidado. Un nido de dragones.,
Subtitles::vx_c00551_p01_plr_v08,Cuidado. Un nido de dragones.,
Subtitles::vx_c00488_p01_plr_v02,Cuidado con el rayo.,
Subtitles::vx_c00487_p01_plr_v03,Cuidado. Seguid así.,
Subtitles::vx_c00480_p01_plr_v06,Cuidado. Aquí hay veneno.,
Subtitles::vx_c00483_p01_plr_v07,Cuidado. Es bruma oxidante.,
Subtitles::vx_c00444_p01_plr_v02,Llevo muchísimas cosas encima.,
Subtitles::vx_c00225_p01_deepg_v02,Os partiremos en trocitos.,
Subtitles::vx_c00225_p01_natg_v02,Os partiremos en trocitos.,
Subtitles::vx_c00225_p01_deepo_v01,Cortémoslos en pedazos.,
Subtitles::vx_c00225_p01_deepo_v02,Cortémoslos en pedazos.,
Subtitles::vx_c00225_p01_natg_v01,Cortémoslos en pedazos.,
Subtitles::vx_c00225_p01_nato_v01,Cortémoslos en pedazos.,
Subtitles::vx_c00225_p01_nato_v02,Cortémoslos en pedazos.,
Subtitles::vx_c00225_p01_shdw_v02,A cortarlos en trocitos.,
Subtitles::vx_c00089_p09_plr_v01,"La Cámara del Conocimiento no está lejos de aquí. Gracias, Aric. Buen vuelo.",
Subtitles::vx_c00089_p09_plr_v03,"La Cámara del Conocimiento no está lejos de aquí. Gracias, Aric. Buen vuelo.",
Subtitles::vx_c00089_p09_plr_v04,"La Cámara del Conocimiento no está lejos de aquí. Gracias, Aric. Buen vuelo.",
Subtitles::vx_c00089_p09_plr_v05,"La Cámara del Conocimiento no está lejos de aquí. Gracias, Aric. Buen vuelo.",
Subtitles::vx_c00089_p09_plr_v06,"La Cámara del Conocimiento no está lejos de aquí. Gracias, Aric. Buen vuelo.",
Subtitles::vx_c00089_p09_plr_v07,"La Cámara del Conocimiento no está lejos de aquí. Gracias, Aric. Buen vuelo.",
Subtitles::vx_c00089_p09_plr_v08,"La Cámara del Conocimiento no está lejos de aquí. Gracias, Aric. Buen vuelo.",
Subtitles::vx_c00445_p01_plr_v06,Por los enanos. Todos y cada uno de ellos.,
Subtitles::vx_c00445_p01_plr_v07,Por la montaña.,
Subtitles::vx_c00445_p01_plr_v08,Salud.,
Subtitles::vx_c00426_p01_plr_v04,Qué frío. No me gusta nada.,
Subtitles::vx_c00204_p01_tro_v01,"Vuelve aquí, que te mato.",
Subtitles::vx_c00715_p01_drgn_v01,"Habéis vuelto para morir, ¿no es así? Ja, ja, ja.",
Subtitles::vx_c00094_p02_plr_v01,Ven y lucha.,
Subtitles::vx_c00094_p02_plr_v02,Ven y lucha.,
Subtitles::vx_c00094_p02_plr_v03,Ven y lucha.,
Subtitles::vx_c00094_p02_plr_v04,Ven y lucha.,
Subtitles::vx_c00094_p02_plr_v05,Ven y lucha.,
Subtitles::vx_c00094_p02_plr_v06,Ven y lucha.,
Subtitles::vx_c00094_p02_plr_v07,Ven y lucha.,
Subtitles::vx_c00094_p02_plr_v08,Ven y lucha.,
Subtitles::vx_c00444_p01_plr_v03,"Venga, brazos míos, vosotros podéis.",
Subtitles::vx_c00091_p07_drgn_v01,"Venid, bestias mías. Mostradles cómo tratamos a nuestros huéspedes.",
Subtitles::vx_c00153_p01_gun_v01,Venir aquí fue idea de Rotslog. Recordadme que lo mate.,
Subtitles::vx_c00001_p05_plr_v01,Podría probar a abrir las Puertas de Durin desde dentro. Será mejor que nos movamos.,
Subtitles::vx_c00001_p05_plr_v02,Podría probar a abrir las Puertas de Durin desde dentro. Será mejor que nos movamos.,
Subtitles::vx_c00001_p05_plr_v03,Podría probar a abrir las Puertas de Durin desde dentro. Será mejor que nos movamos.,
Subtitles::vx_c00001_p05_plr_v04,Podría probar a abrir las Puertas de Durin desde dentro. Será mejor que nos movamos.,
Subtitles::vx_c00001_p05_plr_v05,Podría probar a abrir las Puertas de Durin desde dentro. Será mejor que nos movamos.,
Subtitles::vx_c00001_p05_plr_v06,Podría probar a abrir las Puertas de Durin desde dentro. Será mejor que nos movamos.,
Subtitles::vx_c00001_p05_plr_v07,Podría probar a abrir las Puertas de Durin desde dentro. Será mejor que nos movamos.,
Subtitles::vx_c00001_p05_plr_v08,Podría probar a abrir las Puertas de Durin desde dentro. Será mejor que nos movamos.,
Subtitles::vx_c00416_p01_plr_v05,No me vendría mal un buen descanso.,
Subtitles::vx_c00085_p07_plr_v03,¿Podrías buscar otra salida? ¿Y a otros supervivientes?,
Subtitles::vx_c00085_p07_plr_v01,¿Podrías buscar otra salida? ¿Y a otros supervivientes?,
Subtitles::vx_c00085_p07_plr_v02,¿Podrías buscar otra salida? ¿Y a otros supervivientes?,
Subtitles::vx_c00085_p07_plr_v04,¿Podrías buscar otra salida? ¿Y a otros supervivientes?,
Subtitles::vx_c00085_p07_plr_v05,¿Podrías buscar otra salida? ¿Y a otros supervivientes?,
Subtitles::vx_c00085_p07_plr_v06,¿Podrías buscar otra salida? ¿Y a otros supervivientes?,
Subtitles::vx_c00085_p07_plr_v07,¿Podrías buscar otra salida? ¿Y a otros supervivientes?,
Subtitles::vx_c00085_p07_plr_v08,¿Podrías buscar otra salida? ¿Y a otros supervivientes?,
Subtitles::vx_c00714_p01_drgn_v01,Cobardes. ¿Dónde os habéis metido? Dad la cara.,
Subtitles::vx_c00602_p01_plr_v01,Vuelve arrastrándote a tu agujero.,
Subtitles::vx_c00602_p01_plr_v02,Vuelve arrastrándote a tu agujero.,
Subtitles::vx_c00602_p01_plr_v03,Vuelve arrastrándote a tu agujero.,
Subtitles::vx_c00602_p01_plr_v04,Vuelve arrastrándote a tu agujero.,
Subtitles::vx_c00602_p01_plr_v05,Vuelve arrastrándote a tu agujero.,
Subtitles::vx_c00602_p01_plr_v06,Vuelve arrastrándote a tu agujero.,
Subtitles::vx_c00602_p01_plr_v07,Vuelve arrastrándote a tu agujero.,
Subtitles::vx_c00602_p01_plr_v08,Vuelve arrastrándote a tu agujero.,
Subtitles::vx_c00201_p01_tro_v01,Te destruiré.,
Subtitles::vx_c00057_p01_natg_v01,Malditos orcos de ojos rojos. Los muy desgraciados nos expulsan de NUESTRA ciudad.,
Subtitles::vx_c00057_p01_nato_v01,Malditos orcos de ojos rojos. Los muy desgraciados nos expulsan de NUESTRA ciudad.,
Subtitles::vx_c00184_p01_gun_v01,Condenada montaña. ¿Qué hace una dragona aquí?,
Subtitles::vx_c00184_p01_gun_v02,Condenada montaña. ¿Es verdad que hay una dragona?,
Subtitles::vx_c00139_p01_deepg_v01,"Malditos habitantes de la superficie, alimentándose de nuestras riquezas…",
Subtitles::vx_c00139_p01_deepo_v01,"Malditos habitantes de la superficie, alimentándose de nuestras riquezas…",
Subtitles::vx_c00046_p02_rav_v01,Maldiciones en todos los caminos. Incluso en los niveles superiores.,
Subtitles::vx_c00484_p01_plr_v03,¿El peligro nos acecha? No sirve de nada bajar el ritmo.,
Subtitles::vx_c00485_p01_plr_v04,"Con oscuridad o sin ella, tenemos que continuar.",
Subtitles::vx_c00350_p03_plr_v01,Los reinos más oscuros atraen a los monstruos más sombríos.,
Subtitles::vx_c00350_p03_plr_v02,Los reinos más oscuros atraen a los monstruos más sombríos.,
Subtitles::vx_c00350_p03_plr_v03,Los reinos más oscuros atraen a los monstruos más sombríos.,
Subtitles::vx_c00350_p03_plr_v04,Los reinos más oscuros atraen a los monstruos más sombríos.,
Subtitles::vx_c00350_p03_plr_v05,Los reinos más oscuros atraen a los monstruos más sombríos.,
Subtitles::vx_c00350_p03_plr_v06,Los reinos más oscuros atraen a los monstruos más sombríos.,
Subtitles::vx_c00350_p03_plr_v07,Los reinos más oscuros atraen a los monstruos más sombríos.,
Subtitles::vx_c00350_p03_plr_v08,Los reinos más oscuros atraen a los monstruos más sombríos.,
Subtitles::vx_c00236_p01_deepo_v01,Seréis pasto de la oscuridad.,
Subtitles::vx_c00008_p02_plr_v02,"Está muerto, o al menos eso me han dicho.",
Subtitles::vx_c00238_p01_gmen_v01,Muerte a los enanos.,
Subtitles::vx_c00238_p01_gun_v02,Muerte a los enanos.,
Subtitles::vx_c00248_p01_redu_v01,Muerte.,
Subtitles::vx_c00248_p01_redu_v02,Muerte.,
Subtitles::vx_c00528_p01_plr_v01,Qué rica. Me llena el alma.,
Subtitles::vx_c00528_p01_plr_v02,Qué rica. Me llena el alma.,
Subtitles::vx_c00528_p01_plr_v03,Qué rica. Me llena el alma.,
Subtitles::vx_c00528_p01_plr_v04,Qué rica. Me llena el alma.,
Subtitles::vx_c00528_p01_plr_v05,Qué rica. Me llena el alma.,
Subtitles::vx_c00528_p01_plr_v06,Qué rica. Me llena el alma.,
Subtitles::vx_c00528_p01_plr_v07,Qué rica. Me llena el alma.,
Subtitles::vx_c00528_p01_plr_v08,Qué rica. Me llena el alma.,
Subtitles::vx_c00142_p01_shdw_v01,"Mátalos. Si no, te matará ella a ti.",
Subtitles::vx_c00267_p01_shdw_v01,Destruid la base enana.,
Subtitles::vx_c00267_p01_shdw_v02,Destruid la base enana.,
Subtitles::vx_c000740_p01_nato_v01,Destruidlo todo. Ya.,
Subtitles::vx_c00740_p01_deepo_v01,Destruidlo todo. Ya.,
Subtitles::vx_c00740_p01_gmen_v01,Destruidlo todo. Ya.,
Subtitles::vx_c00740_p01_gmen_v02,Destruidlo todo. Ya.,
Subtitles::vx_c00740_p01_gun_v02,Destruidlo todo. Ya.,
Subtitles::vx_c00740_p01_nato_v02,Destruidlo todo. Ya.,
Subtitles::vx_c00740_p01_redu_v01,Destruidlo todo. Ya.,
Subtitles::vx_c00740_p01_redu_v02,Destruidlo todo. Ya.,
Subtitles::vx_c00740_p01_shdw_v02,Destruidlo todo. Ya.,
Subtitles::vx_c00157_p01_shdw_v01,Destruir la luz.,
Subtitles::vx_c00157_p01_shdw_v02,Destruir la luz.,
Subtitles::vx_c00267_p01_natg_v01,Destruid su campamento.,
Subtitles::vx_c00267_p01_natg_v02,Destruid su campamento.,
Subtitles::vx_c00326_p02_deepg_v01,Ya lo hice.,
Subtitles::vx_c00324_p02_gun_v01,Lo hice esta mañana.,
Subtitles::vx_c00716_p01_drgn_v01,No pensaba que volveríais a por más.,
Subtitles::vx_c00008_p02_plr_v04,¿No te has enterado? <Subtitle.Italic>Tharkûn</> se enfrentó a esa criatura de Morgoth.,
Subtitles::vx_c00116_p01_king_v01,Muere.,
Subtitles::vx_c00261_p01_natg_v01,"Muere, bestia inmunda.",
Subtitles::vx_c00261_p01_natg_v02,"Muere, bestia inmunda.",
Subtitles::vx_c00261_p01_deepg_v01,"Muere, bestia.",
Subtitles::vx_c00261_p01_deepo_v01,"Muere, bestia.",
Subtitles::vx_c00261_p01_redu_v01,"Muere, bestia.",
Subtitles::vx_c00261_p01_redu_v02,"Muere, bestia.",
Subtitles::vx_c00261_p01_shdw_v01,"Muere, bestia.",
Subtitles::vx_c00261_p01_shdw_v02,"Muere, bestia.",
Subtitles::vx_c00239_p01_redu_v01,"Muere, orco de montaña.",
Subtitles::vx_c00239_p01_redu_v02,"Muere, orco de montaña.",
Subtitles::vx_c00250_p01_deepo_v01,"Muere, troll.",
Subtitles::vx_c00250_p01_gmen_v01,"Muere, troll.",
Subtitles::vx_c00250_p01_gmen_v02,"Muere, troll.",
Subtitles::vx_c00250_p01_gun_v02,"Muere, troll.",
Subtitles::vx_c00250_p01_natg_v01,"Muere, troll.",
Subtitles::vx_c00250_p01_natg_v02,"Muere, troll.",
Subtitles::vx_c00250_p01_redu_v01,"Muere, troll.",
Subtitles::vx_c00250_p01_redu_v02,"Muere, troll.",
Subtitles::vx_c00250_p01_shdw_v02,"Muere, troll.",
Subtitles::vx_c00261_p01_gmen_v01,"Muere, bestia inmunda.",
Subtitles::vx_c00261_p01_gmen_v02,"Muere, bestia inmunda.",
Subtitles::vx_c00261_p01_gun_v01,"Muere, bestia inmunda.",
Subtitles::vx_c00261_p01_gun_v02,"Muere, bestia inmunda.",
Subtitles::vx_c00261_p01_nato_v01,"Muere, bestia inmunda.",
Subtitles::vx_c00261_p01_nato_v02,"Muere, bestia inmunda.",
Subtitles::vx_c00261_p01_redo_v01,"Muere, bestia inmunda.",
Subtitles::vx_c00261_p01_redo_v02,"Muere, bestia inmunda.",
Subtitles::vx_c00601_p01_plr_v01,"Muere, gusano de las cavernas.",
Subtitles::vx_c00601_p01_plr_v02,"Muere, gusano de las cavernas.",
Subtitles::vx_c00601_p01_plr_v03,"Muere, gusano de las cavernas.",
Subtitles::vx_c00601_p01_plr_v04,"Muere, gusano de las cavernas.",
Subtitles::vx_c00601_p01_plr_v05,"Muere, gusano de las cavernas.",
Subtitles::vx_c00601_p01_plr_v06,"Muere, gusano de las cavernas.",
Subtitles::vx_c00601_p01_plr_v07,"Muere, gusano de las cavernas.",
Subtitles::vx_c00601_p01_plr_v08,"Muere, gusano de las cavernas.",
Subtitles::vx_c00229_p01_shdw_v02,Muere.,
Subtitles::vx_c00306_p01_drgn_v01,Muere.,
Subtitles::vx_c00129_p01_plr_v01,Cavad aquí.,
Subtitles::vx_c00129_p01_plr_v02,Cavad aquí.,
Subtitles::vx_c00129_p01_plr_v03,Cavad aquí.,
Subtitles::vx_c00129_p01_plr_v04,Cavad aquí.,
Subtitles::vx_c00129_p01_plr_v05,Cavad aquí.,
Subtitles::vx_c00129_p01_plr_v06,Cavad aquí.,
Subtitles::vx_c00129_p01_plr_v07,Cavad aquí.,
Subtitles::vx_c00129_p01_plr_v08,Cavad aquí.,
Subtitles::vx_c00326_p03_deepo_v02,Hazlo de nuevo.,
Subtitles::vx_c00063_p03_nato_v02,Pues otra vez. Que sangre.,
Subtitles::vx_c00318_p03_gmen_v02,Pues otra vez. Que grite.,
Subtitles::vx_c00324_p03_gun_v01,"Pues otra vez. Y, esta vez, que duela más.",
Subtitles::vx_c00321_p03_redu_v02,Otra vez. Ya.,
Subtitles::vx_c00063_p03_nato_v01,Pues otra vez. Retuércele el pescuezo.,
Subtitles::vx_c00360_p02_plr_v02,¿Lo saben el rey Thorin y Gimli?,
Subtitles::vx_c00210_p01_tro_v01,¿Eres fácil de romper?,
Subtitles::vx_c00124_p03_drgn_v01,¿No os gusta mi tesoro?,
Subtitles::vx_c00378_p02_plr_v08,¿Creéis que nos ha visto?,
Subtitles::vx_c00001_p02_plr_v01,¿Habrá alguien más ahí abajo? ¿Señor Gimli?,
Subtitles::vx_c00001_p02_plr_v02,¿Habrá alguien más ahí abajo? ¿Señor Gimli?,
Subtitles::vx_c00001_p02_plr_v03,¿Habrá alguien más ahí abajo? ¿Señor Gimli?,
Subtitles::vx_c00001_p02_plr_v04,¿Habrá alguien más ahí abajo? ¿Señor Gimli?,
Subtitles::vx_c00001_p02_plr_v05,¿Habrá alguien más ahí abajo? ¿Señor Gimli?,
Subtitles::vx_c00001_p02_plr_v06,¿Habrá alguien más ahí abajo? ¿Señor Gimli?,
Subtitles::vx_c00001_p02_plr_v07,¿Habrá alguien más ahí abajo? ¿Señor Gimli?,
Subtitles::vx_c00001_p02_plr_v08,¿Habrá alguien más ahí abajo? ¿Señor Gimli?,
Subtitles::vx_c00706_p01_drgn_v01,"¿Os suena este lugar? Aquí es donde el Balrog dormía antes de acabar con vuestro precioso Durin. y donde vosotros moriréis. Ja, ja, ja.",
Subtitles::vx_c00399_p02_plr_v07,"Da igual, solo los orcos que están muertos son útiles.",
Subtitles::vx_c00061_p03_nato_v01,Me da igual. Y más te vale vigilar lo que dices.,
Subtitles::vx_c00438_p01_plr_v01,No tengo la herramienta correcta para esto.,
Subtitles::vx_c00438_p01_plr_v02,No tengo la herramienta correcta para esto.,
Subtitles::vx_c00438_p01_plr_v03,No tengo la herramienta correcta para esto.,
Subtitles::vx_c00438_p01_plr_v04,No tengo la herramienta correcta para esto.,
Subtitles::vx_c00438_p01_plr_v08,No tengo la herramienta correcta para esto.,
Subtitles::vx_c00252_p01_tro_v01,"No me gusta la carne de orco, pero haré una excepción.",
Subtitles::vx_c00076_p01_plr_v05,Listo. Solo necesitaba unos ajustes.,
Subtitles::vx_c00006_p01_plr_v01,¿Las Puertas de Durin? ¿Qué les ocurre?,
Subtitles::vx_c00006_p01_plr_v02,¿Las Puertas de Durin? ¿Qué les ocurre?,
Subtitles::vx_c00006_p01_plr_v03,¿Las Puertas de Durin? ¿Qué les ocurre?,
Subtitles::vx_c00006_p01_plr_v04,¿Las Puertas de Durin? ¿Qué les ocurre?,
Subtitles::vx_c00006_p01_plr_v05,¿Las Puertas de Durin? ¿Qué les ocurre?,
Subtitles::vx_c00006_p01_plr_v06,¿Las Puertas de Durin? ¿Qué les ocurre?,
Subtitles::vx_c00006_p01_plr_v07,¿Las Puertas de Durin? ¿Qué les ocurre?,
Subtitles::vx_c00006_p01_plr_v08,¿Las Puertas de Durin? ¿Qué les ocurre?,
Subtitles::vx_c00234_p01_shdw_v01,Al suelo.,
Subtitles::vx_c00234_p01_shdw_v02,Al suelo.,
Subtitles::vx_c00302_p01_king_v01,"Al suelo, ja, ja, ja.",
Subtitles::vx_c00256_p01_shdw_v02,"A por ellas, ¡abatidlas!",
Subtitles::vx_c00149_p01_redo_v02,La dragona vino de Mordor al mismo tiempo que nosotros. Yo la vi escapar.,
Subtitles::vx_c00149_p01_redu_v02,La dragona vino de Mordor al mismo tiempo que nosotros. Yo la vi escapar.,
Subtitles::vx_c00543_p01_plr_v01,Dragoncillos.,
Subtitles::vx_c00543_p01_plr_v02,Dragoncillos.,
Subtitles::vx_c00543_p01_plr_v03,Dragoncillos.,
Subtitles::vx_c00543_p01_plr_v04,Dragoncillos.,
Subtitles::vx_c00543_p01_plr_v05,Dragoncillos.,
Subtitles::vx_c00543_p01_plr_v06,Dragoncillos.,
Subtitles::vx_c00543_p01_plr_v07,Dragoncillos.,
Subtitles::vx_c00543_p01_plr_v08,Dragoncillos.,
Subtitles::vx_c00544_p01_plr_v03,Tambores en las profundidades. Ya vienen.,
Subtitles::vx_c00544_p01_plr_v01,Tambores en las profundidades. Ya vienen.,
Subtitles::vx_c00544_p01_plr_v02,Tambores en las profundidades. Ya vienen.,
Subtitles::vx_c00544_p01_plr_v04,Tambores en las profundidades. Ya vienen.,
Subtitles::vx_c00544_p01_plr_v05,Tambores en las profundidades. Ya vienen.,
Subtitles::vx_c00544_p01_plr_v06,Tambores en las profundidades. Ya vienen.,
Subtitles::vx_c00544_p01_plr_v07,Tambores en las profundidades. Ya vienen.,
Subtitles::vx_c00544_p01_plr_v08,Tambores en las profundidades. Ya vienen.,
Subtitles::vx_c00394_p01_plr_v03,"El hacha de Durin no es ningún arma, sino un pico.",
Subtitles::vx_c00394_p01_plr_v05,"El hacha de Durin no es ningún arma, sino un pico.",
Subtitles::vx_c00394_p01_plr_v01,"El hacha de Durin no es ningún arma, sino un pico.",
Subtitles::vx_c00394_p01_plr_v02,"El hacha de Durin no es ningún arma, sino un pico.",
Subtitles::vx_c00394_p01_plr_v04,"El hacha de Durin no es ningún arma, sino un pico.",
Subtitles::vx_c00394_p01_plr_v06,"El hacha de Durin no es ningún arma, sino un pico.",
Subtitles::vx_c00394_p01_plr_v07,"El hacha de Durin no es ningún arma, sino un pico.",
Subtitles::vx_c00394_p01_plr_v08,"El hacha de Durin no es ningún arma, sino un pico.",
Subtitles::vx_c00381_p01_plr_v01,Necesitaremos el hacha de Durin para luchar contra las sombras. Debo volver a forjarla cuando tenga todos los fragmentos.,
Subtitles::vx_c00381_p01_plr_v02,Necesitaremos el hacha de Durin para luchar contra las sombras. Debo volver a forjarla cuando tenga todos los fragmentos.,
Subtitles::vx_c00381_p01_plr_v03,Necesitaremos el hacha de Durin para luchar contra las sombras. Debo volver a forjarla cuando tenga todos los fragmentos.,
Subtitles::vx_c00381_p01_plr_v04,Necesitaremos el hacha de Durin para luchar contra las sombras. Debo volver a forjarla cuando tenga todos los fragmentos.,
Subtitles::vx_c00381_p01_plr_v05,Necesitaremos el hacha de Durin para luchar contra las sombras. Debo volver a forjarla cuando tenga todos los fragmentos.,
Subtitles::vx_c00381_p01_plr_v06,Necesitaremos el hacha de Durin para luchar contra las sombras. Debo volver a forjarla cuando tenga todos los fragmentos.,
Subtitles::vx_c00381_p01_plr_v07,Necesitaremos el hacha de Durin para luchar contra las sombras. Debo volver a forjarla cuando tenga todos los fragmentos.,
Subtitles::vx_c00381_p01_plr_v08,Necesitaremos el hacha de Durin para luchar contra las sombras. Debo volver a forjarla cuando tenga todos los fragmentos.,
Subtitles::vx_c00008_p01_plr_v01,"El Flagelo de Durin ya no está, ¿verdad?",
Subtitles::vx_c00008_p01_plr_v02,"El Flagelo de Durin ya no está, ¿verdad?",
Subtitles::vx_c00008_p01_plr_v03,"El Flagelo de Durin ya no está, ¿verdad?",
Subtitles::vx_c00008_p01_plr_v04,"El Flagelo de Durin ya no está, ¿verdad?",
Subtitles::vx_c00008_p01_plr_v05,"El Flagelo de Durin ya no está, ¿verdad?",
Subtitles::vx_c00008_p01_plr_v06,"El Flagelo de Durin ya no está, ¿verdad?",
Subtitles::vx_c00008_p01_plr_v07,"El Flagelo de Durin ya no está, ¿verdad?",
Subtitles::vx_c00008_p01_plr_v08,"El Flagelo de Durin ya no está, ¿verdad?",
Subtitles::vx_c00384_p02_plr_v03,El Flagelo de Durin. Me alegro de que no siga con vida.,
Subtitles::vx_c00391_p02_plr_v07,"La casa de Durin sobrevivió, así que su muerte no fue en vano.",
Subtitles::vx_c00392_p01_plr_v01,Por fin la fragua de Durin vuelve a estar en manos enanas. Tenemos que volver a encenderla.,
Subtitles::vx_c00392_p01_plr_v02,Por fin la fragua de Durin vuelve a estar en manos enanas. Tenemos que volver a encenderla.,
Subtitles::vx_c00392_p01_plr_v03,Por fin la fragua de Durin vuelve a estar en manos enanas. Tenemos que volver a encenderla.,
Subtitles::vx_c00392_p01_plr_v04,Por fin la fragua de Durin vuelve a estar en manos enanas. Tenemos que volver a encenderla.,
Subtitles::vx_c00392_p01_plr_v05,Por fin la fragua de Durin vuelve a estar en manos enanas. Tenemos que volver a encenderla.,
Subtitles::vx_c00392_p01_plr_v06,Por fin la fragua de Durin vuelve a estar en manos enanas. Tenemos que volver a encenderla.,
Subtitles::vx_c00392_p01_plr_v07,Por fin la fragua de Durin vuelve a estar en manos enanas. Tenemos que volver a encenderla.,
Subtitles::vx_c00392_p01_plr_v08,Por fin la fragua de Durin vuelve a estar en manos enanas. Tenemos que volver a encenderla.,
Subtitles::vx_c00046_p03_plr_v01,Por las barbas de Durin. ¿Qué fuerza maligna es esta?,
Subtitles::vx_c00046_p03_plr_v02,Por las barbas de Durin. ¿Qué fuerza maligna es esta?,
Subtitles::vx_c00046_p03_plr_v03,Por las barbas de Durin. ¿Qué fuerza maligna es esta?,
Subtitles::vx_c00046_p03_plr_v04,Por las barbas de Durin. ¿Qué fuerza maligna es esta?,
Subtitles::vx_c00046_p03_plr_v05,Por las barbas de Durin. ¿Qué fuerza maligna es esta?,
Subtitles::vx_c00046_p03_plr_v06,Por las barbas de Durin. ¿Qué fuerza maligna es esta?,
Subtitles::vx_c00046_p03_plr_v07,Por las barbas de Durin. ¿Qué fuerza maligna es esta?,
Subtitles::vx_c00046_p03_plr_v08,Por las barbas de Durin. ¿Qué fuerza maligna es esta?,
Subtitles::vx_c00351_p01_plr_v01,Por las barbas de Durin. No sabía que este lugar sagrado estuviese aquí.,
Subtitles::vx_c00351_p01_plr_v02,Por las barbas de Durin. No sabía que este lugar sagrado estuviese aquí.,
Subtitles::vx_c00351_p01_plr_v03,Por las barbas de Durin. No sabía que este lugar sagrado estuviese aquí.,
Subtitles::vx_c00351_p01_plr_v04,Por las barbas de Durin. No sabía que este lugar sagrado estuviese aquí.,
Subtitles::vx_c00351_p01_plr_v05,Por las barbas de Durin. No sabía que este lugar sagrado estuviese aquí.,
Subtitles::vx_c00351_p01_plr_v06,Por las barbas de Durin. No sabía que este lugar sagrado estuviese aquí.,
Subtitles::vx_c00351_p01_plr_v07,Por las barbas de Durin. No sabía que este lugar sagrado estuviese aquí.,
Subtitles::vx_c00351_p01_plr_v08,Por las barbas de Durin. No sabía que este lugar sagrado estuviese aquí.,
Subtitles::vx_c00400_p02_plr_v06,¡Por las barbas de Durin...! Jamás había visto una veta de mineral tan impresionante.,
Subtitles::vx_c00591_p01_plr_v01,La fuerza de Durin corre por mis venas.,
Subtitles::vx_c00591_p01_plr_v02,La fuerza de Durin corre por mis venas.,
Subtitles::vx_c00591_p01_plr_v03,La fuerza de Durin corre por mis venas.,
Subtitles::vx_c00591_p01_plr_v04,La fuerza de Durin corre por mis venas.,
Subtitles::vx_c00591_p01_plr_v05,La fuerza de Durin corre por mis venas.,
Subtitles::vx_c00591_p01_plr_v06,La fuerza de Durin corre por mis venas.,
Subtitles::vx_c00591_p01_plr_v07,La fuerza de Durin corre por mis venas.,
Subtitles::vx_c00591_p01_plr_v08,La fuerza de Durin corre por mis venas.,
Subtitles::vx_c00136_p02_plr_v01,"Durin, Aulë, dadme fuerza.",
Subtitles::vx_c00136_p02_plr_v02,"Durin, Aulë, dadme fuerza.",
Subtitles::vx_c00136_p02_plr_v03,"Durin, Aulë, dadme fuerza.",
Subtitles::vx_c00136_p02_plr_v04,"Durin, Aulë, dadme fuerza.",
Subtitles::vx_c00136_p02_plr_v05,"Durin, Aulë, dadme fuerza.",
Subtitles::vx_c00136_p02_plr_v06,"Durin, Aulë, dadme fuerza.",
Subtitles::vx_c00136_p02_plr_v07,"Durin, Aulë, dadme fuerza.",
Subtitles::vx_c00136_p02_plr_v08,"Durin, Aulë, dadme fuerza.",
Subtitles::vx_c00360_p01_plr_v01,"¿El deber de la casa de Durin? El hacha de Durin, las lámparas, las sombras… Está todo conectado.",
Subtitles::vx_c00360_p01_plr_v02,"¿El deber de la casa de Durin? El hacha de Durin, las lámparas, las sombras… Está todo conectado.",
Subtitles::vx_c00360_p01_plr_v03,"¿El deber de la casa de Durin? El hacha de Durin, las lámparas, las sombras… Está todo conectado.",
Subtitles::vx_c00360_p01_plr_v04,"¿El deber de la casa de Durin? El hacha de Durin, las lámparas, las sombras… Está todo conectado.",
Subtitles::vx_c00360_p01_plr_v05,"¿El deber de la casa de Durin? El hacha de Durin, las lámparas, las sombras… Está todo conectado.",
Subtitles::vx_c00360_p01_plr_v06,"¿El deber de la casa de Durin? El hacha de Durin, las lámparas, las sombras… Está todo conectado.",
Subtitles::vx_c00360_p01_plr_v07,"¿El deber de la casa de Durin? El hacha de Durin, las lámparas, las sombras… Está todo conectado.",
Subtitles::vx_c00360_p01_plr_v08,"¿El deber de la casa de Durin? El hacha de Durin, las lámparas, las sombras… Está todo conectado.",
Subtitles::vx_c00267_p01_redo_v01,Una base enana. Destruidla.,
Subtitles::vx_c00267_p01_redo_v02,Una base enana. Destruidla.,
Subtitles::vx_c00209_p01_tro_v01,Cómo crujen los huesos de enano.,
Subtitles::vx_c00266_p01_deepo_v01,Un botín enano siempre es un buen botín.,
Subtitles::vx_c00266_p01_deepo_v02,Un botín enano siempre es un buen botín.,
Subtitles::vx_c00266_p01_shdw_v02,Un botín enano.,
Subtitles::vx_c00266_p01_natg_v01,Un botín enano. Un botín enano.,
Subtitles::vx_c00266_p01_natg_v02,Un botín enano. Un botín enano.,
Subtitles::vx_c00211_p01_tro_v01,Carne de enano. Mi favorita.,
Subtitles::vx_c00099_p01_bolg_v01,Maldita escoria enana.,
Subtitles::vx_c00230_p01_deepg_v01,Maldita escoria enana.,
Subtitles::vx_c00230_p01_deepo_v01,Maldita escoria enana.,
Subtitles::vx_c00230_p01_gmen_v01,Maldita escoria enana.,
Subtitles::vx_c00230_p01_gmen_v02,Maldita escoria enana.,
Subtitles::vx_c00230_p01_gun_v01,Maldita escoria enana.,
Subtitles::vx_c00230_p01_gun_v02,Maldita escoria enana.,
Subtitles::vx_c00230_p01_natg_v01,Maldita escoria enana.,
Subtitles::vx_c00230_p01_natg_v02,Maldita escoria enana.,
Subtitles::vx_c00230_p01_nato_v01,Maldita escoria enana.,
Subtitles::vx_c00230_p01_nato_v02,Maldita escoria enana.,
Subtitles::vx_c00230_p01_redo_v01,Maldita escoria enana.,
Subtitles::vx_c00230_p01_redo_v02,Maldita escoria enana.,
Subtitles::vx_c00230_p01_redu_v01,Maldita escoria enana.,
Subtitles::vx_c00230_p01_redu_v02,Maldita escoria enana.,
Subtitles::vx_c00230_p01_shdw_v01,Maldita escoria enana.,
Subtitles::vx_c00230_p01_shdw_v02,Maldita escoria enana.,
Subtitles::vx_c00117_p01_king_v01,"Te aniquilaré, enano.",
Subtitles::vx_c00263_p01_redo_v01,Las creaciones de los enanos están para destruirlas.,
Subtitles::vx_c00263_p01_redo_v02,Las creaciones de los enanos están para destruirlas.,
Subtitles::vx_c00263_p01_redu_v01,Las creaciones de los enanos están para destruirlas.,
Subtitles::vx_c00263_p01_redu_v02,Las creaciones de los enanos están para destruirlas.,
Subtitles::vx_c00093_p01_bolg_v01,"Los enanos han vuelto. Ja. ¿Habéis venido a rendir tributo a Bolgakh, descendiente de Azog, el auténtico señor de Moria?",
Subtitles::vx_c00032_p02_plr_v06,Elfos y enanos... Una alianza más fuerte incluso que la del pico y la piedra.,
Subtitles::vx_c00218_p01_deepg_v02,Han vuelto los enanos.,
Subtitles::vx_c00218_p01_nato_v01,Han vuelto los enanos.,
Subtitles::vx_c00218_p01_nato_v02,Han vuelto los enanos.,
Subtitles::vx_c00218_p01_shdw_v01,Han vuelto los enanos.,
Subtitles::vx_c00218_p01_shdw_v02,Han vuelto los enanos.,
Subtitles::vx_c00060_p01_natg_v02,Los enanos están aquí.,
Subtitles::vx_c00060_p01_nato_v02,Los enanos están aquí.,
Subtitles::vx_c00218_p01_gun_v01,Los enanos están aquí.,
Subtitles::vx_c00218_p01_gun_v02,Los enanos están aquí.,
Subtitles::vx_c00218_p01_redu_v01,Los enanos están aquí.,
Subtitles::vx_c00218_p01_redu_v02,Los enanos están aquí.,
Subtitles::vx_c00181_p01_gun_v02,¿También hay enanos en la montaña?,
Subtitles::vx_c00172_p01_shdw_v01,Los enanos han entrado e-en la montaña.,
Subtitles::vx_c00701_p01_drgn_v01,Los enanos son débiles. No tienen nada que hacer contra mi poder.,
Subtitles::vx_c00266_p01_gmen_v01,Los enanos tienen un buen botín.,
Subtitles::vx_c00266_p01_gmen_v02,Los enanos tienen un buen botín.,
Subtitles::vx_c00573_p01_plr_v01,Los enanos han regresado.,
Subtitles::vx_c00573_p01_plr_v02,Los enanos han regresado.,
Subtitles::vx_c00573_p01_plr_v03,Los enanos han regresado.,
Subtitles::vx_c00573_p01_plr_v04,Los enanos han regresado.,
Subtitles::vx_c00573_p01_plr_v06,Los enanos han regresado.,
Subtitles::vx_c00573_p01_plr_v07,Los enanos han regresado.,
Subtitles::vx_c00573_p01_plr_v08,Los enanos han regresado.,
Subtitles::vx_c00047_p02_plr_v02,Los enanos nos movemos como pez en el agua en las minas.,
Subtitles::vx_c00172_p01_shdw_v02,Enanos en la montaña.,
Subtitles::vx_c00616_p01_deepg_v01,Los enanos no sobrevivirían para ver un nuevo día...,
Subtitles::vx_c00616_p01_deepg_v02,Los enanos no sobrevivirían para ver un nuevo día...,
Subtitles::vx_c00218_p01_gmen_v01,Enanos.,
Subtitles::vx_c00218_p01_gmen_v02,Enanos.,
Subtitles::vx_c00112_p01_king_v01,"Enanos. Postraos ante mí, el rey de Moria.",
Subtitles::vx_c00617_p01_natg_v01,Enanos. Tengo que avisar al jefe.,
Subtitles::vx_c00617_p01_natg_v02,Enanos. Tengo que avisar al jefe.,
Subtitles::vx_c00141_p01_deepo_v01,Enanos. Los oigo respirar.,
Subtitles::vx_c00141_p01_deepg_v01,Enanos. Los oigo.,
Subtitles::vx_c00614_p01_natg_v01,Enanos. Mmm... Estarán de muerte...,
Subtitles::vx_c00614_p01_natg_v02,Enanos. Mmm... Estarán de muerte...,
Subtitles::vx_c00801_p01_drgn_v01,"Enanos. Dichosos ladronzuelos, sé que andáis por aquí.",
Subtitles::vx_c000721_p01_bolg_v01,Enanos. Encontradlos. Seguid su rastro.,
Subtitles::vx_c00721_p01_bolg_v01,Enanos. Encontradlos. Seguid su rastro.,
Subtitles::vx_c00618_p01_natg_v01,Enanos... El jefe debe saberlo.,
Subtitles::vx_c00618_p01_natg_v02,Enanos... El jefe debe saberlo.,
Subtitles::vx_c00723_p01_plr_v01,Las escaleras orientales... son interminables.,
Subtitles::vx_c00723_p01_plr_v02,Las escaleras orientales... son interminables.,
Subtitles::vx_c00723_p01_plr_v03,Las escaleras orientales... son interminables.,
Subtitles::vx_c00723_p01_plr_v04,Las escaleras orientales... son interminables.,
Subtitles::vx_c00723_p01_plr_v05,Las escaleras orientales... son interminables.,
Subtitles::vx_c00723_p01_plr_v06,Las escaleras orientales... son interminables.,
Subtitles::vx_c00723_p01_plr_v07,Las escaleras orientales... son interminables.,
Subtitles::vx_c00723_p01_plr_v08,Las escaleras orientales... son interminables.,
Subtitles::vx_c00520_p01_plr_v01,Los enemigos temerán esta arma.,
Subtitles::vx_c00520_p01_plr_v02,Los enemigos temerán esta arma.,
Subtitles::vx_c00520_p01_plr_v03,Los enemigos temerán esta arma.,
Subtitles::vx_c00520_p01_plr_v04,Los enemigos temerán esta arma.,
Subtitles::vx_c00520_p01_plr_v05,Los enemigos temerán esta arma.,
Subtitles::vx_c00520_p01_plr_v06,Los enemigos temerán esta arma.,
Subtitles::vx_c00520_p01_plr_v07,Los enemigos temerán esta arma.,
Subtitles::vx_c00520_p01_plr_v08,Los enemigos temerán esta arma.,
Subtitles::vx_c00169_p01_deepo_v02,¿Alguna vez has pensado en el sol?,
Subtitles::vx_c00163_p01_nato_v01,Me pregunto cómo será un amanecer.,
Subtitles::vx_c00163_p01_natg_v01,Me pregunto cómo será la luz del sol.,
Subtitles::vx_c00169_p01_deepo_v01,Me pregunto cómo será la luz del sol.,
Subtitles::vx_c00399_p02_plr_v02,El mal y las sombras han compartido ama durante mucho tiempo.,
Subtitles::vx_c00025_p02_rav_v01,Maldiciones malvadas. Camino bloqueado. Hay que encontrar otro camino al este.,
Subtitles::vx_c00086_p06_rav_v01,¡Mala suerte! Descubre cómo arreglarlas en la antigua Biblioteca de los Peregrinos. Sigue el camino hasta el nacimiento del río.,
Subtitles::vx_c00046_p04_rav_v01,"Sombras. Malditas. Malas noticias. Hay un camino antiguo abajo. Abajo. En las profundidades. Arriesgado, pero lleva a las escaleras orientales.",
Subtitles::vx_c00542_p01_plr_v04,Puaj. Gusanos.,
Subtitles::vx_c00092_p06_rav_v01,Sal por la puerta oriental. El rey Thorin y el señor Gimli esperan en el Valle de Arroyo Sombrío.,
Subtitles::vx_c00547_p01_plr_v01,Prestad atención. Hay monstruos por los aires.,
Subtitles::vx_c00547_p01_plr_v02,Prestad atención. Hay monstruos por los aires.,
Subtitles::vx_c00547_p01_plr_v03,Prestad atención. Hay monstruos por los aires.,
Subtitles::vx_c00547_p01_plr_v04,Prestad atención. Hay monstruos por los aires.,
Subtitles::vx_c00547_p01_plr_v05,Prestad atención. Hay monstruos por los aires.,
Subtitles::vx_c00547_p01_plr_v06,Prestad atención. Hay monstruos por los aires.,
Subtitles::vx_c00547_p01_plr_v07,Prestad atención. Hay monstruos por los aires.,
Subtitles::vx_c00547_p01_plr_v08,Prestad atención. Hay monstruos por los aires.,
Subtitles::vx_c00305_p01_drgn_v01,Arrodíllate ante mis sombras.,
Subtitles::vx_c00248_p01_deepo_v01,"Cae, troll.",
Subtitles::vx_c00248_p01_deepo_v02,"Cae, troll.",
Subtitles::vx_c00248_p01_shdw_v02,Cae.,
Subtitles::vx_c00047_p02_plr_v04,Estas minas son famosas por un buen motivo. Preparad esos picos.,
Subtitles::vx_c00411_p07_plr_v01,"Adiós, Aric.",
Subtitles::vx_c00411_p07_plr_v02,"Adiós, Aric.",
Subtitles::vx_c00411_p07_plr_v03,"Adiós, Aric.",
Subtitles::vx_c00411_p07_plr_v04,"Adiós, Aric.",
Subtitles::vx_c00411_p07_plr_v05,"Adiós, Aric.",
Subtitles::vx_c00411_p07_plr_v06,"Adiós, Aric.",
Subtitles::vx_c00411_p07_plr_v07,"Adiós, Aric.",
Subtitles::vx_c00411_p07_plr_v08,"Adiós, Aric.",
Subtitles::vx_c00620_p01_nato_v01,Rápido.,
Subtitles::vx_c00620_p01_nato_v02,Rápido.,
Subtitles::vx_c00144_p01_shdw_v01,Más rápido. Ella los quiere muertos.,
Subtitles::vx_c00144_p01_shdw_v02,Más rápido. Ella los quiere muertos. A todos.,
Subtitles::vx_c00260_p01_deepg_v02,Esta noche hay festín.,
Subtitles::vx_c00260_p01_deepo_v01,Esta noche hay festín.,
Subtitles::vx_c00260_p01_deepo_v02,Esta noche hay festín.,
Subtitles::vx_c00260_p01_nato_v02,Esta noche hay festín.,
Subtitles::vx_c00260_p01_shdw_v02,Esta noche hay festín.,
Subtitles::vx_c00260_p01_natg_v01,Esta noche hay festín. Festín.,
Subtitles::vx_c00260_p01_natg_v02,Esta noche hay festín. Festín.,
Subtitles::vx_c00424_p01_plr_v07,"Me estoy mareando, pierdo sangre.",
Subtitles::vx_c00424_p01_plr_v06,Qué frío tengo.,
Subtitles::vx_c00416_p01_plr_v07,No me quedan fuerzas.,
Subtitles::vx_c00432_p01_plr_v06,El veneno... empieza a hacer mella en mí...,
Subtitles::vx_c00047_p02_plr_v01,Qué bien sienta estar de vuelta en una mina.,
Subtitles::vx_c00364_p02_plr_v06,Es como si me adentrase en un cuento.,
Subtitles::vx_c00345_p03_plr_v05,Es como si nos adentrásemos en nuestra historia.,
Subtitles::vx_c00345_p03_plr_v01,Es como si nos adentrásemos en nuestra historia.,
Subtitles::vx_c00345_p03_plr_v02,Es como si nos adentrásemos en nuestra historia.,
Subtitles::vx_c00345_p03_plr_v03,Es como si nos adentrásemos en nuestra historia.,
Subtitles::vx_c00345_p03_plr_v04,Es como si nos adentrásemos en nuestra historia.,
Subtitles::vx_c00345_p03_plr_v06,Es como si nos adentrásemos en nuestra historia.,
Subtitles::vx_c00345_p03_plr_v07,Es como si nos adentrásemos en nuestra historia.,
Subtitles::vx_c00345_p03_plr_v08,Es como si nos adentrásemos en nuestra historia.,
Subtitles::vx_c00258_p01_gun_v01,"Bestias aladas, en el aire.",
Subtitles::vx_c00258_p01_gun_v02,Bestias aladas.,
Subtitles::vx_c00258_p01_redu_v01,Bestias aladas.,
Subtitles::vx_c00258_p01_redu_v02,Bestias aladas.,
Subtitles::vx_c00152_p03_gun_v01,Es culpa de ese asqueroso rey enano que estemos aquí.,
Subtitles::vx_c00216_p01_gmen_v01,Malditos enanos.,
Subtitles::vx_c00216_p01_gmen_v02,Malditos enanos.,
Subtitles::vx_c00216_p01_gun_v01,Malditos enanos.,
Subtitles::vx_c00216_p01_gun_v02,Malditos enanos.,
Subtitles::vx_c00216_p01_nato_v01,Malditos enanos.,
Subtitles::vx_c00216_p01_nato_v02,Malditos enanos.,
Subtitles::vx_c00216_p01_redu_v01,Malditos enanos.,
Subtitles::vx_c00216_p01_redu_v02,Malditos enanos.,
Subtitles::vx_c00216_p01_shdw_v01,Malditos enanos.,
Subtitles::vx_c00216_p01_shdw_v02,Malditos enanos.,
Subtitles::vx_c00472_p01_plr_v01,Que encontréis descanso en los salones de los padres.,
Subtitles::vx_c00472_p01_plr_v02,Que encontréis descanso en los salones de los padres.,
Subtitles::vx_c00472_p01_plr_v03,Que encontréis descanso en los salones de los padres.,
Subtitles::vx_c00472_p01_plr_v04,Que encontréis descanso en los salones de los padres.,
Subtitles::vx_c00472_p01_plr_v05,Que encontréis descanso en los salones de los padres.,
Subtitles::vx_c00472_p01_plr_v06,Que encontréis descanso en los salones de los padres.,
Subtitles::vx_c00472_p01_plr_v07,Que encontréis descanso en los salones de los padres.,
Subtitles::vx_c00472_p01_plr_v08,Que encontréis descanso en los salones de los padres.,
Subtitles::vx_c00200_p01_tro_v01,No hay nada mejor para picar que los dedos.,
Subtitles::vx_c00555_p01_plr_v04,He acabado con este.,
Subtitles::vx_c00851_p01_plr_v01,La luz de una hoguera. Tenemos compañía.,
Subtitles::vx_c00851_p01_plr_v02,La luz de una hoguera. Tenemos compañía.,
Subtitles::vx_c00851_p01_plr_v03,La luz de una hoguera. Tenemos compañía.,
Subtitles::vx_c00851_p01_plr_v04,La luz de una hoguera. Tenemos compañía.,
Subtitles::vx_c00851_p01_plr_v05,La luz de una hoguera. Tenemos compañía.,
Subtitles::vx_c00851_p01_plr_v06,La luz de una hoguera. Tenemos compañía.,
Subtitles::vx_c00851_p01_plr_v07,La luz de una hoguera. Tenemos compañía.,
Subtitles::vx_c00851_p01_plr_v08,La luz de una hoguera. Tenemos compañía.,
Subtitles::vx_c00076_p01_plr_v03,"Hala, como nuevo.",
Subtitles::vx_c00009_p01_plr_v01,Bengalas. Serán útiles para iluminar nuestro camino.,
Subtitles::vx_c00009_p01_plr_v02,Bengalas. Serán útiles para iluminar nuestro camino.,
Subtitles::vx_c00009_p01_plr_v03,Bengalas. Serán útiles para iluminar nuestro camino.,
Subtitles::vx_c00009_p01_plr_v04,Bengalas. Serán útiles para iluminar nuestro camino.,
Subtitles::vx_c00009_p01_plr_v05,Bengalas. Serán útiles para iluminar nuestro camino.,
Subtitles::vx_c00009_p01_plr_v06,Bengalas. Serán útiles para iluminar nuestro camino.,
Subtitles::vx_c00009_p01_plr_v07,Bengalas. Serán útiles para iluminar nuestro camino.,
Subtitles::vx_c00009_p01_plr_v08,Bengalas. Serán útiles para iluminar nuestro camino.,
Subtitles::vx_c00089_p04_rav_v01,Volé junto al rey Thorin. Luchan contra orcos en Gundabad. Mandan soldados enanos hacia aquí. Un pequeño pelotón.,
Subtitles::vx_c00257_p01_deepg_v02,Bestias voladoras. Matadlas.,
Subtitles::vx_c00257_p01_gmen_v01,Bestias voladoras. Matadlas.,
Subtitles::vx_c00257_p01_gmen_v02,Bestias voladoras. Matadlas.,
Subtitles::vx_c00257_p01_gun_v01,Bestias voladoras. Matadlas.,
Subtitles::vx_c00257_p01_gun_v02,Bestias voladoras. Matadlas.,
Subtitles::vx_c00257_p01_nato_v02,Bestias voladoras. Matadlas.,
Subtitles::vx_c00257_p01_redo_v01,Bestias voladoras. Matadlas.,
Subtitles::vx_c00257_p01_redo_v02,Bestias voladoras. Matadlas.,
Subtitles::vx_c00257_p01_shdw_v01,Bestias voladoras. Matadlas. Ya.,
Subtitles::vx_c00257_p01_shdw_v02,Bestias voladoras. Matadlas. Ya.,
Subtitles::vx_c00143_p01_shdw_v01,Sigue sus órdenes o te llevarás un buen azote.,
Subtitles::vx_c00143_p01_shdw_v02,Sigue sus órdenes o te llevarás buen azote. Ya verás.,
Subtitles::vx_c00414_p01_plr_v03,Siempre es buen momento para comer.,
Subtitles::vx_c00418_p01_plr_v07,Comida. Y ahora. Quiero comer.,
Subtitles::vx_c00568_p01_plr_v01,Qué enano más idiota. Ya basta de tanto ruido.,
Subtitles::vx_c00103_p01_bolg_v01,Imbéciles. A por ellos.,
Subtitles::vx_c00596_p01_plr_v01,Por <Subtitle.Italic>Khazad-dûm</>.,
Subtitles::vx_c00596_p01_plr_v02,Por <Subtitle.Italic>Khazad-dûm</>.,
Subtitles::vx_c00596_p01_plr_v03,Por <Subtitle.Italic>Khazad-dûm</>.,
Subtitles::vx_c00596_p01_plr_v04,Por <Subtitle.Italic>Khazad-dûm</>.,
Subtitles::vx_c00596_p01_plr_v05,Por <Subtitle.Italic>Khazad-dûm</>.,
Subtitles::vx_c00596_p01_plr_v06,Por <Subtitle.Italic>Khazad-dûm</>.,
Subtitles::vx_c00596_p01_plr_v07,Por <Subtitle.Italic>Khazad-dûm</>.,
Subtitles::vx_c00596_p01_plr_v08,Por <Subtitle.Italic>Khazad-dûm</>.,
Subtitles::vx_c00138_p02_plr_v01,Por <Subtitle.Italic>Khazâd dashtîn.</>,
Subtitles::vx_c00138_p02_plr_v02,Por <Subtitle.Italic>Khazâd dashtîn.</>,
Subtitles::vx_c00138_p02_plr_v03,Por <Subtitle.Italic>Khazâd dashtîn.</>,
Subtitles::vx_c00138_p02_plr_v04,Por <Subtitle.Italic>Khazâd dashtîn.</>,
Subtitles::vx_c00138_p02_plr_v05,Por <Subtitle.Italic>Khazâd dashtîn.</>,
Subtitles::vx_c00138_p02_plr_v06,Por <Subtitle.Italic>Khazâd dashtîn.</>,
Subtitles::vx_c00138_p02_plr_v07,Por <Subtitle.Italic>Khazâd dashtîn.</>,
Subtitles::vx_c00138_p02_plr_v08,Por <Subtitle.Italic>Khazâd dashtîn.</>,
Subtitles::vx_c00238_p01_nato_v01,Por Bolgakh.,
Subtitles::vx_c00238_p01_nato_v02,Por Bolgakh.,
Subtitles::vx_c00569_p01_plr_v01,Por Durin.,
Subtitles::vx_c00569_p01_plr_v02,Por Durin.,
Subtitles::vx_c00569_p01_plr_v03,Por Durin.,
Subtitles::vx_c00569_p01_plr_v04,Por Durin.,
Subtitles::vx_c00569_p01_plr_v05,Por Durin.,
Subtitles::vx_c00569_p01_plr_v06,Por Durin.,
Subtitles::vx_c00569_p01_plr_v07,Por Durin.,
Subtitles::vx_c00569_p01_plr_v08,Por Durin.,
Subtitles::vx_c00238_p01_gun_v01,Por Gundabad.,
Subtitles::vx_c00238_p01_redo_v01,Por Mordor.,
Subtitles::vx_c00238_p01_redo_v02,Por Mordor.,
Subtitles::vx_c00238_p01_natg_v01,Por Moria.,
Subtitles::vx_c00238_p01_natg_v02,Por Moria.,
Subtitles::vx_c00238_p01_shdw_v01,Por ella.,
Subtitles::vx_c00238_p01_shdw_v02,Por ella.,
Subtitles::vx_c00447_p01_plr_v07,¿Para mí? Gracias.,
Subtitles::vx_c00156_p02_shdw_v01,Por nuestra reina.,
Subtitles::vx_c00156_p02_shdw_v02,Por nuestra reina. Por nuestra reina.,
Subtitles::vx_c00238_p01_redu_v01,Por el rey.,
Subtitles::vx_c00238_p01_redu_v02,Por el rey.,
Subtitles::vx_c00515_p01_plr_v01,La fragua ya está lista.,
Subtitles::vx_c00515_p01_plr_v02,La fragua ya está lista.,
Subtitles::vx_c00515_p01_plr_v03,La fragua ya está lista.,
Subtitles::vx_c00515_p01_plr_v04,La fragua ya está lista.,
Subtitles::vx_c00515_p01_plr_v05,La fragua ya está lista.,
Subtitles::vx_c00515_p01_plr_v06,La fragua ya está lista.,
Subtitles::vx_c00515_p01_plr_v07,La fragua ya está lista.,
Subtitles::vx_c00515_p01_plr_v08,La fragua ya está lista.,
Subtitles::vx_c00231_p01_gun_v02,En formación.,
Subtitles::vx_c00231_p01_shdw_v02,En formación.,
Subtitles::vx_c00255_p01_deepg_v01,Bestias repugnantes.,
Subtitles::vx_c00255_p01_gmen_v01,Bestias repugnantes.,
Subtitles::vx_c00255_p01_gmen_v02,Bestias repugnantes.,
Subtitles::vx_c00255_p01_gun_v01,Bestias repugnantes.,
Subtitles::vx_c00255_p01_gun_v02,Bestias repugnantes.,
Subtitles::vx_c00255_p01_nato_v01,Bestias repugnantes.,
Subtitles::vx_c00255_p01_nato_v02,Bestias repugnantes.,
Subtitles::vx_c00255_p01_redo_v01,Bestias repugnantes.,
Subtitles::vx_c00255_p01_redo_v02,Bestias repugnantes.,
Subtitles::vx_c00255_p01_shdw_v01,Bestias repugnantes.,
Subtitles::vx_c00255_p01_shdw_v02,Bestias repugnantes.,
Subtitles::vx_c00453_p01_plr_v01,He encontrado un camino.,
Subtitles::vx_c00453_p01_plr_v02,He encontrado un camino.,
Subtitles::vx_c00453_p01_plr_v03,He encontrado un camino.,
Subtitles::vx_c00453_p01_plr_v04,He encontrado un camino.,
Subtitles::vx_c00453_p01_plr_v06,He encontrado un camino.,
Subtitles::vx_c00453_p01_plr_v07,He encontrado un camino.,
Subtitles::vx_c00453_p01_plr_v08,He encontrado un camino.,
Subtitles::vx_c00067_p01_plr_v02,He encontrado una veta de mineral.,
Subtitles::vx_c00067_p01_plr_v03,He encontrado mineral.,
Subtitles::vx_c00007_p02_plr_v01,"Por lo que he oído, se quedaron atrapados aquí. Ja. Como nosotros.",
Subtitles::vx_c00430_p01_plr_v04,Me estoy congelando. Tengo que entrar en calor.,
Subtitles::vx_c00430_p01_plr_v03,¿Me estoy congelando? Esto pinta mal.,
Subtitles::vx_c00430_p01_plr_v02,"¿Me estoy congelando? Ay, no.",
Subtitles::vx_c00438_p01_plr_v06,Bah. No tengo la herramienta correcta para esto.,
Subtitles::vx_c00434_p01_plr_v01,Ay. Me quemo.,
Subtitles::vx_c00531_p01_plr_v07,Puaj. Ni hablar. Esta comida huele a pies de trolls.,
Subtitles::vx_c00531_p01_plr_v05,Puaj. Esta comida huele a pies de trolls.,
Subtitles::vx_c00631_p01_gun_v01,A por ellos.,
Subtitles::vx_c00175_p01_redu_v02,Ponte a patrullar de nuevo.,
Subtitles::vx_c000725_p01_nato_v01,"Venga, a trabajar.",
Subtitles::vx_c000725_p01_redo_v01,"Venga, a trabajar.",
Subtitles::vx_c000725_p01_redo_v02,"Venga, a trabajar.",
Subtitles::vx_c00725_p01_deepo_v01,"Venga, a trabajar.",
Subtitles::vx_c00725_p01_gmen_v01,"Venga, a trabajar.",
Subtitles::vx_c00725_p01_gmen_v02,"Venga, a trabajar.",
Subtitles::vx_c00725_p01_gun_v02,"Venga, a trabajar.",
Subtitles::vx_c00725_p01_natg_v01,"Venga, a trabajar.",
Subtitles::vx_c00725_p01_natg_v02,"Venga, a trabajar.",
Subtitles::vx_c00725_p01_nato_v02,"Venga, a trabajar.",
Subtitles::vx_c00725_p01_redu_v01,"Venga, a trabajar.",
Subtitles::vx_c00725_p01_redu_v02,"Venga, a trabajar.",
Subtitles::vx_c00725_p01_shdw_v02,"Venga, a trabajar.",
Subtitles::vx_c00603_p01_plr_v01,"Atrás, orco de la sombra.",
Subtitles::vx_c00603_p01_plr_v02,"Atrás, orco de la sombra.",
Subtitles::vx_c00603_p01_plr_v03,"Atrás, orco de la sombra.",
Subtitles::vx_c00603_p01_plr_v04,"Atrás, orco de la sombra.",
Subtitles::vx_c00603_p01_plr_v05,"Atrás, orco de la sombra.",
Subtitles::vx_c00603_p01_plr_v06,"Atrás, orco de la sombra.",
Subtitles::vx_c00603_p01_plr_v07,"Atrás, orco de la sombra.",
Subtitles::vx_c00603_p01_plr_v08,"Atrás, orco de la sombra.",
Subtitles::vx_c00370_p01_plr_v01,"Atrás, dragona.",
Subtitles::vx_c00370_p01_plr_v02,"Atrás, dragona.",
Subtitles::vx_c00370_p01_plr_v03,"Atrás, dragona.",
Subtitles::vx_c00370_p01_plr_v04,"Atrás, dragona.",
Subtitles::vx_c00370_p01_plr_v05,"Atrás, dragona.",
Subtitles::vx_c00370_p01_plr_v06,"Atrás, dragona.",
Subtitles::vx_c00370_p01_plr_v07,"Atrás, dragona.",
Subtitles::vx_c00370_p01_plr_v08,"Atrás, dragona.",
Subtitles::vx_c00235_p01_nato_v01,Atrás.,
Subtitles::vx_c00235_p01_nato_v02,Atrás.,
Subtitles::vx_c00235_p01_shdw_v02,Atrás.,
Subtitles::vx_c00219_p01_gun_v02,"A por ellos, chicos.",
Subtitles::vx_c00219_p01_gmen_v01,"A por ellos, chavales.",
Subtitles::vx_c00219_p01_gmen_v02,"A por ellos, chavales.",
Subtitles::vx_c00219_p01_redo_v01,"A por ellos, chavales.",
Subtitles::vx_c00219_p01_redo_v02,"A por ellos, chavales.",
Subtitles::vx_c00219_p01_deepo_v01,A por ellos.,
Subtitles::vx_c00219_p01_natg_v01,A por ellos.,
Subtitles::vx_c00219_p01_natg_v02,A por ellos.,
Subtitles::vx_c00219_p01_shdw_v02,A por ellos.,
Subtitles::vx_c00598_p01_plr_v01,Fuera de nuestra montaña.,
Subtitles::vx_c00598_p01_plr_v02,Fuera de nuestra montaña.,
Subtitles::vx_c00598_p01_plr_v03,Fuera de nuestra montaña.,
Subtitles::vx_c00598_p01_plr_v04,Fuera de nuestra montaña.,
Subtitles::vx_c00598_p01_plr_v05,Fuera de nuestra montaña.,
Subtitles::vx_c00598_p01_plr_v06,Fuera de nuestra montaña.,
Subtitles::vx_c00598_p01_plr_v07,Fuera de nuestra montaña.,
Subtitles::vx_c00598_p01_plr_v08,Fuera de nuestra montaña.,
Subtitles::vx_c00240_p01_redu_v01,"Fuera de aquí, escoria del norte.",
Subtitles::vx_c00240_p01_redu_v02,"Fuera de aquí, escoria del norte.",
Subtitles::vx_c00203_p01_tro_v01,Fuera de mi camino.,
Subtitles::vx_c000727_p01_nato_v01,Hacia allí.,
Subtitles::vx_c000727_p01_redo_v01,Hacia allí.,
Subtitles::vx_c000727_p01_redo_v02,Hacia allí.,
Subtitles::vx_c00231_p01_gmen_v02,Hacia allí.,
Subtitles::vx_c00727_p01_deepo_v01,Hacia allí.,
Subtitles::vx_c00727_p01_gmen_v01,Hacia allí.,
Subtitles::vx_c00727_p01_gmen_v02,Hacia allí.,
Subtitles::vx_c00727_p01_gun_v02,Hacia allí.,
Subtitles::vx_c00727_p01_natg_v01,Hacia allí.,
Subtitles::vx_c00727_p01_natg_v02,Hacia allí.,
Subtitles::vx_c00727_p01_nato_v02,Hacia allí.,
Subtitles::vx_c00727_p01_redu_v01,Hacia allí.,
Subtitles::vx_c00727_p01_redu_v02,Hacia allí.,
Subtitles::vx_c00727_p01_shdw_v02,Hacia allí.,
Subtitles::vx_c00082_p01_plr_v02,Preparaos: oigo orcos.,
Subtitles::vx_c00100_p01_bolg_v01,"A por ellos, gusanos.",
Subtitles::vx_c00173_p01_shdw_v01,A trabajar.,
Subtitles::vx_c00236_p01_natg_v01,Ya veréis la próxima vez.,
Subtitles::vx_c00236_p01_natg_v02,Ya veréis la próxima vez.,
Subtitles::vx_c00006_p02_plr_v03,Gimli nunca mencionó nada de maldiciones.,
Subtitles::vx_c00008_p02_plr_v06,Gimli no nos habría enviado aquí si el Flagelo de Durin aún fuese una amenaza.,
Subtitles::vx_c00093_p03_bolg_v01,"Dadles la bienvenida, chicos.",
Subtitles::vx_c00301_p01_bolg_v01,Ríndete ya.,
Subtitles::vx_c00228_p01_shdw_v01,Te arrancaré los huesos.,
Subtitles::vx_c00228_p01_shdw_v02,Te arrancaré los huesos.,
Subtitles::vx_c00307_p01_drgn_v01,Te arrancaré los huesos.,
Subtitles::vx_c00119_p01_king_v01,"Ríndete, enano.",
Subtitles::vx_c00303_p01_drgn_v01,"Ríndete, enano.",
Subtitles::vx_c00125_p01_drgn_v01,Rendíos. No ganaréis.,
Subtitles::vx_c00325_p03_gun_v02,Otra vez. Que sangre.,
Subtitles::vx_c00320_p03_redu_v02,Otra vez. Que quede irreconocible.,
Subtitles::vx_c00326_p03_deepo_v01,Otra vez. Que sufra.,
Subtitles::vx_c00111_p01_plr_v03,Vuelve a las profundidades.,
Subtitles::vx_c00111_p01_plr_v06,Vuelve a las profundidades.,
Subtitles::vx_c00111_p01_plr_v05,Vuelve a las profundidades.,
Subtitles::vx_c00111_p01_plr_v01,Vuelve a las profundidades.,
Subtitles::vx_c00111_p01_plr_v02,Vuelve a las profundidades.,
Subtitles::vx_c00111_p01_plr_v04,Vuelve a las profundidades.,
Subtitles::vx_c00111_p01_plr_v08,Vuelve a las profundidades.,
Subtitles::vx_c00575_p01_plr_v01,¡De vuelta a vuestro agujero!,
Subtitles::vx_c00575_p01_plr_v02,¡De vuelta a vuestro agujero!,
Subtitles::vx_c00575_p01_plr_v03,¡De vuelta a vuestro agujero!,
Subtitles::vx_c00575_p01_plr_v04,¡De vuelta a vuestro agujero!,
Subtitles::vx_c00575_p01_plr_v05,¡De vuelta a vuestro agujero!,
Subtitles::vx_c00575_p01_plr_v06,¡De vuelta a vuestro agujero!,
Subtitles::vx_c00575_p01_plr_v07,¡De vuelta a vuestro agujero!,
Subtitles::vx_c00575_p01_plr_v08,¡De vuelta a vuestro agujero!,
Subtitles::vx_c00241_p01_redo_v01,Volved a vuestras ratoneras.,
Subtitles::vx_c00241_p01_redo_v02,Volved a vuestras ratoneras.,
Subtitles::vx_c00087_p02_rav_v01,Sube. Pero cuidado. Orcos.,
Subtitles::vx_c00194_p01_tro_v01,"Ayer, cabra; hoy, cabra otra vez. Qué aburrimiento.",
Subtitles::vx_c00512_p01_plr_v01,Como nuevo.,
Subtitles::vx_c00512_p01_plr_v02,Como nuevo.,
Subtitles::vx_c00512_p01_plr_v03,Como nuevo.,
Subtitles::vx_c00512_p01_plr_v04,Como nuevo.,
Subtitles::vx_c00512_p01_plr_v05,Como nuevo.,
Subtitles::vx_c00512_p01_plr_v06,Como nuevo.,
Subtitles::vx_c00512_p01_plr_v08,Como nuevo.,
Subtitles::vx_c00090_p02_rav_v01,Buenas noticias. El señor Gimli cruza la montaña hacia la Puerta del Valle del Arroyo Sombrío. Puerta oriental.,
Subtitles::vx_c00348_p02_plr_v05,Menos mal que no tengo problemas con los hongos.,
Subtitles::vx_c00355_p01_plr_v01,"Bien, el nivel del agua está bajando.",
Subtitles::vx_c00355_p01_plr_v02,"Bien, el nivel del agua está bajando.",
Subtitles::vx_c00355_p01_plr_v03,"Bien, el nivel del agua está bajando.",
Subtitles::vx_c00355_p01_plr_v04,"Bien, el nivel del agua está bajando.",
Subtitles::vx_c00355_p01_plr_v05,"Bien, el nivel del agua está bajando.",
Subtitles::vx_c00355_p01_plr_v06,"Bien, el nivel del agua está bajando.",
Subtitles::vx_c00355_p01_plr_v07,"Bien, el nivel del agua está bajando.",
Subtitles::vx_c00355_p01_plr_v08,"Bien, el nivel del agua está bajando.",
Subtitles::vx_c00486_p01_plr_v04,Por la diosa. Qué bien me sienta esta luz.,
Subtitles::vx_c00223_p01_gmen_v01,Esta vez se ha escapado.,
Subtitles::vx_c00223_p01_gmen_v02,Esta vez se ha escapado.,
Subtitles::vx_c00082_p01_plr_v03,Tenemos compañía. Preparaos.,
Subtitles::vx_c00067_p01_plr_v01,Aquí hay mineral.,
Subtitles::vx_c00077_p01_plr_v01,Tengo algo.,
Subtitles::vx_c00458_p01_plr_v03,Parece que tenemos algo nuevo por aquí.,
Subtitles::vx_c00128_p02_plr_v02,Hay que seguirla.,
Subtitles::vx_c00128_p02_plr_v03,Hay que seguirla.,
Subtitles::vx_c00128_p02_plr_v04,Hay que seguirla. Vamos.,
Subtitles::vx_c00101_p01_bolg_v01,Ya te tengo.,
Subtitles::vx_c00234_p01_nato_v01,Ya te tengo.,
Subtitles::vx_c00234_p01_nato_v02,Ya te tengo.,
Subtitles::vx_c00234_p01_redu_v01,Ya te tengo.,
Subtitles::vx_c00234_p01_redu_v02,Ya te tengo.,
Subtitles::vx_c00205_p01_tro_v01,Ya te tengo.,
Subtitles::vx_c00128_p02_plr_v01,Hay que seguirla.,
Subtitles::vx_c00128_p02_plr_v05,Hay que seguirla.,
Subtitles::vx_c00128_p02_plr_v06,Hay que seguirla.,
Subtitles::vx_c00128_p02_plr_v07,Hay que seguirla.,
Subtitles::vx_c00128_p02_plr_v08,Hay que seguirla.,
Subtitles::vx_c00145_p02_redo_v02,Hay que pasar desapercibidos hasta que el Señor Oscuro nos vuelva a llamar.,
Subtitles::vx_c00145_p02_redu_v02,Hay que pasar desapercibidos hasta que el Señor Oscuro nos vuelva a llamar.,
Subtitles::vx_c00484_p01_plr_v08,Tenéis que estar preparados para lo que sea.,
Subtitles::vx_c00267_p01_deepo_v01,Cogedlo rápido y destrozad el resto.,
Subtitles::vx_c00267_p01_nato_v01,Coged el botín y destrozad el resto.,
Subtitles::vx_c00267_p01_nato_v02,Coged el botín y destrozad el resto.,
Subtitles::vx_c00096_p01_bolg_v01,Grrrr. Estaba hablando.,
Subtitles::vx_c00235_p01_gun_v02,Gundabad triunfará.,
Subtitles::vx_c00578_p01_plr_v05,"Ja, ja, ja. Te clavaré la espada en el cuello.",
Subtitles::vx_c00439_p01_plr_v05,"Ja, ja, ja. Mira este tesoro.",
Subtitles::vx_c00233_p01_natg_v01,"Ja, ja, ja. No tenéis escapatoria.",
Subtitles::vx_c00442_p01_plr_v05,"Ja, ja. <Subtitle.Italic>Khazad-dûm</>. Estamos en casa.",
Subtitles::vx_c00573_p01_plr_v05,"Ja, ja. Los enanos han regresado.",
Subtitles::vx_c00224_p01_gmen_v01,"Ja, ja. Me encanta ver a los enanos corriendo despavoridos.",
Subtitles::vx_c00224_p01_gmen_v02,"Ja, ja. Me encanta ver a los enanos corriendo despavoridos.",
Subtitles::vx_c00266_p01_gun_v02,"Ja, ja. Oh. Un botín enano.",
Subtitles::vx_c00579_p01_plr_v03,"Ja, ja. Blande tu arma en otra parte.",
Subtitles::vx_c00498_p01_plr_v04,"Ja, ja, ja. Sí. // Ja, ja. Yujuuu.",
Subtitles::vx_c00459_p01_plr_v05,"Ja. Jo, jo, jo. Menudo tesoro.",
Subtitles::vx_c00234_p01_deepo_v01,Ja. Al suelo.,
Subtitles::vx_c00555_p01_plr_v07,Ja. Menudo golpe más letal.,
Subtitles::vx_c00580_p01_plr_v05,Ja. ¿Eso es todo de lo que eres capaz?,
Subtitles::vx_c00377_p01_plr_v05,"Ja. Ahí está el puente de Khazad-dûm, la salida.",
Subtitles::vx_c00046_p05_plr_v05,"¿La antigua ruta de los peregrinos de la que hablan las leyendas? ¿Existe? Pues ya tenemos plan. Gracias, Aric.",
Subtitles::vx_c00177_p01_redo_v02,¿Ya has tenido algún encontronazo con esas babosas de Gundabad?,
Subtitles::vx_c00383_p02_plr_v03,"Ja, ¡nos desharemos de ese monarca de pacotilla!",
Subtitles::vx_c00506_p01_plr_v04,"Ja, ja. Dale. Canta esa canción.",
Subtitles::vx_c00492_p01_plr_v05,"Ja, ja. Volvamos a cantar.",
Subtitles::vx_c00492_p01_plr_v01,"Ja, ja. Volvamos a cantar.",
Subtitles::vx_c00492_p01_plr_v02,"Ja, ja. Volvamos a cantar.",
Subtitles::vx_c00492_p01_plr_v03,"Ja, ja. Volvamos a cantar.",
Subtitles::vx_c00492_p01_plr_v04,"Ja, ja. Volvamos a cantar.",
Subtitles::vx_c00492_p01_plr_v06,"Ja, ja. Volvamos a cantar.",
Subtitles::vx_c00492_p01_plr_v07,"Ja, ja. Volvamos a cantar.",
Subtitles::vx_c00492_p01_plr_v08,"Ja, ja. Volvamos a cantar.",
Subtitles::vx_c00506_p01_plr_v01,"Ja, ja. Canta esa canción.",
Subtitles::vx_c00506_p01_plr_v03,"Ja, ja. Canta esa canción.",
Subtitles::vx_c00506_p01_plr_v05,"Ja, ja. Canta esa canción.",
Subtitles::vx_c00506_p01_plr_v06,"Ja, ja. Canta esa canción.",
Subtitles::vx_c00506_p01_plr_v07,"Ja, ja. Canta esa canción.",
Subtitles::vx_c00506_p01_plr_v08,"Ja, ja. Canta esa canción.",
Subtitles::vx_c00234_p01_redo_v01,"Ja, ja, ja. No sois rivales para nosotros.",
Subtitles::vx_c00234_p01_redo_v02,"Ja, ja, ja. No sois rivales para nosotros.",
Subtitles::vx_c00511_p01_plr_v01,"Ja, ja, ja, menudo edificio imponente.",
Subtitles::vx_c00511_p01_plr_v03,"Ja, ja, ja, menudo edificio imponente.",
Subtitles::vx_c00511_p01_plr_v04,"Ja, ja, ja, menudo edificio imponente.",
Subtitles::vx_c00511_p01_plr_v05,"Ja, ja, ja, menudo edificio imponente.",
Subtitles::vx_c00511_p01_plr_v06,"Ja, ja, ja, menudo edificio imponente.",
Subtitles::vx_c00511_p01_plr_v07,"Ja, ja, ja, menudo edificio imponente.",
Subtitles::vx_c00511_p01_plr_v08,"Ja, ja, ja, menudo edificio imponente.",
Subtitles::vx_c00420_p01_plr_v02,"Ja, ja, ja, ¡he comido muchísimo!",
Subtitles::vx_c000747_p01_nato_v01,"Ja, ja, ja. Bolgakh os manda recuerdos.",
Subtitles::vx_c00490_p01_plr_v01,"Ja, ja, ja. Y ahora, a excavar.",
Subtitles::vx_c00490_p01_plr_v02,"Ja, ja, ja. Y ahora, a excavar.",
Subtitles::vx_c00490_p01_plr_v04,"Ja, ja, ja. Y ahora, a excavar.",
Subtitles::vx_c00490_p01_plr_v05,"Ja, ja, ja. Y ahora, a excavar.",
Subtitles::vx_c00490_p01_plr_v06,"Ja, ja, ja. Y ahora, a excavar.",
Subtitles::vx_c00490_p01_plr_v08,"Ja, ja, ja. Y ahora, a excavar.",
Subtitles::vx_c00490_p01_plr_v07,"Ja, ja, ja. Toma ya, a excavar.",
Subtitles::vx_c000742_p01_nato_v01,"Ja, ja, ja. Todos muertos. Moria es nuestra.",
Subtitles::vx_c00742_p01_deepo_v01,"Ja, ja, ja. Todos muertos. Moria es nuestra.",
Subtitles::vx_c00742_p01_gmen_v01,"Ja, ja, ja. Todos muertos. Moria es nuestra.",
Subtitles::vx_c00742_p01_gmen_v02,"Ja, ja, ja. Todos muertos. Moria es nuestra.",
Subtitles::vx_c00742_p01_gun_v02,"Ja, ja, ja. Todos muertos. Moria es nuestra.",
Subtitles::vx_c00742_p01_nato_v02,"Ja, ja, ja. Todos muertos. Moria es nuestra.",
Subtitles::vx_c00742_p01_redu_v01,"Ja, ja, ja. Todos muertos. Moria es nuestra.",
Subtitles::vx_c00742_p01_redu_v02,"Ja, ja, ja. Todos muertos. Moria es nuestra.",
Subtitles::vx_c00224_p01_redo_v01,"Ja, ja, ja, ja. Mira cómo corren.",
Subtitles::vx_c00224_p01_redo_v02,"Ja, ja, ja, ja. Mira cómo corren.",
Subtitles::vx_c00224_p01_redu_v01,"Ja, ja, ja, ja. Mira cómo corren.",
Subtitles::vx_c00224_p01_redu_v02,"Ja, ja, ja, ja. Mira cómo corren.",
Subtitles::vx_c00737_p01_natg_v01,"Ja, ja, ja, ja. Qué ganas de hincarles el diente.",
Subtitles::vx_c00091_p03_drgn_v01,"Ja, ja, ja, ja, ja. ¿Ah, sí?",
Subtitles::vx_c00386_p01_plr_v01,¡Martillos y yunques! El camino también está bloqueado aquí.,
Subtitles::vx_c00386_p01_plr_v02,¡Martillos y yunques! El camino también está bloqueado aquí.,
Subtitles::vx_c00386_p01_plr_v03,¡Martillos y yunques! El camino también está bloqueado aquí.,
Subtitles::vx_c00386_p01_plr_v04,¡Martillos y yunques! El camino también está bloqueado aquí.,
Subtitles::vx_c00386_p01_plr_v05,¡Martillos y yunques! El camino también está bloqueado aquí.,
Subtitles::vx_c00386_p01_plr_v06,¡Martillos y yunques! El camino también está bloqueado aquí.,
Subtitles::vx_c00386_p01_plr_v07,¡Martillos y yunques! El camino también está bloqueado aquí.,
Subtitles::vx_c00386_p01_plr_v08,¡Martillos y yunques! El camino también está bloqueado aquí.,
Subtitles::vx_c00348_p02_plr_v01,Cuesta creer que alberguen vida.,
Subtitles::vx_c00183_p02_gun_v02,Odio más a los enanos.,
Subtitles::vx_c00155_p01_gun_v02,Odio a los orcos de Mordor. ¿Se creen que son mejores que nosotros?,
Subtitles::vx_c00151_p01_redo_v02,"¿La has visto? A la dragona, digo.",
Subtitles::vx_c00151_p01_redu_v02,"¿La has visto? A la dragona, digo.",
Subtitles::vx_c00075_p01_gmen_v02,¿La has visto?…,
Subtitles::vx_c00403_p02_plr_v03,Murió pensando que había condenado a todo el linaje de Durin.,
Subtitles::vx_c00130_p04_plr_v01,Él está muerto.,
Subtitles::vx_c00130_p04_plr_v02,Él está muerto.,
Subtitles::vx_c00130_p04_plr_v03,Él está muerto.,
Subtitles::vx_c00130_p04_plr_v04,Él está muerto.,
Subtitles::vx_c00130_p04_plr_v05,Él está muerto.,
Subtitles::vx_c00130_p04_plr_v06,Él está muerto.,
Subtitles::vx_c00130_p04_plr_v07,Él está muerto.,
Subtitles::vx_c00130_p04_plr_v08,Él está muerto.,
Subtitles::vx_c00147_p03_redo_v01,"Volverá. Y, cuando lo haga, estaremos listos.",
Subtitles::vx_c00147_p03_redu_v01,"Volverá. Y, cuando lo haga, estaremos listos.",
Subtitles::vx_c00171_p02_shdw_v02,Él ya no está. Está muerto. Ahora está ella. Ella.,
Subtitles::vx_c00171_p02_shdw_v01,Pero él ya no está. Ahora está ella.,
Subtitles::vx_c00146_p02_redo_v01,Solo es rey porque es el más grande de nosotros.,
Subtitles::vx_c00090_p03_plr_v01,¡Entonces está a salvo.,
Subtitles::vx_c00090_p03_plr_v02,¡Entonces está a salvo.,
Subtitles::vx_c00090_p03_plr_v03,¡Entonces está a salvo.,
Subtitles::vx_c00090_p03_plr_v04,¡Entonces está a salvo.,
Subtitles::vx_c00090_p03_plr_v05,¡Entonces está a salvo.,
Subtitles::vx_c00090_p03_plr_v06,¡Entonces está a salvo.,
Subtitles::vx_c00090_p03_plr_v07,¡Entonces está a salvo.,
Subtitles::vx_c00090_p03_plr_v08,¡Entonces está a salvo.,
Subtitles::vx_c00148_p01_redo_v01,¿Lo habéis oído? La dragona ha destruido el puente. Estamos atrapados.,
Subtitles::vx_c00148_p01_redu_v01,¿Lo habéis oído? La dragona ha destruido el puente. Estamos atrapados.,
Subtitles::vx_c00148_p02_redo_v02,Dicen que ha matado a toda la patrulla.,
Subtitles::vx_c00148_p02_redu_v02,Dicen que ha matado a toda la patrulla.,
Subtitles::vx_c00149_p02_redo_v01,Creo que el señor le hizo perder el juicio.,
Subtitles::vx_c00149_p02_redu_v01,Creo que el señor le hizo perder el juicio.,
Subtitles::vx_c00170_p01_deepg_v02,He oído que tienes carne de oso. Danos un poco.,
Subtitles::vx_c00170_p01_deepo_v02,He oído que tienes carne de troll. Compártela conmigo.,
Subtitles::vx_c00434_p01_plr_v02,"Paso, que voy ardiendo.",
Subtitles::vx_c00444_p01_plr_v06,Pesa... Pesa mucho...,
Subtitles::vx_c00453_p01_plr_v05,Je. He encontrado un camino.,
Subtitles::vx_c00445_p01_plr_v01,Tomad.,
Subtitles::vx_c00696_p01_plr_v01,Aquí está el fragmento del hacha de Durin.,
Subtitles::vx_c00696_p01_plr_v02,Aquí está el fragmento del hacha de Durin.,
Subtitles::vx_c00696_p01_plr_v03,Aquí está el fragmento del hacha de Durin.,
Subtitles::vx_c00696_p01_plr_v04,Aquí está el fragmento del hacha de Durin.,
Subtitles::vx_c00696_p01_plr_v05,Aquí está el fragmento del hacha de Durin.,
Subtitles::vx_c00696_p01_plr_v06,Aquí está el fragmento del hacha de Durin.,
Subtitles::vx_c00696_p01_plr_v07,Aquí está el fragmento del hacha de Durin.,
Subtitles::vx_c00696_p01_plr_v08,Aquí está el fragmento del hacha de Durin.,
Subtitles::vx_c00354_p01_plr_v03,Aquí están. El antiguo mecanismo de drenaje. Qué fácil ha sido.,
Subtitles::vx_c00354_p01_plr_v02,Aquí están. La antigua bomba de drenaje. Qué fácil ha sido.,
Subtitles::vx_c00354_p01_plr_v04,Aquí están. La antigua bomba de drenaje. Qué fácil ha sido.,
Subtitles::vx_c00354_p01_plr_v05,Aquí están. La antigua bomba de drenaje. Qué fácil ha sido.,
Subtitles::vx_c00354_p01_plr_v06,Aquí están. La antigua bomba de drenaje. Qué fácil ha sido.,
Subtitles::vx_c00354_p01_plr_v07,Aquí están. La antigua bomba de drenaje. Qué fácil ha sido.,
Subtitles::vx_c00354_p01_plr_v08,Aquí están. La antigua bomba de drenaje. Qué fácil ha sido.,
Subtitles::vx_c00354_p01_plr_v01,Aquí están. Las antiguas bombas de drenaje. Qué fácil ha sido.,
Subtitles::vx_c00382_p02_plr_v01,Por fin hemos llegado.,
Subtitles::vx_c00067_p01_plr_v04,Aquí hay una buena veta de mineral.,
Subtitles::vx_c00003_p01_plr_v01,Por aquí hay un camino. Necesito un pico.,
Subtitles::vx_c00003_p01_plr_v02,Por aquí hay un camino. Necesito un pico.,
Subtitles::vx_c00003_p01_plr_v03,Por aquí hay un camino. Necesito un pico.,
Subtitles::vx_c00003_p01_plr_v04,Por aquí hay un camino. Necesito un pico.,
Subtitles::vx_c00003_p01_plr_v05,Por aquí hay un camino. Necesito un pico.,
Subtitles::vx_c00003_p01_plr_v06,Por aquí hay un camino. Necesito un pico.,
Subtitles::vx_c00003_p01_plr_v07,Por aquí hay un camino. Necesito un pico.,
Subtitles::vx_c00003_p01_plr_v08,Por aquí hay un camino. Necesito un pico.,
Subtitles::vx_c00067_p01_plr_v08,Aquí hay una veta de mineral.,
Subtitles::vx_c00217_p01_shdw_v02,"¡Moria le pertenece a ella! ¡Sí, a ella!",
Subtitles::vx_c00730_p01_gun_v02,Eh. Eso es mío.,
Subtitles::vx_c00500_p01_plr_v04,"Eh, eh. Eso.",
Subtitles::vx_c00078_p01_plr_v07,Eh. Mirad eso.,
Subtitles::vx_c00231_p01_gmen_v01,Eh. Hacia allí.,
Subtitles::vx_c000734_p01_natg_v01,Eh. Basta.,
Subtitles::vx_c000734_p01_nato_v01,Eh. Basta.,
Subtitles::vx_c000734_p01_redo_v02,Eh. Basta.,
Subtitles::vx_c00734_p01_deepo_v01,Eh. Basta.,
Subtitles::vx_c00734_p01_gmen_v01,Eh. Basta.,
Subtitles::vx_c00734_p01_gmen_v02,Eh. Basta.,
Subtitles::vx_c00734_p01_gun_v02,Eh. Basta.,
Subtitles::vx_c00734_p01_natg_v02,Eh. Basta.,
Subtitles::vx_c00734_p01_nato_v02,Eh. Basta.,
Subtitles::vx_c00734_p01_redu_v01,Eh. Basta.,
Subtitles::vx_c00734_p01_redu_v02,Eh. Basta.,
Subtitles::vx_c00734_p01_shdw_v02,Eh. Basta.,
Subtitles::vx_c00077_p01_plr_v06,Eh. Aquí hay algo.,
Subtitles::vx_c00458_p01_plr_v07,"Anda, esto es nuevo.",
Subtitles::vx_c00498_p01_plr_v01,"Ja, ja, ja. Yujuuu.",
Subtitles::vx_c00498_p01_plr_v05,"Ja, ja, ja. Yujuuu.",
Subtitles::vx_c00498_p01_plr_v06,"Ja, ja, ja. Yujuuu.",
Subtitles::vx_c00498_p01_plr_v07,"Ja, ja, ja. Yujuuu.",
Subtitles::vx_c00498_p01_plr_v08,"Ja, ja, ja. Yujuuu.",
Subtitles::vx_c00237_p01_deepo_v01,Refugiémonos.,
Subtitles::vx_c00237_p01_deepo_v02,Refugiémonos.,
Subtitles::vx_c00237_p01_natg_v01,Refugiémonos.,
Subtitles::vx_c00237_p01_natg_v02,Refugiémonos.,
Subtitles::vx_c00403_p02_plr_v06,Su última batalla no caerá en el olvido.,
Subtitles::vx_c00223_p01_natg_v01,"Sssss. Te encontraré, enano.",
Subtitles::vx_c00438_p01_plr_v05,Mmm. No tengo la herramienta correcta para esto.,
Subtitles::vx_c00086_p03_plr_v05,"A esta profundidad, no, pero la sombra se cuela igualmente por las grietas. ¿Sabías que los enanos debíamos combatirla?",
Subtitles::vx_c00454_p01_plr_v03,"Mmm, un camino nuevo.",
Subtitles::vx_c00513_p01_plr_v03,"Mmm, de nuevo recio e imponente.",
Subtitles::vx_c00502_p01_plr_v01,Mmm... Igual en otro momento.,
Subtitles::vx_c00502_p01_plr_v02,Mmm... Igual en otro momento.,
Subtitles::vx_c00502_p01_plr_v03,Mmm... Igual en otro momento.,
Subtitles::vx_c00502_p01_plr_v04,Mmm... Igual en otro momento.,
Subtitles::vx_c00502_p01_plr_v05,Mmm... Igual en otro momento.,
Subtitles::vx_c00502_p01_plr_v06,Mmm... Igual en otro momento.,
Subtitles::vx_c00502_p01_plr_v07,Mmm... Igual en otro momento.,
Subtitles::vx_c00502_p01_plr_v08,Mmm... Igual en otro momento.,
Subtitles::vx_c00222_p01_gun_v02,Mmm… Aquí no hay nada.,
Subtitles::vx_c00490_p01_plr_v03,"Jo, jo. Hora de excavar.",
Subtitles::vx_c00412_p02_plr_v08,La verdad es que compartiría el mineral con la cabra que tengo en casa.,
Subtitles::vx_c00434_p01_plr_v05,"Jo, jo, jo. No soporto este calor.",
Subtitles::vx_c00482_p01_plr_v08,Pozo de vapor ardiente. Cuidado.,
Subtitles::vx_c00486_p01_plr_v03,Cuánta luz hay aquí. Una buena señal.,
Subtitles::vx_c00054_p02_gmen_v01,¿Cómo puedes oler algo además de tu propia peste?,
Subtitles::vx_c00375_p02_plr_v05,¿Cómo es posible que un troll se hiciera con uno de los fragmentos? Si son unos cabezas de chorlito.,
Subtitles::vx_c00375_p02_plr_v03,¿Cómo es posible que un troll se hiciera con uno de los fragmentos? Si son unos cabezas de chorlito.,
Subtitles::vx_c00384_p02_plr_v02,Es horrible.,
Subtitles::vx_c00362_p02_plr_v05,¿Desde cuándo no pasa un enano por aquí?,
Subtitles::vx_c00401_p02_plr_v01,¿Cuánto tiempo lleva encerrada en Mordor?,
Subtitles::vx_c00364_p02_plr_v02,Cuánto perdieron por el camino...,
Subtitles::vx_c00184_p02_gun_v02,¡Y yo qué sé!,
Subtitles::vx_c00184_p02_gun_v01,"Y yo qué sé. Pregúntales a esas ratas de Mordor, ¿quieres?",
Subtitles::vx_c00484_p01_plr_v07,¡¿Cómo es que el señor Gimli no me habló de esto?!,
Subtitles::vx_c00375_p02_plr_v01,¿Cómo es posible que un troll se hiciera con uno de los fragmentos? Si tienen la cabeza hueca.,
Subtitles::vx_c00375_p02_plr_v02,¿Cómo es posible que un troll se hiciera con uno de los fragmentos? Si son unos cabezas de chorlito.,
Subtitles::vx_c00375_p02_plr_v04,¿Cómo es posible que un troll se hiciera con uno de los fragmentos? Si son unos cabezas de chorlito.,
Subtitles::vx_c00375_p02_plr_v06,¿Cómo es posible que un troll se hiciera con uno de los fragmentos? Si son unos cabezas de chorlito.,
Subtitles::vx_c00375_p02_plr_v07,¿Cómo es posible que un troll se hiciera con uno de los fragmentos? Si son unos cabezas de chorlito.,
Subtitles::vx_c00375_p02_plr_v08,¿Cómo es posible que un troll se hiciera con uno de los fragmentos? Si son unos cabezas de chorlito.,
Subtitles::vx_c00401_p02_plr_v05,Mm... Una criatura odiosa con una prole igual de horrible...,
Subtitles::vx_c00452_p01_plr_v05,Mmm. No puedo romper eso.,
Subtitles::vx_c00451_p01_plr_v05,Mmm. No puedo excavar aquí.,
Subtitles::vx_c00385_p03_plr_v05,Mmm... Los orcos nos están haciendo un favor matándose entre ellos.,
Subtitles::vx_c00358_p03_plr_v05,Mmm... Es la sombra. Aquí hay algo que no va bien.,
Subtitles::vx_c00346_p01_plr_v03,Jum... Pobre.,
Subtitles::vx_c00032_p02_plr_v05,"Mmm, me pregunto por qué nadie recuerda este lugar.",
Subtitles::vx_c00458_p01_plr_v02,"Uy, esto parece nuevo.",
Subtitles::vx_c00624_p01_redu_v01,Daos prisa.,
Subtitles::vx_c00624_p01_redu_v02,Daos prisa.,
Subtitles::vx_c00619_p01_nato_v01,Deprisa.,
Subtitles::vx_c00619_p01_nato_v02,Deprisa.,
Subtitles::vx_c00568_p01_plr_v07,Sh. Menudo escándalo.,
Subtitles::vx_c00445_p01_plr_v04,Hurra.,
Subtitles::vx_c00159_p01_gmen_v01,Yo no paso de aquí.,
Subtitles::vx_c00159_p01_gmen_v02,Yo no voy a patrullar por ahí.,
Subtitles::vx_c00063_p02_natg_v02,Ya lo he hecho.,
Subtitles::vx_c00318_p02_gmen_v02,Ya lo he hecho.,
Subtitles::vx_c00324_p02_gun_v02,Ya lo he hecho.,
Subtitles::vx_c00120_p01_king_v01,Soy el rey.,
Subtitles::vx_c00424_p01_plr_v03,Ya veo mi final.,
Subtitles::vx_c00433_p01_plr_v03,Me quemo.,
Subtitles::vx_c00421_p01_plr_v05,No puedo más.,
Subtitles::vx_c00414_p01_plr_v05,Tengo un poquito de gusa. Pero nada grave.,
Subtitles::vx_c00427_p01_plr_v05,Se me congela la barba.,
Subtitles::vx_c00427_p01_plr_v03,Me muero de frío.,
Subtitles::vx_c00428_p01_plr_v05,Me muero de frío.,
Subtitles::vx_c00429_p01_plr_v03,Me estoy congelando de la cabeza a los pies.,
Subtitles::vx_c00415_p01_plr_v05,Qué cansancio...,
Subtitles::vx_c00364_p03_plr_v05,Me alegra poder recorrer sus salones una vez más.,
Subtitles::vx_c00413_p01_plr_v05,Tengo hambre.,
Subtitles::vx_c00456_p01_plr_v07,Este lugar es increíble.,
Subtitles::vx_c00431_p01_plr_v05,Me han envenenado.,
Subtitles::vx_c00592_p01_plr_v05,No puedo más.,
Subtitles::vx_c00382_p02_plr_v03,Sin palabras. Me he quedado de piedra.,
Subtitles::vx_c00625_p01_redo_v02,Ya voy.,
Subtitles::vx_c00625_p01_redo_v01,"Voy, voy.",
Subtitles::vx_c00458_p01_plr_v06,Seguro que consigo darle uso.,
Subtitles::vx_c00396_p02_plr_v04,Seguro que los nuestros sí que sabían montar fiestas a lo grande.,
Subtitles::vx_c00444_p01_plr_v05,Siento cómo mis brazos cobran fuerza.,
Subtitles::vx_c00486_p01_plr_v05,Siento la luz. Sí.,
Subtitles::vx_c00700_p01_drgn_v01,"Te oigo, enano. Da la cara.",
Subtitles::vx_c00396_p01_plr_v01,Ya me imagino cómo serían las fiestas del Día de Durin en estos mismos salones.,
Subtitles::vx_c00396_p01_plr_v02,Ya me imagino cómo serían las fiestas del Día de Durin en estos mismos salones.,
Subtitles::vx_c00396_p01_plr_v04,Ya me imagino cómo serían las fiestas del Día de Durin en estos mismos salones.,
Subtitles::vx_c00396_p01_plr_v05,Ya me imagino cómo serían las fiestas del Día de Durin en estos mismos salones.,
Subtitles::vx_c00396_p01_plr_v06,Ya me imagino cómo serían las fiestas del Día de Durin en estos mismos salones.,
Subtitles::vx_c00396_p01_plr_v07,Ya me imagino cómo serían las fiestas del Día de Durin en estos mismos salones.,
Subtitles::vx_c00396_p01_plr_v08,Ya me imagino cómo serían las fiestas del Día de Durin en estos mismos salones.,
Subtitles::vx_c00396_p01_plr_v03,Ya me imagino todas las fiestas del Día de Durin en estos mismos salones.,
Subtitles::vx_c00397_p01_plr_v01,Ahora puedo reconstruir las lámparas de Durin. Así podremos mantener las sombras a raya.,
Subtitles::vx_c00397_p01_plr_v02,Ahora puedo reconstruir las lámparas de Durin. Así podremos mantener las sombras a raya.,
Subtitles::vx_c00397_p01_plr_v03,Ahora puedo reconstruir las lámparas de Durin. Así podremos mantener las sombras a raya.,
Subtitles::vx_c00397_p01_plr_v04,Ahora puedo reconstruir las lámparas de Durin. Así podremos mantener las sombras a raya.,
Subtitles::vx_c00397_p01_plr_v05,Ahora puedo reconstruir las lámparas de Durin. Así podremos mantener las sombras a raya.,
Subtitles::vx_c00397_p01_plr_v06,Ahora puedo reconstruir las lámparas de Durin. Así podremos mantener las sombras a raya.,
Subtitles::vx_c00397_p01_plr_v07,Ahora puedo reconstruir las lámparas de Durin. Así podremos mantener las sombras a raya.,
Subtitles::vx_c00397_p01_plr_v08,Ahora puedo reconstruir las lámparas de Durin. Así podremos mantener las sombras a raya.,
Subtitles::vx_c00450_p01_plr_v01,Yo puedo arreglar esto.,
Subtitles::vx_c00450_p01_plr_v02,Yo puedo arreglar esto.,
Subtitles::vx_c00450_p01_plr_v03,Yo puedo arreglar esto.,
Subtitles::vx_c00450_p01_plr_v04,Yo puedo arreglar esto.,
Subtitles::vx_c00450_p01_plr_v06,Yo puedo arreglar esto.,
Subtitles::vx_c00450_p01_plr_v08,Yo puedo arreglar esto.,
Subtitles::vx_c00713_p01_drgn_v01,Puedo oleros.,
Subtitles::vx_c00374_p01_plr_v01,No me puedo creer que Dáin repudiase a Balin y a su colonia.,
Subtitles::vx_c00374_p01_plr_v02,No me puedo creer que Dáin repudiase a Balin y a su colonia.,
Subtitles::vx_c00374_p01_plr_v03,No me puedo creer que Dáin repudiase a Balin y a su colonia.,
Subtitles::vx_c00374_p01_plr_v04,No me puedo creer que Dáin repudiase a Balin y a su colonia.,
Subtitles::vx_c00374_p01_plr_v06,No me puedo creer que Dáin repudiase a Balin y a su colonia.,
Subtitles::vx_c00374_p01_plr_v07,No me puedo creer que Dáin repudiase a Balin y a su colonia.,
Subtitles::vx_c00374_p01_plr_v08,No me puedo creer que Dáin repudiase a Balin y a su colonia.,
Subtitles::vx_c00430_p01_plr_v05,"No puedo congelarme ahora, tengo que seguir.",
Subtitles::vx_c00422_p01_plr_v07,No puedo seguir. Me caigo de cansancio...,
Subtitles::vx_c00416_p01_plr_v06,No puedo seguir mucho más a este ritmo...,
Subtitles::vx_c00345_p02_plr_v06,Qué ganas de seguir bajando.,
Subtitles::vx_c00389_p02_plr_v02,Qué ganas tengo de meterme de lleno en la herrería de Norgrod.,
Subtitles::vx_c00357_p02_plr_v07,Me muero por usar la fragua como en el pasado.,
Subtitles::vx_c00374_p01_plr_v05,No me puedo creer que Dáin repudiase a Balin y a su colonia.,
Subtitles::vx_c00418_p01_plr_v03,No aguantaré mucho más sin comida.,
Subtitles::vx_c00384_p02_plr_v05,No me lo puedo imaginar... Cuánta destrucción y pérdida...,
Subtitles::vx_c00409_p01_plr_v01,No puedo marcharme aún... Primero debo matar a la dragona negra.,
Subtitles::vx_c00409_p01_plr_v02,No puedo marcharme aún... Primero debo matar a la dragona.,
Subtitles::vx_c00409_p01_plr_v03,No puedo marcharme aún... Primero debo matar a la dragona negra.,
Subtitles::vx_c00409_p01_plr_v04,No puedo marcharme aún... Primero debo matar a la dragona.,
Subtitles::vx_c00409_p01_plr_v05,No puedo marcharme aún... Primero debo matar a la dragona.,
Subtitles::vx_c00409_p01_plr_v06,No puedo marcharme aún... Primero debo matar a la dragona negra.,
Subtitles::vx_c00409_p01_plr_v07,No puedo marcharme aún... Primero debo matar a la dragona negra.,
Subtitles::vx_c00409_p01_plr_v08,No puedo marcharme aún... Primero debo matar a la dragona negra.,
Subtitles::vx_c00850_p01_plr_v05,No puedo irme aún. Todavía no he terminado aquí.,
Subtitles::vx_c00850_p01_plr_v03,No puedo irme aún. Todavía quedan cosas por hacer.,
Subtitles::vx_c00085_p04_rav_v01,No puedo decirlo. ¡Cra! ¡Cra! Una maldición. ¡Una terrible maldición! Me está bloqueando.,
Subtitles::vx_c00364_p02_plr_v05,Qué ganas tengo de descubrir todo lo que construyeron aquí.,
Subtitles::vx_c00400_p02_plr_v07,Me podría pasar el día mirándola...,
Subtitles::vx_c00420_p01_plr_v04,No puedo llevarme ni un bocado más a la boca.,
Subtitles::vx_c00411_p02_rav_v01,No podía marcharme volando sin despedirme. ¿Qué harás ahora?,
Subtitles::vx_c00320_p02_redo_v02,Ya lo he hecho.,
Subtitles::vx_c00326_p02_deepg_v02,Lo hice ayer.,
Subtitles::vx_c00085_p05_plr_v01,Nunca pensé que veríamos runas malditas en Moria.,
Subtitles::vx_c00085_p05_plr_v02,Nunca pensé que veríamos runas malditas en Moria.,
Subtitles::vx_c00085_p05_plr_v03,Nunca pensé que veríamos runas malditas en Moria.,
Subtitles::vx_c00085_p05_plr_v04,Nunca pensé que veríamos runas malditas en Moria.,
Subtitles::vx_c00085_p05_plr_v05,Nunca pensé que veríamos runas malditas en Moria.,
Subtitles::vx_c00085_p05_plr_v06,Nunca pensé que veríamos runas malditas en Moria.,
Subtitles::vx_c00085_p05_plr_v07,Nunca pensé que veríamos runas malditas en Moria.,
Subtitles::vx_c00085_p05_plr_v08,Nunca pensé que veríamos runas malditas en Moria.,
Subtitles::vx_c00013_p03_plr_v01,"Nunca pensé que veríamos runas malditas en Moria. En ese caso, tendremos que ir hacia el este.",
Subtitles::vx_c00013_p03_plr_v02,"Nunca pensé que veríamos runas malditas en Moria. En ese caso, tendremos que ir hacia el este.",
Subtitles::vx_c00013_p03_plr_v03,"Nunca pensé que veríamos runas malditas en Moria. En ese caso, tendremos que ir hacia el este.",
Subtitles::vx_c00013_p03_plr_v04,"Nunca pensé que veríamos runas malditas en Moria. En ese caso, tendremos que ir hacia el este.",
Subtitles::vx_c00013_p03_plr_v05,"Nunca pensé que veríamos runas malditas en Moria. En ese caso, tendremos que ir hacia el este.",
Subtitles::vx_c00013_p03_plr_v06,"Nunca pensé que veríamos runas malditas en Moria. En ese caso, tendremos que ir hacia el este.",
Subtitles::vx_c00013_p03_plr_v07,"Nunca pensé que veríamos runas malditas en Moria. En ese caso, tendremos que ir hacia el este.",
Subtitles::vx_c00013_p03_plr_v08,"Nunca pensé que veríamos runas malditas en Moria. En ese caso, tendremos que ir hacia el este.",
Subtitles::vx_c00505_p01_plr_v01,Cómo me gustan las canciones enanas.,
Subtitles::vx_c00505_p01_plr_v03,Cómo me gustan las canciones enanas.,
Subtitles::vx_c00505_p01_plr_v05,Cómo me gustan las canciones enanas.,
Subtitles::vx_c00505_p01_plr_v07,Cómo me gustan las canciones enanas.,
Subtitles::vx_c00378_p02_plr_v07,No me lo creo. No me lo puedo creer.,
Subtitles::vx_c00438_p01_plr_v07,No tengo la herramienta correcta para esto.,
Subtitles::vx_c00378_p02_plr_v05,"No sé qué prefiero, si el Flagelo de Durin o esto.",
Subtitles::vx_c00185_p02_gun_v02,No lo sé.,
Subtitles::vx_c00487_p01_plr_v02,Esto no me gusta. La caverna no es estable.,
Subtitles::vx_c00712_p01_drgn_v01,No tengo que veros para mataros.,
Subtitles::vx_c00064_p02_plr_v05,Creo que no quiero averiguar quién es.,
Subtitles::vx_c00505_p01_plr_v02,Me encantan las canciones enanas.,
Subtitles::vx_c00505_p01_plr_v04,Me encantan las canciones enanas.,
Subtitles::vx_c00505_p01_plr_v06,Me encantan las canciones enanas.,
Subtitles::vx_c00505_p01_plr_v08,Me encantan las canciones enanas.,
Subtitles::vx_c00432_p01_plr_v08,Me encuentro fatal... por el veneno...,
Subtitles::vx_c00077_p01_plr_v02,He encontrado algo.,
Subtitles::vx_c00406_p02_plr_v01,Voy a poder forjar mithril. Increíble.,
Subtitles::vx_c00424_p01_plr_v04,No me quedan muchas fuerzas.,
Subtitles::vx_c00234_p01_deepg_v01,Ya te tengo.,
Subtitles::vx_c00357_p02_plr_v01,Había olvidado que los refugiados vinieron aquí.,
Subtitles::vx_c00183_p02_gun_v01,Odio incluso más a los enanos.,
Subtitles::vx_c00161_p01_gmen_v01,Odio este sitio.,
Subtitles::vx_c00183_p01_gun_v01,Odio a esos gusanos de Mordor.,
Subtitles::vx_c00183_p01_gun_v02,Odio a esos orcos de ojos rojos.,
Subtitles::vx_c00060_p02_nato_v01,Los odio más incluso que a esa chusma de Mordor.,
Subtitles::vx_c00161_p01_gmen_v02,Odio este lugar.,
Subtitles::vx_c00621_p01_natg_v01,Esto no me gusta nada.,
Subtitles::vx_c00621_p01_natg_v02,Esto no me gusta nada.,
Subtitles::vx_c00047_p02_plr_v05,Siempre he soñado con extraer minerales aquí.,
Subtitles::vx_c00357_p02_plr_v05,Siempre he querido aprender sobre la forja de Belegost.,
Subtitles::vx_c00503_p01_plr_v03,Se me ha olvidado la letra.,
Subtitles::vx_c00077_p01_plr_v03,He encontrado algo.,
Subtitles::vx_c00430_p01_plr_v06,¿Me estaré congelando? Qué frío tengo.,
Subtitles::vx_c00087_p01_plr_v05,Ya tengo las herramientas para arreglar las escaleras orientales.,
Subtitles::vx_c00006_p03_plr_v05,Nunca había visto runas tan impregnadas de sombra. No me extraña que no pudiésemos abrir desde el otro lado.,
Subtitles::vx_c00509_p01_plr_v01,Tengo otras cosas de las que preocuparme.,
Subtitles::vx_c00509_p01_plr_v02,Tengo otras cosas de las que preocuparme.,
Subtitles::vx_c00509_p01_plr_v03,Tengo otras cosas de las que preocuparme.,
Subtitles::vx_c00509_p01_plr_v04,Tengo otras cosas de las que preocuparme.,
Subtitles::vx_c00509_p01_plr_v05,Tengo otras cosas de las que preocuparme.,
Subtitles::vx_c00509_p01_plr_v06,Tengo otras cosas de las que preocuparme.,
Subtitles::vx_c00509_p01_plr_v07,Tengo otras cosas de las que preocuparme.,
Subtitles::vx_c00509_p01_plr_v08,Tengo otras cosas de las que preocuparme.,
Subtitles::vx_c00448_p01_plr_v02,Tengo espacio de sobra para esto.,
Subtitles::vx_c00220_p01_deepo_v01,Oigo algo.,
Subtitles::vx_c00220_p01_natg_v01,Oigo algo.,
Subtitles::vx_c00027_p01_plr_v06,Oigo agua detrás de este muro. Podría ser el atajo a las minas. Hora de cavar.,
Subtitles::vx_c00027_p01_plr_v03,Oigo agua detrás de este muro. Podría ser el atajo a las minas. Ja. Hora de cavar.,
Subtitles::vx_c00027_p01_plr_v01,Oigo agua detrás de este muro. Podría ser el atajo a las minas. Hora de cavar.,
Subtitles::vx_c00027_p01_plr_v02,Oigo agua detrás de este muro. Podría ser el atajo a las minas. Hora de cavar.,
Subtitles::vx_c00027_p01_plr_v07,Oigo agua detrás de este muro. Podría ser el atajo a las minas. Hora de cavar.,
Subtitles::vx_c00027_p01_plr_v08,Oigo agua detrás de este muro. Podría ser el atajo a las minas. Hora de cavar.,
Subtitles::vx_c00008_p02_plr_v08,He oído que murió a manos de un mago.,
Subtitles::vx_c00220_p01_gun_v01,He oído algo. Viene de allí.,
Subtitles::vx_c00220_p01_gun_v02,He oído algo. Viene de allí.,
Subtitles::vx_c00220_p01_shdw_v01,He oído algo.,
Subtitles::vx_c00220_p01_shdw_v02,He oído algo.,
Subtitles::vx_c00345_p02_plr_v05,He oído que aquí abajo hay un montón de secretos de los enanos.,
Subtitles::vx_c00347_p03_plr_v01,Espero que siga llevando a las escaleras orientales y a los niveles superiores.,
Subtitles::vx_c00347_p03_plr_v02,Espero que siga llevando a las escaleras orientales y a los niveles superiores.,
Subtitles::vx_c00347_p03_plr_v03,Espero que siga llevando a las escaleras orientales y a los niveles superiores.,
Subtitles::vx_c00347_p03_plr_v04,Espero que siga llevando a las escaleras orientales y a los niveles superiores.,
Subtitles::vx_c00347_p03_plr_v05,Espero que siga llevando a las escaleras orientales y a los niveles superiores.,
Subtitles::vx_c00347_p03_plr_v06,Espero que siga llevando a las escaleras orientales y a los niveles superiores.,
Subtitles::vx_c00347_p03_plr_v07,Espero que siga llevando a las escaleras orientales y a los niveles superiores.,
Subtitles::vx_c00347_p03_plr_v08,Espero que siga llevando a las escaleras orientales y a los niveles superiores.,
Subtitles::vx_c00057_p02_natg_v02,Me gustaba esa parte de la montaña.,
Subtitles::vx_c00057_p02_nato_v02,Me gustaba esa parte de la montaña.,
Subtitles::vx_c00494_p01_plr_v01,"¡Vivo por la cerveza, las hogueras y las canciones!",
Subtitles::vx_c00494_p01_plr_v02,"¡Vivo por la cerveza, las hogueras y las canciones!",
Subtitles::vx_c00494_p01_plr_v03,"¡Vivo por la cerveza, las hogueras y las canciones!",
Subtitles::vx_c00494_p01_plr_v04,"¡Vivo por la cerveza, las hogueras y las canciones!",
Subtitles::vx_c00494_p01_plr_v05,"¡Vivo por la cerveza, las hogueras y las canciones!",
Subtitles::vx_c00494_p01_plr_v06,"¡Vivo por la cerveza, las hogueras y las canciones!",
Subtitles::vx_c00494_p01_plr_v07,"¡Vivo por la cerveza, las hogueras y las canciones!",
Subtitles::vx_c00494_p01_plr_v08,"¡Vivo por la cerveza, las hogueras y las canciones!",
Subtitles::vx_c00447_p01_plr_v04,Qué ganas de un trago.,
Subtitles::vx_c00499_p01_plr_v01,Me encanta esa canción.,
Subtitles::vx_c00499_p01_plr_v02,Me encanta esa canción.,
Subtitles::vx_c00499_p01_plr_v03,Me encanta esa canción.,
Subtitles::vx_c00499_p01_plr_v04,Me encanta esa canción.,
Subtitles::vx_c00499_p01_plr_v05,Me encanta esa canción.,
Subtitles::vx_c00499_p01_plr_v06,Me encanta esa canción.,
Subtitles::vx_c00499_p01_plr_v07,Me encanta esa canción.,
Subtitles::vx_c00499_p01_plr_v08,Me encanta esa canción.,
Subtitles::vx_c00554_p01_plr_v01,Tengo que curarme.,
Subtitles::vx_c00554_p01_plr_v02,Tengo que curarme.,
Subtitles::vx_c00554_p01_plr_v03,Tengo que curarme.,
Subtitles::vx_c00554_p01_plr_v04,Tengo que curarme.,
Subtitles::vx_c00554_p01_plr_v05,Tengo que curarme.,
Subtitles::vx_c00554_p01_plr_v06,Tengo que curarme.,
Subtitles::vx_c00554_p01_plr_v07,Tengo que curarme.,
Subtitles::vx_c00554_p01_plr_v08,Tengo que curarme.,
Subtitles::vx_c00561_p01_plr_v01,Necesito un arma mejor para esto.,
Subtitles::vx_c00561_p01_plr_v02,Necesito un arma mejor para esto.,
Subtitles::vx_c00561_p01_plr_v03,Necesito un arma mejor para esto.,
Subtitles::vx_c00561_p01_plr_v04,Necesito un arma mejor para esto.,
Subtitles::vx_c00561_p01_plr_v05,Necesito un arma mejor para esto.,
Subtitles::vx_c00561_p01_plr_v06,Necesito un arma mejor para esto.,
Subtitles::vx_c00561_p01_plr_v07,Necesito un arma mejor para esto.,
Subtitles::vx_c00561_p01_plr_v08,Necesito un arma mejor para esto.,
Subtitles::vx_c00002_p01_plr_v01,Necesito una antorcha. Está demasiado oscuro para mis ojos de enano.,
Subtitles::vx_c00002_p01_plr_v02,Necesito una antorcha. Está demasiado oscuro para mis ojos de enano.,
Subtitles::vx_c00002_p01_plr_v03,Necesito una antorcha. Está demasiado oscuro para mis ojos de enano.,
Subtitles::vx_c00002_p01_plr_v04,Necesito una antorcha. Está demasiado oscuro para mis ojos de enano.,
Subtitles::vx_c00002_p01_plr_v05,Necesito una antorcha. Está demasiado oscuro para mis ojos de enano.,
Subtitles::vx_c00002_p01_plr_v06,Necesito una antorcha. Está demasiado oscuro para mis ojos de enano.,
Subtitles::vx_c00002_p01_plr_v07,Necesito una antorcha. Está demasiado oscuro para mis ojos de enano.,
Subtitles::vx_c00002_p01_plr_v08,Necesito una antorcha. Está demasiado oscuro para mis ojos de enano.,
Subtitles::vx_c00418_p01_plr_v04,"Necesito comida, ¡y la necesito ahora!",
Subtitles::vx_c00553_p01_plr_v01,Necesito curarme.,
Subtitles::vx_c00553_p01_plr_v02,Necesito curarme.,
Subtitles::vx_c00553_p01_plr_v03,Necesito curarme.,
Subtitles::vx_c00553_p01_plr_v04,Necesito curarme.,
Subtitles::vx_c00553_p01_plr_v05,Necesito curarme.,
Subtitles::vx_c00553_p01_plr_v06,Necesito curarme.,
Subtitles::vx_c00553_p01_plr_v07,Necesito curarme.,
Subtitles::vx_c00553_p01_plr_v08,Necesito curarme.,
Subtitles::vx_c00005_p01_plr_v01,Necesito comer algo. Empiezo a tener hambre.,
Subtitles::vx_c00005_p01_plr_v02,Necesito comer algo. Empiezo a tener hambre.,
Subtitles::vx_c00005_p01_plr_v03,Necesito comer algo. Empiezo a tener hambre.,
Subtitles::vx_c00005_p01_plr_v04,Necesito comer algo. Empiezo a tener hambre.,
Subtitles::vx_c00005_p01_plr_v05,Necesito comer algo. Empiezo a tener hambre.,
Subtitles::vx_c00005_p01_plr_v06,Necesito comer algo. Empiezo a tener hambre.,
Subtitles::vx_c00005_p01_plr_v07,Necesito comer algo. Empiezo a tener hambre.,
Subtitles::vx_c00005_p01_plr_v08,Necesito comer algo. Empiezo a tener hambre.,
Subtitles::vx_c00418_p01_plr_v01,Tengo que comer. Ya.,
Subtitles::vx_c00414_p01_plr_v01,"Tengo que comer algo, me rugen las tripas.",
Subtitles::vx_c00416_p01_plr_v02,Necesito descansar.,
Subtitles::vx_c00422_p01_plr_v08,"Necesito descansar, no moverme.",
Subtitles::vx_c00347_p02_plr_v06,Nunca habría imaginado que esto estuviese aquí.,
Subtitles::vx_c00399_p02_plr_v03,No sabía que la inmundicia orca estaba del lado del Flagelo de Durin.,
Subtitles::vx_c00360_p02_plr_v01,No lo sabía… ¿Por qué no sabíamos esto?,
Subtitles::vx_c00378_p02_plr_v03,Jamás pensaba que volvería a ver un dragón.,
Subtitles::vx_c00350_p02_plr_v04,No soporto a esas criaturas infames y sin nombre.,
Subtitles::vx_c00391_p02_plr_v02,Espero que no la tenga la dragona.,
Subtitles::vx_c00150_p03_redo_v02,Yo la vi hacer pedazos a los olifantes para quedarse con sus huesos.,
Subtitles::vx_c00150_p03_redu_v02,Yo la vi hacer pedazos a los olifantes para quedarse con sus huesos.,
Subtitles::vx_c00078_p01_plr_v03,Hay algo ahí delante.,
Subtitles::vx_c00078_p01_plr_v01,Veo algo allí.,
Subtitles::vx_c00078_p01_plr_v06,Veo algo por allí.,
Subtitles::vx_c00695_p01_plr_v01,Tengo que buscar el fragmento del hacha de Durin por aquí.,
Subtitles::vx_c00695_p01_plr_v02,Tengo que buscar el fragmento del hacha de Durin por aquí.,
Subtitles::vx_c00695_p01_plr_v03,Tengo que buscar el fragmento del hacha de Durin por aquí.,
Subtitles::vx_c00695_p01_plr_v04,Tengo que buscar el fragmento del hacha de Durin por aquí.,
Subtitles::vx_c00695_p01_plr_v05,Tengo que buscar el fragmento del hacha de Durin por aquí.,
Subtitles::vx_c00695_p01_plr_v06,Tengo que buscar el fragmento del hacha de Durin por aquí.,
Subtitles::vx_c00695_p01_plr_v08,Tengo que buscar el fragmento del hacha de Durin por aquí.,
Subtitles::vx_c00212_p01_tro_v01,Aquí huele a enano.,
Subtitles::vx_c00220_p01_natg_v02,Ooooh. Huelo algo.,
Subtitles::vx_c00220_p01_deepg_v01,Huelo algo. ¿Está cerca?,
Subtitles::vx_c00364_p02_plr_v08,Supongo que por aquel entonces no había tanta humedad.,
Subtitles::vx_c00518_p01_plr_v07,Yo sí que sé fabricar en condiciones.,
Subtitles::vx_c00430_p01_plr_v01,Creo que me estoy congelando de la cabeza a los pies.,
Subtitles::vx_c00195_p01_tro_v01,Creo que huelo a enano. ¡Qué ganas de darle un mordisco!,
Subtitles::vx_c00078_p01_plr_v08,Creo que he visto algo.,
Subtitles::vx_c00008_p02_plr_v07,"Eso creo, al menos según las historias que me contó mi padre.",
Subtitles::vx_c00176_p01_redo_v01,Pensaba que todos los enanos habían huido de Moria.,
Subtitles::vx_c00347_p02_plr_v08,Pensaba que esta ruta no era más que un cuento de viejas.,
Subtitles::vx_c00058_p02_natg_v02,Confío en la sangre de Azog y Bolg.,
Subtitles::vx_c00058_p02_nato_v02,Confío en la sangre de Azog y Bolg.,
Subtitles::vx_c00020_p03_plr_v01,Tengo fe en Balin y Ori. El hacha de Durin es importante. Encontrémosla.,
Subtitles::vx_c00020_p03_plr_v02,Tengo fe en Balin y Ori. El hacha de Durin es importante. Encontrémosla.,
Subtitles::vx_c00020_p03_plr_v03,Tengo fe en Balin y Ori. El hacha de Durin es importante. Encontrémosla.,
Subtitles::vx_c00020_p03_plr_v04,Tengo fe en Balin y Ori. El hacha de Durin es importante. Encontrémosla.,
Subtitles::vx_c00020_p03_plr_v05,Tengo fe en Balin y Ori. El hacha de Durin es importante. Encontrémosla.,
Subtitles::vx_c00020_p03_plr_v06,Tengo fe en Balin y Ori. El hacha de Durin es importante. Encontrémosla.,
Subtitles::vx_c00020_p03_plr_v07,Tengo fe en Balin y Ori. El hacha de Durin es importante. Encontrémosla.,
Subtitles::vx_c00020_p03_plr_v08,Tengo fe en Balin y Ori. El hacha de Durin es importante. Encontrémosla.,
Subtitles::vx_c00384_p02_plr_v08,Juro acabar con toda huella del Flagelo de Durin.,
Subtitles::vx_c00187_p01_tro_v01,Quiero comer algo.,
Subtitles::vx_c000728_p01_nato_v01,Quiero matar.,
Subtitles::vx_c000728_p01_redo_v01,Quiero matar.,
Subtitles::vx_c000728_p01_redo_v02,Quiero matar.,
Subtitles::vx_c00728_p01_deepo_v01,Quiero matar.,
Subtitles::vx_c00728_p01_gmen_v01,Quiero matar.,
Subtitles::vx_c00728_p01_gmen_v02,Quiero matar.,
Subtitles::vx_c00728_p01_gun_v02,Quiero matar.,
Subtitles::vx_c00728_p01_natg_v01,Quiero matar.,
Subtitles::vx_c00728_p01_natg_v02,Quiero matar.,
Subtitles::vx_c00728_p01_nato_v02,Quiero matar.,
Subtitles::vx_c00728_p01_redu_v01,Quiero matar.,
Subtitles::vx_c00728_p01_redu_v02,Quiero matar.,
Subtitles::vx_c00728_p01_shdw_v02,Quiero matar.,
Subtitles::vx_c00166_p01_deepo_v01,Qué ganas de picar un poco de carne de enano.,
Subtitles::vx_c00166_p01_deepg_v01,Qué ganas de picar un poco de enano fresco.,
Subtitles::vx_c00160_p01_gmen_v01,Quiero largarme de esta montaña maldita.,
Subtitles::vx_c000729_p01_nato_v01,Quiero eso.,
Subtitles::vx_c000729_p01_redo_v01,Quiero eso.,
Subtitles::vx_c000729_p01_redo_v02,Quiero eso.,
Subtitles::vx_c00729_p01_deepo_v01,Quiero eso.,
Subtitles::vx_c00729_p01_gmen_v01,Quiero eso.,
Subtitles::vx_c00729_p01_gmen_v02,Quiero eso.,
Subtitles::vx_c00729_p01_gun_v02,Quiero eso.,
Subtitles::vx_c00729_p01_natg_v01,Quiero eso.,
Subtitles::vx_c00729_p01_natg_v02,Quiero eso.,
Subtitles::vx_c00729_p01_nato_v02,Quiero eso.,
Subtitles::vx_c00729_p01_redu_v01,Quiero eso.,
Subtitles::vx_c00729_p01_redu_v02,Quiero eso.,
Subtitles::vx_c00729_p01_shdw_v02,Quiero eso.,
Subtitles::vx_c00130_p03_drgn_v01,No soy su sirvienta. Provengo de una edad ancestral y me han torturado durante eones. Me obligó a engendrar a sus corceles alados.,
Subtitles::vx_c00627_p01_nato_v01,Que estaba durmiendo.,
Subtitles::vx_c00627_p01_nato_v02,Que estaba durmiendo.,
Subtitles::vx_c00629_p01_gun_v01,Que estaba durmiendo.,
Subtitles::vx_c00629_p01_gun_v02,Que estaba durmiendo.,
Subtitles::vx_c00460_p01_plr_v02,No me lo esperaba.,
Subtitles::vx_c00557_p01_plr_v03,Te vengaré.,
Subtitles::vx_c00557_p01_plr_v05,Te vengaré.,
Subtitles::vx_c00570_p01_plr_v01,Acabaré con toda vuestra inmundicia.,
Subtitles::vx_c00570_p01_plr_v02,Acabaré con toda vuestra inmundicia.,
Subtitles::vx_c00570_p01_plr_v03,Acabaré con toda vuestra inmundicia.,
Subtitles::vx_c00570_p01_plr_v04,Acabaré con toda vuestra inmundicia.,
Subtitles::vx_c00570_p01_plr_v05,Acabaré con toda vuestra inmundicia.,
Subtitles::vx_c00570_p01_plr_v06,Acabaré con toda vuestra inmundicia.,
Subtitles::vx_c00570_p01_plr_v08,Acabaré con toda vuestra inmundicia.,
Subtitles::vx_c00578_p01_plr_v03,Te clavaré la espada en el cuello.,
Subtitles::vx_c00703_p01_drgn_v01,"Engendraré a más de mis bestias para que arrasen por siempre la Tierra Media. Ja, ja, ja.",
Subtitles::vx_c00400_p02_plr_v05,Esculpiré una imponente estatua en honor a este día.,
Subtitles::vx_c00411_p03_plr_v03,"Seguiré reconstruyendo este lugar, extrayendo mithril, subyugando a las sombras... ¡y puede que incluso resuelva el misterio de Bundushathûr!",
Subtitles::vx_c00411_p03_plr_v05,"Seguiré reconstruyendo este lugar, extrayendo mithril, subyugando a las sombras... ¡y puede que incluso resuelva el misterio de Bundushathûr!",
Subtitles::vx_c00308_p01_drgn_v01,Destruiré Moria hasta los cimientos.,
Subtitles::vx_c00315_p01_drgn_v01,Lo destruiré todo.,
Subtitles::vx_c00595_p01_plr_v01,Voy a destruirte.,
Subtitles::vx_c00595_p01_plr_v02,Voy a destruirte.,
Subtitles::vx_c00595_p01_plr_v03,Voy a destruirte.,
Subtitles::vx_c00595_p01_plr_v04,Voy a destruirte.,
Subtitles::vx_c00595_p01_plr_v05,Voy a destruirte.,
Subtitles::vx_c00595_p01_plr_v06,Voy a destruirte.,
Subtitles::vx_c00595_p01_plr_v07,Voy a destruirte.,
Subtitles::vx_c00595_p01_plr_v08,Voy a destruirte.,
Subtitles::vx_c00092_p05_plr_v01,La encontraré y la traeré.,
Subtitles::vx_c00092_p05_plr_v02,La encontraré y la traeré.,
Subtitles::vx_c00092_p05_plr_v03,La encontraré y la traeré.,
Subtitles::vx_c00092_p05_plr_v04,La encontraré y la traeré.,
Subtitles::vx_c00092_p05_plr_v06,La encontraré y la traeré.,
Subtitles::vx_c00092_p05_plr_v07,La encontraré y la traeré.,
Subtitles::vx_c00092_p05_plr_v08,La encontraré y la traeré.,
Subtitles::vx_c00126_p01_drgn_v01,Construiré un nido con vuestros huesos.,
Subtitles::vx_c00118_p01_king_v01,Te partiré los huesos.,
Subtitles::vx_c00013_p06_rav_v01,Me adelantaré. No muráis.,
Subtitles::vx_c00046_p06_rav_v01,"Exploraré las escaleras orientales. Buen vuelo, enano.",
Subtitles::vx_c00085_p08_rav_v01,"Buscaré. Tú ve al este, a ver que encuentras. Volaré hacia ti cuando pueda.",
Subtitles::vx_c00087_p03_plr_v03,"Te veo arriba, Aric.",
Subtitles::vx_c00309_p01_drgn_v01,Destruiré hasta la última piedra de estas montañas.,
Subtitles::vx_c00089_p06_rav_v01,"Le diré al rey que no entre, pero más noticias.",
Subtitles::vx_c00236_p01_redu_v01,La próxima vez ganaré.,
Subtitles::vx_c00236_p01_redu_v02,La próxima vez ganaré.,
Subtitles::vx_c00389_p02_plr_v08,Ojalá fuese un herrero como Telchar.,
Subtitles::vx_c00389_p02_plr_v01,Ojalá hubiese sido estudiante de Telchar.,
Subtitles::vx_c00593_p01_plr_v01,No moriré tan fácilmente.,
Subtitles::vx_c00593_p01_plr_v02,No moriré tan fácilmente.,
Subtitles::vx_c00593_p01_plr_v03,No moriré tan fácilmente.,
Subtitles::vx_c00593_p01_plr_v04,No moriré tan fácilmente.,
Subtitles::vx_c00593_p01_plr_v05,No moriré tan fácilmente.,
Subtitles::vx_c00593_p01_plr_v06,No moriré tan fácilmente.,
Subtitles::vx_c00593_p01_plr_v07,No moriré tan fácilmente.,
Subtitles::vx_c00593_p01_plr_v08,No moriré tan fácilmente.,
Subtitles::vx_c00406_p02_plr_v04,¿El chaleco de mithril de Frodo se forjaría aquí?...,
Subtitles::vx_c00111_p02_plr_v01,Me pregunto si es el mismo guardián que atacó a la compañía.,
Subtitles::vx_c00111_p02_plr_v02,Me pregunto si es el mismo guardián que atacó a la compañía.,
Subtitles::vx_c00111_p02_plr_v03,Me pregunto si es el mismo guardián que atacó a la compañía.,
Subtitles::vx_c00111_p02_plr_v04,Me pregunto si es el mismo guardián que atacó a la compañía.,
Subtitles::vx_c00111_p02_plr_v05,Me pregunto si es el mismo guardián que atacó a la compañía.,
Subtitles::vx_c00111_p02_plr_v06,Me pregunto si es el mismo guardián que atacó a la compañía.,
Subtitles::vx_c00111_p02_plr_v07,Me pregunto si es el mismo guardián que atacó a la compañía.,
Subtitles::vx_c00111_p02_plr_v08,Me pregunto si es el mismo guardián que atacó a la compañía.,
Subtitles::vx_c00389_p01_plr_v01,¿Trabajarían en esta fragua los estudiantes de Telchar?,
Subtitles::vx_c00389_p01_plr_v02,¿Trabajarían en esta fragua los estudiantes de Telchar?,
Subtitles::vx_c00389_p01_plr_v03,¿Trabajarían en esta fragua los estudiantes de Telchar?,
Subtitles::vx_c00389_p01_plr_v04,¿Trabajarían en esta fragua los estudiantes de Telchar?,
Subtitles::vx_c00389_p01_plr_v05,¿Trabajarían en esta fragua los estudiantes de Telchar?,
Subtitles::vx_c00389_p01_plr_v06,¿Trabajarían en esta fragua los estudiantes de Telchar?,
Subtitles::vx_c00389_p01_plr_v07,¿Trabajarían en esta fragua los estudiantes de Telchar?,
Subtitles::vx_c00389_p01_plr_v08,¿Trabajarían en esta fragua los estudiantes de Telchar?,
Subtitles::vx_c00408_p02_plr_v07,Me pregunto si la dragona sabrá de la existencia de la piedra.,
Subtitles::vx_c00406_p02_plr_v03,¿Qué armas de mithril se forjarían aquí...?,
Subtitles::vx_c00361_p02_plr_v01,Me pregunto qué era.,
Subtitles::vx_c00020_p02_plr_v06,Me pregunto por qué nadie la ha encontrado.,
Subtitles::vx_c00412_p02_plr_v03,Volvería a encender todas las lámparas.,
Subtitles::vx_c00582_p01_plr_v03,"Si fuera tú, yo empezaría a correr.",
Subtitles::vx_c00396_p02_plr_v03,Me pasaría la noche entera lanzando hachas.,
Subtitles::vx_c00396_p02_plr_v07,Y me peinaría las cejas.,
Subtitles::vx_c00412_p02_plr_v07,Fabricaría muchísimas cosas. Empezaría intercambiando bienes con otros pueblos.,
Subtitles::vx_c00396_p02_plr_v05,Me pasaría bailando toda la noche.,
Subtitles::vx_c00412_p02_plr_v05,Forjaría las herramientas perfectas para llegar hasta Bundashuthar.,
Subtitles::vx_c00412_p02_plr_v04,Forjaría las armas perfectas para dar caza a los orcos que quedasen aquí.,
Subtitles::vx_c00020_p02_plr_v07,Daría hasta mi martillo favorito por verla.,
Subtitles::vx_c00341_p02_plr_v01,Dicen que <Subtitle.Italic>Tharkûn</> vino en busca del rey Thrain antes incluso que la expedición de Balin.,
Subtitles::vx_c00341_p02_plr_v02,Dicen que <Subtitle.Italic>Tharkûn</> vino en busca del rey Thrain antes incluso que la expedición de Balin.,
Subtitles::vx_c00341_p02_plr_v03,Dicen que <Subtitle.Italic>Tharkûn</> vino en busca del rey Thrain antes incluso que la expedición de Balin.,
Subtitles::vx_c00341_p02_plr_v04,Dicen que <Subtitle.Italic>Tharkûn</> vino en busca del rey Thrain antes incluso que la expedición de Balin.,
Subtitles::vx_c00341_p02_plr_v05,Dicen que <Subtitle.Italic>Tharkûn</> vino en busca del rey Thrain antes incluso que la expedición de Balin.,
Subtitles::vx_c00341_p02_plr_v06,Dicen que <Subtitle.Italic>Tharkûn</> vino en busca del rey Thrain antes incluso que la expedición de Balin.,
Subtitles::vx_c00341_p02_plr_v07,Dicen que <Subtitle.Italic>Tharkûn</> vino en busca del rey Thrain antes incluso que la expedición de Balin.,
Subtitles::vx_c00341_p02_plr_v08,Dicen que <Subtitle.Italic>Tharkûn</> vino en busca del rey Thrain antes incluso que la expedición de Balin.,
Subtitles::vx_c00364_p01_plr_v01,He oído algunos rumores sobre este lugar. De cómo los antiguos artesanos de Belegost se asentaron en las profundidades de Moria.,
Subtitles::vx_c00364_p01_plr_v02,He oído algunos rumores sobre este lugar. De cómo los antiguos artesanos de Belegost se asentaron en las profundidades de Moria.,
Subtitles::vx_c00364_p01_plr_v03,He oído algunos rumores sobre este lugar. De cómo los antiguos artesanos de Belegost se asentaron en las profundidades de Moria.,
Subtitles::vx_c00364_p01_plr_v04,He oído algunos rumores sobre este lugar. De cómo los antiguos artesanos de Belegost se asentaron en las profundidades de Moria.,
Subtitles::vx_c00364_p01_plr_v05,He oído algunos rumores sobre este lugar. De cómo los antiguos artesanos de Belegost se asentaron en las profundidades de Moria.,
Subtitles::vx_c00364_p01_plr_v06,He oído algunos rumores sobre este lugar. De cómo los antiguos artesanos de Belegost se asentaron en las profundidades de Moria.,
Subtitles::vx_c00364_p01_plr_v07,He oído algunos rumores sobre este lugar. De cómo los antiguos artesanos de Belegost se asentaron en las profundidades de Moria.,
Subtitles::vx_c00364_p01_plr_v08,He oído algunos rumores sobre este lugar. De cómo los antiguos artesanos de Belegost se asentaron en las profundidades de Moria.,
Subtitles::vx_c00412_p02_plr_v02,Reconstruiría todos los puentes.,
Subtitles::vx_c00412_p02_plr_v01,Restauraría los grandes salones.,
Subtitles::vx_c00412_p02_plr_v06,Buscaría la forma de fabricar la llave de la Escalera Interminable.,
Subtitles::vx_c00396_p02_plr_v06,Me desgañitaría cantando.,
Subtitles::vx_c00582_p01_plr_v01,"Si fuera tú, yo empezaría a correr.",
Subtitles::vx_c00582_p01_plr_v02,"Si fuera tú, yo empezaría a correr.",
Subtitles::vx_c00582_p01_plr_v04,"Si fuera tú, yo empezaría a correr.",
Subtitles::vx_c00582_p01_plr_v05,"Si fuera tú, yo empezaría a correr.",
Subtitles::vx_c00582_p01_plr_v06,"Si fuera tú, yo empezaría a correr.",
Subtitles::vx_c00582_p01_plr_v07,"Si fuera tú, yo empezaría a correr.",
Subtitles::vx_c00582_p01_plr_v08,"Si fuera tú, yo empezaría a correr.",
Subtitles::vx_c00006_p02_plr_v07,"Probaría con mi hacha, pero podría empeorar la maldición.",
Subtitles::vx_c00557_p01_plr_v01,Te vengaré.,
Subtitles::vx_c00557_p01_plr_v02,Te vengaré.,
Subtitles::vx_c00557_p01_plr_v04,Te vengaré.,
Subtitles::vx_c00557_p01_plr_v06,Te vengaré.,
Subtitles::vx_c00557_p01_plr_v07,Te vengaré.,
Subtitles::vx_c00557_p01_plr_v08,Te vengaré.,
Subtitles::vx_c00578_p01_plr_v01,Te clavaré la espada en el cuello.,
Subtitles::vx_c00578_p01_plr_v02,Te clavaré la espada en el cuello.,
Subtitles::vx_c00578_p01_plr_v04,Te clavaré la espada en el cuello.,
Subtitles::vx_c00578_p01_plr_v06,Te clavaré la espada en el cuello.,
Subtitles::vx_c00578_p01_plr_v07,Te clavaré la espada en el cuello.,
Subtitles::vx_c00578_p01_plr_v08,Te clavaré la espada en el cuello.,
Subtitles::vx_c00249_p01_gun_v01,"Te partiré en pedazos, troll.",
Subtitles::vx_c00249_p01_gun_v02,"¡Te partiré en pedazos, troll!",
Subtitles::vx_c00411_p03_plr_v01,"Seguiré reconstruyendo este lugar, extrayendo mithril, subyugando a las sombras... ¡y puede que incluso resuelva el misterio de Bundushathûr!",
Subtitles::vx_c00411_p03_plr_v02,"Seguiré reconstruyendo este lugar, extrayendo mithril, subyugando a las sombras... ¡y puede que incluso resuelva el misterio de Bundushathûr!",
Subtitles::vx_c00411_p03_plr_v04,"Seguiré reconstruyendo este lugar, extrayendo mithril, subyugando a las sombras... ¡y puede que incluso resuelva el misterio de Bundushathûr!",
Subtitles::vx_c00411_p03_plr_v06,"Seguiré reconstruyendo este lugar, extrayendo mithril, subyugando a las sombras... ¡y puede que incluso resuelva el misterio de Bundushathûr!",
Subtitles::vx_c00411_p03_plr_v07,"Seguiré reconstruyendo este lugar, extrayendo mithril, subyugando a las sombras... ¡y puede que incluso resuelva el misterio de Bundushathûr!",
Subtitles::vx_c00411_p03_plr_v08,"Seguiré reconstruyendo este lugar, extrayendo mithril, subyugando a las sombras... ¡y puede que incluso resuelva el misterio de Bundushathûr!",
Subtitles::vx_c00745_p01_plr_v01,No si os destruyo yo antes.,
Subtitles::vx_c00745_p01_plr_v02,No si os destruyo yo antes.,
Subtitles::vx_c00745_p01_plr_v03,No si os destruyo yo antes.,
Subtitles::vx_c00745_p01_plr_v04,No si os destruyo yo antes.,
Subtitles::vx_c00745_p01_plr_v05,No si os destruyo yo antes.,
Subtitles::vx_c00745_p01_plr_v06,No si os destruyo yo antes.,
Subtitles::vx_c00745_p01_plr_v07,No si os destruyo yo antes.,
Subtitles::vx_c00745_p01_plr_v08,No si os destruyo yo antes.,
Subtitles::vx_c00249_p01_nato_v02,¡Cómo voy a disfrutar la carne de troll!,
Subtitles::vx_c00249_p01_redo_v01,¡Cómo voy a disfrutar la carne de troll!,
Subtitles::vx_c00249_p01_redo_v02,¡Cómo voy a disfrutar la carne de troll!,
Subtitles::vx_c00249_p01_gmen_v01,"Cómo voy a disfrutar comiéndote, troll.",
Subtitles::vx_c00249_p01_gmen_v02,"Cómo voy a disfrutar comiéndote, troll.",
Subtitles::vx_c00223_p01_natg_v02,"Te encontraré, enano.",
Subtitles::vx_c00223_p01_nato_v01,"Te encontraré, enano.",
Subtitles::vx_c00223_p01_nato_v02,"Te encontraré, enano.",
Subtitles::vx_c00228_p01_deepo_v01,Te voy a sacar las tripas.,
Subtitles::vx_c00236_p01_redo_v01,Grrrr. Tendré mi venganza.,
Subtitles::vx_c00236_p01_redo_v02,Grrrr. Tendré mi venganza.,
Subtitles::vx_c00236_p01_gun_v01,"La próxima vez, os sacaré las tripas.",
Subtitles::vx_c00236_p01_gun_v02,"La próxima vez, os sacaré las tripas.",
Subtitles::vx_c00448_p01_plr_v01,Le daré buen uso.,
Subtitles::vx_c00228_p01_redo_v01,Te partiré en dos.,
Subtitles::vx_c00228_p01_redo_v02,Te partiré en dos.,
Subtitles::vx_c00228_p01_deepg_v01,Te voy a despellejar.,
Subtitles::vx_c00053_p02_gmen_v02,"Les volaré la cabeza, barba incluida.",
Subtitles::vx_c00053_p02_gmen_v01,Voy a hacer pedazos a esos idiotas barbudos.,
Subtitles::vx_c00447_p01_plr_v01,Yo quiero uno de esos.,
Subtitles::vx_c00448_p01_plr_v07,Me lo llevo. Gracias.,
Subtitles::vx_c00383_p02_plr_v04,Brindaré por el enano que aseste el golpe final.,
Subtitles::vx_c00406_p02_plr_v08,Estoy a punto de forjar mithril. Increíble.,
Subtitles::vx_c00423_p01_plr_v01,Me han herido pero bien.,
Subtitles::vx_c00423_p01_plr_v02,Me han herido pero bien.,
Subtitles::vx_c00423_p01_plr_v03,Me han herido pero bien.,
Subtitles::vx_c00423_p01_plr_v04,Me han herido pero bien.,
Subtitles::vx_c00423_p01_plr_v05,Me han herido pero bien.,
Subtitles::vx_c00423_p01_plr_v06,Me han herido pero bien.,
Subtitles::vx_c00423_p01_plr_v07,Me han herido pero bien.,
Subtitles::vx_c00423_p01_plr_v08,Me han herido pero bien.,
Subtitles::vx_c00436_p01_plr_v01,La sombra comienza a drenarme.,
Subtitles::vx_c00436_p01_plr_v02,La sombra comienza a drenarme.,
Subtitles::vx_c00436_p01_plr_v03,La sombra comienza a drenarme...,
Subtitles::vx_c00436_p01_plr_v04,La sombra comienza a drenarme.,
Subtitles::vx_c00436_p01_plr_v05,La sombra comienza a drenarme...,
Subtitles::vx_c00436_p01_plr_v06,La sombra comienza a drenarme.,
Subtitles::vx_c00436_p01_plr_v07,La sombra comienza a drenarme.,
Subtitles::vx_c00436_p01_plr_v08,La sombra comienza a drenarme.,
Subtitles::vx_c00422_p01_plr_v01,Estoy que me caigo del cansancio.,
Subtitles::vx_c00433_p01_plr_v01,Me quemo.,
Subtitles::vx_c00433_p01_plr_v02,Me quemo.,
Subtitles::vx_c00433_p01_plr_v04,Me quemo.,
Subtitles::vx_c00433_p01_plr_v05,Me quemo.,
Subtitles::vx_c00433_p01_plr_v06,Me quemo.,
Subtitles::vx_c00433_p01_plr_v07,Me quemo.,
Subtitles::vx_c00433_p01_plr_v08,Me quemo.,
Subtitles::vx_c00434_p01_plr_v03,Me estoy quemando.,
Subtitles::vx_c00434_p01_plr_v06,Me quemo por aquí.,
Subtitles::vx_c00424_p01_plr_v01,Se acerca mi final.,
Subtitles::vx_c00426_p01_plr_v01,Qué frío.,
Subtitles::vx_c00165_p01_natg_v02,Ya basta de tanto patrullar. Es hora de comer. A comer.,
Subtitles::vx_c00400_p02_plr_v08,Se me cae la baba.,
Subtitles::vx_c00421_p01_plr_v01,No puedo más.,
Subtitles::vx_c00421_p01_plr_v02,No puedo más.,
Subtitles::vx_c00421_p01_plr_v03,No puedo más.,
Subtitles::vx_c00421_p01_plr_v04,No puedo más.,
Subtitles::vx_c00421_p01_plr_v06,No puedo más.,
Subtitles::vx_c00421_p01_plr_v07,No puedo más.,
Subtitles::vx_c00421_p01_plr_v08,No puedo más.,
Subtitles::vx_c00427_p01_plr_v01,Me muero de frío.,
Subtitles::vx_c00427_p01_plr_v02,Me muero de frío.,
Subtitles::vx_c00427_p01_plr_v04,Me muero de frío.,
Subtitles::vx_c00427_p01_plr_v06,Me muero de frío.,
Subtitles::vx_c00427_p01_plr_v07,Me muero de frío.,
Subtitles::vx_c00427_p01_plr_v08,Me muero de frío.,
Subtitles::vx_c00429_p01_plr_v01,Se me congela todo.,
Subtitles::vx_c00429_p01_plr_v02,Se me congela todo.,
Subtitles::vx_c00429_p01_plr_v04,Se me congela todo.,
Subtitles::vx_c00429_p01_plr_v06,Se me congela todo.,
Subtitles::vx_c00429_p01_plr_v07,Se me congela todo.,
Subtitles::vx_c00429_p01_plr_v08,Se me congela todo.,
Subtitles::vx_c00429_p01_plr_v05,Me estoy congelando de la cabeza a los pies.,
Subtitles::vx_c00415_p01_plr_v01,Qué cansancio...,
Subtitles::vx_c00415_p01_plr_v02,Qué cansancio...,
Subtitles::vx_c00415_p01_plr_v03,Qué cansancio...,
Subtitles::vx_c00415_p01_plr_v04,Qué cansancio...,
Subtitles::vx_c00415_p01_plr_v06,Qué cansancio...,
Subtitles::vx_c00415_p01_plr_v07,Qué cansancio...,
Subtitles::vx_c00415_p01_plr_v08,Qué cansancio...,
Subtitles::vx_c00364_p03_plr_v01,Me alegra poder recorrer sus salones una vez más.,
Subtitles::vx_c00364_p03_plr_v02,Me alegra poder recorrer sus salones una vez más.,
Subtitles::vx_c00364_p03_plr_v03,Me alegra poder recorrer sus salones una vez más.,
Subtitles::vx_c00364_p03_plr_v04,Me alegra poder recorrer sus salones una vez más.,
Subtitles::vx_c00364_p03_plr_v06,Me alegra poder recorrer sus salones una vez más.,
Subtitles::vx_c00364_p03_plr_v07,Me alegra poder recorrer sus salones una vez más.,
Subtitles::vx_c00364_p03_plr_v08,Me alegra poder recorrer sus salones una vez más.,
Subtitles::vx_c00626_p01_redo_v01,Voy todo lo rápido que puedo.,
Subtitles::vx_c00626_p01_redo_v02,Voy todo lo rápido que puedo.,
Subtitles::vx_c00207_p01_tro_v01,Voy a comerte.,
Subtitles::vx_c00414_p01_plr_v06,Va siendo hora de picar algo.,
Subtitles::vx_c00188_p01_tro_v01,Esta noche voy a asarme un oso.,
Subtitles::vx_c00228_p01_natg_v01,Voy a molerte a palos.,
Subtitles::vx_c00228_p01_natg_v02,Voy a molerte a palos.,
Subtitles::vx_c00228_p01_nato_v01,Voy a molerte a palos.,
Subtitles::vx_c00228_p01_nato_v02,Voy a molerte a palos.,
Subtitles::vx_c00114_p01_king_v01,Te destruiré.,
Subtitles::vx_c00413_p01_plr_v01,Tengo hambre.,
Subtitles::vx_c00413_p01_plr_v02,Tengo hambre.,
Subtitles::vx_c00413_p01_plr_v03,Tengo hambre.,
Subtitles::vx_c00413_p01_plr_v04,Tengo hambre.,
Subtitles::vx_c00413_p01_plr_v06,Tengo hambre.,
Subtitles::vx_c00413_p01_plr_v07,Tengo hambre.,
Subtitles::vx_c00413_p01_plr_v08,Tengo hambre.,
Subtitles::vx_c00424_p01_plr_v05,"No he muerto aún..., pero me falta poco.",
Subtitles::vx_c00424_p01_plr_v08,Aún no voy a caer.,
Subtitles::vx_c00428_p01_plr_v04,Yo no soy de lugares tan gélidos.,
Subtitles::vx_c00431_p01_plr_v01,Me han envenenado.,
Subtitles::vx_c00431_p01_plr_v02,Me han envenenado.,
Subtitles::vx_c00431_p01_plr_v04,Me han envenenado.,
Subtitles::vx_c00431_p01_plr_v06,Me han envenenado.,
Subtitles::vx_c00431_p01_plr_v07,Me han envenenado.,
Subtitles::vx_c00431_p01_plr_v08,Me han envenenado.,
Subtitles::vx_c00416_p01_plr_v04,No puedo más.,
Subtitles::vx_c00592_p01_plr_v01,No puedo más.,
Subtitles::vx_c00592_p01_plr_v02,No puedo más.,
Subtitles::vx_c00592_p01_plr_v03,No puedo más.,
Subtitles::vx_c00592_p01_plr_v04,No puedo más.,
Subtitles::vx_c00592_p01_plr_v06,No puedo más.,
Subtitles::vx_c00592_p01_plr_v07,No puedo más.,
Subtitles::vx_c00592_p01_plr_v08,No puedo más.,
Subtitles::vx_c00426_p01_plr_v06,Me muero de frío.,
Subtitles::vx_c00389_p02_plr_v04,Qué ganas tengo de forjar algo aquí.,
Subtitles::vx_c00162_p01_gmen_v01,¡Qué hambre tengo! Me comería un dragón.,
Subtitles::vx_c00162_p01_gmen_v02,¡Qué hambre tengo! Me comería un troll.,
Subtitles::vx_c00422_p01_plr_v06,Cuánto cansancio. No puedo más.,
Subtitles::vx_c00456_p01_plr_v06,Me he quedado sin palabras.,
Subtitles::vx_c00417_p01_plr_v01,Tengo un hambre voraz.,
Subtitles::vx_c00417_p01_plr_v02,Tengo un hambre voraz.,
Subtitles::vx_c00417_p01_plr_v03,Tengo un hambre voraz.,
Subtitles::vx_c00417_p01_plr_v04,Tengo un hambre voraz.,
Subtitles::vx_c00417_p01_plr_v06,Tengo un hambre voraz.,
Subtitles::vx_c00417_p01_plr_v07,Tengo un hambre voraz.,
Subtitles::vx_c00417_p01_plr_v08,Tengo un hambre voraz.,
Subtitles::vx_c00179_p01_redo_v01,Qué cansancio. ¿Cuándo comemos?,
Subtitles::vx_c00419_p01_plr_v03,He comido demasiado.,
Subtitles::vx_c00419_p01_plr_v05,He comido demasiado.,
Subtitles::vx_c00419_p01_plr_v07,He comido demasiado.,
Subtitles::vx_c00419_p01_plr_v01,He comido demasiado. *eructo*,
Subtitles::vx_c00419_p01_plr_v02,He comido demasiado. *eructo*,
Subtitles::vx_c00419_p01_plr_v04,He comido demasiado. *eructo*,
Subtitles::vx_c00419_p01_plr_v06,He comido demasiado. *eructo*,
Subtitles::vx_c00419_p01_plr_v08,He comido demasiado. *eructo*,
Subtitles::vx_c00422_p01_plr_v02,No puedo dar ni un medio paso más.,
Subtitles::vx_c00503_p01_plr_v01,Se me ha olvidado la letra.,
Subtitles::vx_c00503_p01_plr_v02,Se me ha olvidado la letra.,
Subtitles::vx_c00503_p01_plr_v04,Se me ha olvidado la letra.,
Subtitles::vx_c00503_p01_plr_v05,Se me ha olvidado la letra.,
Subtitles::vx_c00503_p01_plr_v06,Se me ha olvidado la letra.,
Subtitles::vx_c00503_p01_plr_v07,Se me ha olvidado la letra.,
Subtitles::vx_c00503_p01_plr_v08,Se me ha olvidado la letra.,
Subtitles::vx_c00448_p01_plr_v04,Tengo espacio en la bolsa para esto.,
Subtitles::vx_c00087_p01_plr_v01,Ya tengo las herramientas para arreglar las escaleras orientales.,
Subtitles::vx_c00087_p01_plr_v02,Ya tengo las herramientas para arreglar las escaleras orientales.,
Subtitles::vx_c00087_p01_plr_v03,Ya tengo las herramientas para arreglar las escaleras orientales.,
Subtitles::vx_c00087_p01_plr_v04,Ya tengo las herramientas para arreglar las escaleras orientales.,
Subtitles::vx_c00087_p01_plr_v06,Ya tengo las herramientas para arreglar las escaleras orientales.,
Subtitles::vx_c00087_p01_plr_v07,Ya tengo las herramientas para arreglar las escaleras orientales.,
Subtitles::vx_c00087_p01_plr_v08,Ya tengo las herramientas para arreglar las escaleras orientales.,
Subtitles::vx_c00246_p01_gun_v02,"Ya me habéis cansado, imbéciles de ojos rojos.",
Subtitles::vx_c00486_p01_plr_v02,Cómo echaba de menos la luz.,
Subtitles::vx_c00403_p02_plr_v01,Jamás había oído esta profecía sobre el regreso de Durin.,
Subtitles::vx_c00006_p03_plr_v01,Nunca había visto runas tan impregnadas de sombra. No me extraña que no pudiésemos abrir desde el otro lado.,
Subtitles::vx_c00006_p03_plr_v02,Nunca había visto runas tan impregnadas de sombra. No me extraña que no pudiésemos abrir desde el otro lado.,
Subtitles::vx_c00006_p03_plr_v03,Nunca había visto runas tan impregnadas de sombra. No me extraña que no pudiésemos abrir desde el otro lado.,
Subtitles::vx_c00006_p03_plr_v04,Nunca había visto runas tan impregnadas de sombra. No me extraña que no pudiésemos abrir desde el otro lado.,
Subtitles::vx_c00006_p03_plr_v06,Nunca había visto runas tan impregnadas de sombra. No me extraña que no pudiésemos abrir desde el otro lado.,
Subtitles::vx_c00006_p03_plr_v07,Nunca había visto runas tan impregnadas de sombra. No me extraña que no pudiésemos abrir desde el otro lado.,
Subtitles::vx_c00006_p03_plr_v08,Nunca había visto runas tan impregnadas de sombra. No me extraña que no pudiésemos abrir desde el otro lado.,
Subtitles::vx_c00362_p02_plr_v04,"Ya he ejercitado los músculos, hora de hacer lo mismo con la mente...",
Subtitles::vx_c00412_p01_plr_v03,"Si pudiera fabricar algo con mithril, sería un monumento a Gimli.",
Subtitles::vx_c00412_p01_plr_v01,"Si pudiera fabricar algo con mithril, sería un monumento a Gimli.",
Subtitles::vx_c00412_p01_plr_v02,"Si pudiera fabricar algo con mithril, sería un monumento a Gimli.",
Subtitles::vx_c00412_p01_plr_v04,"Si pudiera fabricar algo con mithril, sería un monumento a Gimli.",
Subtitles::vx_c00412_p01_plr_v05,"Si pudiera fabricar algo con mithril, sería un monumento a Gimli.",
Subtitles::vx_c00412_p01_plr_v06,"Si pudiera fabricar algo con mithril, sería un monumento a Gimli.",
Subtitles::vx_c00412_p01_plr_v07,"Si pudiera fabricar algo con mithril, sería un monumento a Gimli.",
Subtitles::vx_c00412_p01_plr_v08,"Si pudiera fabricar algo con mithril, sería un monumento a Gimli.",
Subtitles::vx_c00350_p02_plr_v07,"Si hay enanos que puedan con ellas, esos somos nosotros.",
Subtitles::vx_c00020_p02_plr_v08,"Si está oculta entre el alijo de un troll, creo que puede quedársela.",
Subtitles::vx_c00400_p02_plr_v04,Ojalá mi abuelo pudiese verme ahora.,
Subtitles::vx_c00456_p01_plr_v04,Ojalá mi abuelita pudiera ver esto.,
Subtitles::vx_c00042_p02_plr_v01,"Si los orcos lo encuentran antes, será difícil seguirle la pista.",
Subtitles::vx_c00042_p02_plr_v02,"Si los orcos lo encuentran antes, será difícil seguirle la pista.",
Subtitles::vx_c00042_p02_plr_v03,"Si los orcos lo encuentran antes, será difícil seguirle la pista.",
Subtitles::vx_c00042_p02_plr_v04,"Si los orcos lo encuentran antes, será difícil seguirle la pista.",
Subtitles::vx_c00042_p02_plr_v05,"Si los orcos lo encuentran antes, será difícil seguirle la pista.",
Subtitles::vx_c00042_p02_plr_v06,"Si los orcos lo encuentran antes, será difícil seguirle la pista.",
Subtitles::vx_c00042_p02_plr_v07,"Si los orcos lo encuentran antes, será difícil seguirle la pista.",
Subtitles::vx_c00042_p02_plr_v08,"Si los orcos lo encuentran antes, será difícil seguirle la pista.",
Subtitles::vx_c00406_p02_plr_v07,"Si esto es un sueño, ¡no quiero despertar!",
Subtitles::vx_c00089_p02_rav_v01,Malas noticias. No lo vi. Estaba fuera.,
Subtitles::vx_c00085_p06_rav_v01,Malas noticias. Malas noticias.,
Subtitles::vx_c00382_p02_plr_v07,Imagináoslo repleto de la luz que emanan los cristales.,
Subtitles::vx_c00345_p02_plr_v01,¿Cuántas antiguas leyendas descubriremos?,
Subtitles::vx_c00313_p01_drgn_v01,"¡A lo largo de las tres edades de este mundo, solo el Señor Oscuro me ha marcado!",
Subtitles::vx_c00025_p06_rav_v01,En las minas.,
Subtitles::vx_c00456_p01_plr_v03,Cuánta belleza.,
Subtitles::vx_c00231_p01_redu_v01,En posición. Ahora.,
Subtitles::vx_c00231_p01_redu_v02,En posición. Ahora.,
Subtitles::vx_c00362_p02_plr_v07,¿Estoy en una biblioteca? ¿Es un lugar sagrado?,
Subtitles::vx_c00107_p01_plr_v01,¿Otro guardián?,
Subtitles::vx_c00107_p01_plr_v02,¿Otro guardián?,
Subtitles::vx_c00107_p01_plr_v03,¿Otro guardián?,
Subtitles::vx_c00107_p01_plr_v04,¿Otro guardián?,
Subtitles::vx_c00107_p01_plr_v05,¿Otro guardián?,
Subtitles::vx_c00107_p01_plr_v06,¿Otro guardián?,
Subtitles::vx_c00107_p01_plr_v07,¿Otro guardián?,
Subtitles::vx_c00107_p01_plr_v08,¿Otro guardián?,
Subtitles::vx_c00403_p01_plr_v01,"Náin se enterró con la piedra khazâd..., pero tampoco está aquí. ¿Es por esto que no ha aparecido Durin el Último?",
Subtitles::vx_c00403_p01_plr_v02,"Náin se enterró con la piedra khazâd..., pero tampoco está aquí. ¿Es por esto que no ha aparecido Durin el Último?",
Subtitles::vx_c00403_p01_plr_v03,"Náin se enterró con la piedra khazâd..., pero tampoco está aquí. ¿Es por esto que no ha aparecido Durin el Último?",
Subtitles::vx_c00403_p01_plr_v04,"Náin se enterró con la piedra khazâd..., pero tampoco está aquí. ¿Es por esto que no ha aparecido Durin el Último?",
Subtitles::vx_c00403_p01_plr_v05,"Náin se enterró con la piedra khazâd..., pero tampoco está aquí. ¿Es por esto que no ha aparecido Durin el Último?",
Subtitles::vx_c00403_p01_plr_v06,"Náin se enterró con la piedra khazâd..., pero tampoco está aquí. ¿Es por esto que no ha aparecido Durin el Último?",
Subtitles::vx_c00403_p01_plr_v07,"Náin se enterró con la piedra khazâd..., pero tampoco está aquí. ¿Es por esto que no ha aparecido Durin el Último?",
Subtitles::vx_c00403_p01_plr_v08,"Náin se enterró con la piedra khazâd..., pero tampoco está aquí. ¿Es por esto que no ha aparecido Durin el Último?",
Subtitles::vx_c00050_p01_gmen_v01,Isengard era mejor que este pozo negro.,
Subtitles::vx_c00020_p02_plr_v01,Esperemos que no haya caído en manos de los orcos.,
Subtitles::vx_c00434_p01_plr_v08,Cómo arde.,
Subtitles::vx_c00222_p01_natg_v01,"Fuera lo que fuera, se ha ido…",
Subtitles::vx_c00222_p01_natg_v02,"Fuera lo que fuera, se ha ido…",
Subtitles::vx_c00222_p01_nato_v01,"Fuera lo que fuera, se ha ido…",
Subtitles::vx_c00222_p01_nato_v02,"Fuera lo que fuera, se ha ido…",
Subtitles::vx_c00406_p02_plr_v05,Ha pasado mucho tiempo desde la última vez que se forjó mithril aquí.,
Subtitles::vx_c00408_p02_plr_v05,Es preciosa.,
Subtitles::vx_c00426_p01_plr_v03,Empieza a hacer frío...,
Subtitles::vx_c00130_p07_drgn_v01,Soy yo quien debe destruirla.,
Subtitles::vx_c00400_p02_plr_v03,Es más precioso de lo que me había imaginado.,
Subtitles::vx_c00408_p02_plr_v06,Ya no está perdido.,
Subtitles::vx_c00401_p02_plr_v03,"Tiene sentido, por horrible que sea.",
Subtitles::vx_c00360_p02_plr_v06,Ahora entiendo por qué Durin I vino aquí.,
Subtitles::vx_c00723_p02_plr_v05,"Puede que sean interminables, pero nos llevarán a la salida.",
Subtitles::vx_c00020_p02_plr_v05,Seguro que se conservaba en algún lugar especial.,
Subtitles::vx_c00382_p02_plr_v05,Siempre serán los dominios de la casa de Durin.,
Subtitles::vx_c00403_p03_plr_v01,Ha sido un error tremendo traer la piedra khazâd hasta aquí. Ahora toca buscarla de nuevo y devolvérsela al linaje de Durin.,
Subtitles::vx_c00403_p03_plr_v02,Ha sido un error tremendo traer la piedra khazâd hasta aquí. Ahora toca buscarla de nuevo y devolvérsela al linaje de Durin.,
Subtitles::vx_c00403_p03_plr_v03,Ha sido un error tremendo traer la piedra khazâd hasta aquí. Ahora toca buscarla de nuevo y devolvérsela al linaje de Durin.,
Subtitles::vx_c00403_p03_plr_v04,Ha sido un error tremendo traer la piedra khazâd hasta aquí. Ahora toca buscarla de nuevo y devolvérsela al linaje de Durin.,
Subtitles::vx_c00403_p03_plr_v05,Ha sido un error tremendo traer la piedra khazâd hasta aquí. Ahora toca buscarla de nuevo y devolvérsela al linaje de Durin.,
Subtitles::vx_c00403_p03_plr_v06,Ha sido un error tremendo traer la piedra khazâd hasta aquí. Ahora toca buscarla de nuevo y devolvérsela al linaje de Durin.,
Subtitles::vx_c00403_p03_plr_v07,Ha sido un error tremendo traer la piedra khazâd hasta aquí. Ahora toca buscarla de nuevo y devolvérsela al linaje de Durin.,
Subtitles::vx_c00403_p03_plr_v08,Ha sido un error tremendo traer la piedra khazâd hasta aquí. Ahora toca buscarla de nuevo y devolvérsela al linaje de Durin.,
Subtitles::vx_c00357_p02_plr_v02,Fue muy amable por parte de Durin recibir a los refugiados.,
Subtitles::vx_c00153_p02_gun_v02,Iba a ser solo una incursión. Necesitamos provisiones.,
Subtitles::vx_c00384_p01_plr_v03,El Balrog es el responsable de toda esta destrucción.,
Subtitles::vx_c00384_p01_plr_v05,El Balrog es el responsable de toda esta destrucción.,
Subtitles::vx_c00400_p03_plr_v03,"No caerá en el olvido... De nuevo, unas manos enanas extrayendo mithril...",
Subtitles::vx_c00400_p03_plr_v05,"No caerá en el olvido... De nuevo, unas manos enanas extrayendo mithril...",
Subtitles::vx_c00112_p04_plr_v03,¡Se verá mejor con tu cabeza en una estaca.,
Subtitles::vx_c00112_p04_plr_v05,¡Se verá mejor con tu cabeza en una estaca.,
Subtitles::vx_c00020_p02_plr_v04,Estaría bien ver al menos una parte de esa legendaria hacha.,
Subtitles::vx_c00400_p03_plr_v06,"No caerá en el olvido... De nuevo, unas manos enanas extrayendo mithril...",
Subtitles::vx_c00400_p03_plr_v01,"No caerá en el olvido... De nuevo, unas manos enanas extrayendo mithril...",
Subtitles::vx_c00400_p03_plr_v02,"No caerá en el olvido... De nuevo, unas manos enanas extrayendo mithril...",
Subtitles::vx_c00400_p03_plr_v04,"No caerá en el olvido... De nuevo, unas manos enanas extrayendo mithril...",
Subtitles::vx_c00400_p03_plr_v07,"No caerá en el olvido... De nuevo, unas manos enanas extrayendo mithril...",
Subtitles::vx_c00400_p03_plr_v08,"No caerá en el olvido... De nuevo, unas manos enanas extrayendo mithril...",
Subtitles::vx_c00112_p04_plr_v01,¡Se verá mejor con tu cabeza en una estaca.,
Subtitles::vx_c00112_p04_plr_v02,¡Se verá mejor con tu cabeza en una estaca.,
Subtitles::vx_c00112_p04_plr_v04,¡Se verá mejor con tu cabeza en una estaca.,
Subtitles::vx_c00112_p04_plr_v06,¡Se verá mejor con tu cabeza en una estaca.,
Subtitles::vx_c00112_p04_plr_v07,¡Se verá mejor con tu cabeza en una estaca.,
Subtitles::vx_c00112_p04_plr_v08,¡Se verá mejor con tu cabeza en una estaca.,
Subtitles::vx_c00362_p02_plr_v01,Es una fuente de conocimiento ancestral.,
Subtitles::vx_c00565_p01_plr_v01,Una horda.,
Subtitles::vx_c00565_p01_plr_v02,Una horda.,
Subtitles::vx_c00565_p01_plr_v03,Una horda.,
Subtitles::vx_c00565_p01_plr_v04,Una horda.,
Subtitles::vx_c00565_p01_plr_v05,Una horda.,
Subtitles::vx_c00565_p01_plr_v06,Una horda.,
Subtitles::vx_c00565_p01_plr_v07,Una horda.,
Subtitles::vx_c00565_p01_plr_v08,Una horda.,
Subtitles::vx_c00483_p01_plr_v05,Es bruma oxidante. Cuidado.,
Subtitles::vx_c00384_p02_plr_v06,"Un paisaje grotesco. Sí, sin duda alguna.",
Subtitles::vx_c00348_p02_plr_v07,Es precioso… a su manera.,
Subtitles::vx_c00425_p01_plr_v01,Qué frío.,
Subtitles::vx_c00425_p01_plr_v02,Qué frío.,
Subtitles::vx_c00425_p01_plr_v03,Qué frío.,
Subtitles::vx_c00425_p01_plr_v04,Qué frío.,
Subtitles::vx_c00425_p01_plr_v05,Qué frío.,
Subtitles::vx_c00425_p01_plr_v06,Qué frío.,
Subtitles::vx_c00425_p01_plr_v07,Qué frío.,
Subtitles::vx_c00425_p01_plr_v08,Qué frío.,
Subtitles::vx_c00384_p02_plr_v01,Qué paisaje tan desolador.,
Subtitles::vx_c00357_p02_plr_v08,Es emocionante ver cuánta historia estamos restaurando.,
Subtitles::vx_c00401_p02_plr_v06,Menuda novedad para mí.,
Subtitles::vx_c00047_p02_plr_v08,No hay camino equivocado si lleva a una salida.,
Subtitles::vx_c00347_p02_plr_v04,Es antigua. Muy antigua.,
Subtitles::vx_c00426_p01_plr_v08,Hace muchísimo frío.,
Subtitles::vx_c00486_p01_plr_v06,Cuánta luz hay aquí. Qué maravilla.,
Subtitles::vx_c00358_p03_plr_v01,Es la sombra. Aquí hay algo que no va bien.,
Subtitles::vx_c00358_p03_plr_v02,Es la sombra. Aquí hay algo que no va bien.,
Subtitles::vx_c00358_p03_plr_v03,Es la sombra. Aquí hay algo que no va bien.,
Subtitles::vx_c00358_p03_plr_v04,Es la sombra. Aquí hay algo que no va bien.,
Subtitles::vx_c00358_p03_plr_v06,Es la sombra. Aquí hay algo que no va bien.,
Subtitles::vx_c00358_p03_plr_v07,Es la sombra. Aquí hay algo que no va bien.,
Subtitles::vx_c00358_p03_plr_v08,Es la sombra. Aquí hay algo que no va bien.,
Subtitles::vx_c00485_p01_plr_v08,Esto está demasiado oscuro. No me gusta.,
Subtitles::vx_c00385_p03_plr_v01,Los orcos nos están haciendo un favor matándose entre ellos.,
Subtitles::vx_c00385_p03_plr_v02,Los orcos nos están haciendo un favor matándose entre ellos.,
Subtitles::vx_c00385_p03_plr_v03,Los orcos nos están haciendo un favor matándose entre ellos.,
Subtitles::vx_c00385_p03_plr_v04,Los orcos nos están haciendo un favor matándose entre ellos.,
Subtitles::vx_c00385_p03_plr_v06,Los orcos nos están haciendo un favor matándose entre ellos.,
Subtitles::vx_c00385_p03_plr_v08,Los orcos nos están haciendo un favor matándose entre ellos.,
Subtitles::vx_c00124_p01_drgn_v01,"No tengo oro, ni gemas... Mi alijo se compone de todos los caídos de las cuatro edades del mundo.",
Subtitles::vx_c00236_p01_gmen_v01,Dejadnos en paz.,
Subtitles::vx_c00236_p01_gmen_v02,Dejadnos en paz.,
Subtitles::vx_c00382_p02_plr_v02,Fijaos bien. Por las barbas de Durin.,
Subtitles::vx_c00356_p01_plr_v01,Mirad esta antigua fragua. Qué belleza.,
Subtitles::vx_c00356_p01_plr_v02,Mirad esta antigua fragua. Qué belleza.,
Subtitles::vx_c00356_p01_plr_v03,Mirad esta antigua fragua. Qué belleza.,
Subtitles::vx_c00356_p01_plr_v04,Mirad esta antigua fragua. Qué belleza.,
Subtitles::vx_c00356_p01_plr_v05,Mirad esta antigua fragua. Qué belleza.,
Subtitles::vx_c00356_p01_plr_v06,Mirad esta antigua fragua. Qué belleza.,
Subtitles::vx_c00356_p01_plr_v07,Mirad esta antigua fragua. Qué belleza.,
Subtitles::vx_c00356_p01_plr_v08,Mirad esta antigua fragua. Qué belleza.,
Subtitles::vx_c00439_p01_plr_v01,Mira este tesoro.,
Subtitles::vx_c00439_p01_plr_v02,Mira este tesoro.,
Subtitles::vx_c00439_p01_plr_v03,Mira este tesoro.,
Subtitles::vx_c00439_p01_plr_v04,Mira este tesoro.,
Subtitles::vx_c00439_p01_plr_v06,Mira este tesoro.,
Subtitles::vx_c00439_p01_plr_v07,Mira este tesoro.,
Subtitles::vx_c00439_p01_plr_v08,Mira este tesoro.,
Subtitles::vx_c00350_p02_plr_v02,Un enemigo más para mi hacha.,
Subtitles::vx_c00412_p03_plr_v03,"Solo de pensarlo, me da la sensación de que estamos en el Día de Durin.",
Subtitles::vx_c00412_p03_plr_v01,"Solo de pensarlo, me da la sensación de que estamos en el Día de Durin.",
Subtitles::vx_c00412_p03_plr_v02,"Solo de pensarlo, me da la sensación de que estamos en el Día de Durin.",
Subtitles::vx_c00412_p03_plr_v04,"Solo de pensarlo, me da la sensación de que estamos en el Día de Durin.",
Subtitles::vx_c00412_p03_plr_v05,"Solo de pensarlo, me da la sensación de que estamos en el Día de Durin.",
Subtitles::vx_c00412_p03_plr_v06,"Solo de pensarlo, me da la sensación de que estamos en el Día de Durin.",
Subtitles::vx_c00412_p03_plr_v07,"Solo de pensarlo, me da la sensación de que estamos en el Día de Durin.",
Subtitles::vx_c00412_p03_plr_v08,"Solo de pensarlo, me da la sensación de que estamos en el Día de Durin.",
Subtitles::vx_c00723_p02_plr_v08,Y cuando piensas que ya se terminan. Sorpresa. Más escaleras.,
Subtitles::vx_c000724_p01_nato_v01,Sigue cavando.,
Subtitles::vx_c000724_p01_redo_v01,Sigue cavando.,
Subtitles::vx_c000724_p01_redo_v02,Sigue cavando.,
Subtitles::vx_c00724_p01_deepo_v01,Sigue cavando.,
Subtitles::vx_c00724_p01_gmen_v01,Sigue cavando.,
Subtitles::vx_c00724_p01_gmen_v02,Sigue cavando.,
Subtitles::vx_c00724_p01_gun_v02,Sigue cavando.,
Subtitles::vx_c00724_p01_natg_v01,Sigue cavando.,
Subtitles::vx_c00724_p01_natg_v02,Sigue cavando.,
Subtitles::vx_c00724_p01_nato_v02,Sigue cavando.,
Subtitles::vx_c00724_p01_redu_v01,Sigue cavando.,
Subtitles::vx_c00724_p01_redu_v02,Sigue cavando.,
Subtitles::vx_c00724_p01_shdw_v02,Sigue cavando.,
Subtitles::vx_c00567_p01_plr_v01,No hagáis ruido.,
Subtitles::vx_c00567_p01_plr_v02,No hagáis ruido.,
Subtitles::vx_c00567_p01_plr_v03,No hagáis ruido.,
Subtitles::vx_c00567_p01_plr_v04,No hagáis ruido.,
Subtitles::vx_c00567_p01_plr_v05,No hagáis ruido.,
Subtitles::vx_c00567_p01_plr_v06,No hagáis ruido.,
Subtitles::vx_c00567_p01_plr_v07,No hagáis ruido.,
Subtitles::vx_c00567_p01_plr_v08,No hagáis ruido.,
Subtitles::vx_c00504_p01_plr_v01,Esa melodía me gusta.,
Subtitles::vx_c00504_p01_plr_v02,Esa melodía me gusta.,
Subtitles::vx_c00504_p01_plr_v03,Esa melodía me gusta.,
Subtitles::vx_c00504_p01_plr_v04,Esa melodía me gusta.,
Subtitles::vx_c00504_p01_plr_v05,Esa melodía me gusta.,
Subtitles::vx_c00504_p01_plr_v06,Esa melodía me gusta.,
Subtitles::vx_c00504_p01_plr_v07,Esa melodía me gusta.,
Subtitles::vx_c00504_p01_plr_v08,Esa melodía me gusta.,
Subtitles::vx_c00568_p01_plr_v05,Bajad la voz.,
Subtitles::vx_c00053_p01_gmen_v02,Cuidado. Aquí huele a basura enana.,
Subtitles::vx_c00053_p01_gmen_v01,Cuidado. Esos asquerosos enanos no andan lejos.,
Subtitles::vx_c00396_p02_plr_v01,Barriles tan grandes como olifantes.,
Subtitles::vx_c00477_p01_plr_v01,Khazad llevará la luz hasta los rincones más oscuros.,
Subtitles::vx_c00477_p01_plr_v02,Khazad llevará la luz hasta los rincones más oscuros.,
Subtitles::vx_c00477_p01_plr_v03,Khazad llevará la luz hasta los rincones más oscuros.,
Subtitles::vx_c00477_p01_plr_v04,Khazad llevará la luz hasta los rincones más oscuros.,
Subtitles::vx_c00477_p01_plr_v05,Khazad llevará la luz hasta los rincones más oscuros.,
Subtitles::vx_c00477_p01_plr_v06,Khazad llevará la luz hasta los rincones más oscuros.,
Subtitles::vx_c00477_p01_plr_v07,Khazad llevará la luz hasta los rincones más oscuros.,
Subtitles::vx_c00477_p01_plr_v08,Khazad llevará la luz hasta los rincones más oscuros.,
Subtitles::vx_c00360_p02_plr_v03,Khazad-dûm debía haber sido nuestro hogar...,
Subtitles::vx_c00481_p01_plr_v04,"Khazad-dûm, te liberaremos de las sombras.",
Subtitles::vx_c00227_p01_deepg_v02,Matadlos.,
Subtitles::vx_c00227_p01_deepo_v01,Matadlos.,
Subtitles::vx_c00227_p01_deepo_v02,Matadlos.,
Subtitles::vx_c00227_p01_natg_v01,Matadlos.,
Subtitles::vx_c00227_p01_natg_v02,Matadlos.,
Subtitles::vx_c00227_p01_nato_v01,Matadlos.,
Subtitles::vx_c00227_p01_nato_v02,Matadlos.,
Subtitles::vx_c00238_p01_deepo_v01,Matad a los enanos.,
Subtitles::vx_c00177_p01_redu_v02,¿Ya has matado a alguna de esas babosas de Gundabad?,
Subtitles::vx_c00259_p01_deepg_v01,Matadla.,
Subtitles::vx_c00227_p01_gmen_v01,Matad a los enanos.,
Subtitles::vx_c00227_p01_gmen_v02,Matad a los enanos.,
Subtitles::vx_c00227_p01_gun_v02,Matad a los enanos.,
Subtitles::vx_c00227_p01_redo_v01,Matad a los enanos.,
Subtitles::vx_c00227_p01_redo_v02,Matad a los enanos.,
Subtitles::vx_c00227_p01_redu_v01,Matad a los enanos.,
Subtitles::vx_c00227_p01_redu_v02,Matad a los enanos.,
Subtitles::vx_c00127_p01_drgn_v01,"Matadlos, necios.",
Subtitles::vx_c00227_p01_shdw_v02,Matadlos.,
Subtitles::vx_c00389_p03_plr_v01,"El rey Elessar aún tiene la Narsil, aunque reforjada. Es la viva imagen de la destreza de Telchar.",
Subtitles::vx_c00389_p03_plr_v02,"El rey Elessar aún tiene la Narsil, aunque reforjada. Es la viva imagen de la destreza de Telchar.",
Subtitles::vx_c00389_p03_plr_v03,"El rey Elessar aún tiene la Narsil, aunque reforjada. Es la viva imagen de la destreza de Telchar.",
Subtitles::vx_c00389_p03_plr_v04,"El rey Elessar aún tiene la Narsil, aunque reforjada. Es la viva imagen de la destreza de Telchar.",
Subtitles::vx_c00389_p03_plr_v05,"El rey Elessar aún tiene la Narsil, aunque reforjada. Es la viva imagen de la destreza de Telchar.",
Subtitles::vx_c00389_p03_plr_v06,"El rey Elessar aún tiene la Narsil, aunque reforjada. Es la viva imagen de la destreza de Telchar.",
Subtitles::vx_c00389_p03_plr_v08,"El rey Elessar aún tiene la Narsil, aunque reforjada. Es la viva imagen de la destreza de Telchar.",
Subtitles::vx_c00389_p03_plr_v07,"El rey Elessar aún tiene la Narsil, aunque reforjada. Es la viva imagen de la destreza de Telchar.",
Subtitles::vx_c00402_p01_plr_v01,La tumba del rey Náin. Mantuvo la piedra khazâd con él hasta el final.,
Subtitles::vx_c00402_p01_plr_v02,La tumba del rey Náin. Mantuvo la piedra khazâd con él hasta el final.,
Subtitles::vx_c00402_p01_plr_v03,La tumba del rey Náin. Mantuvo la piedra khazâd con él hasta el final.,
Subtitles::vx_c00402_p01_plr_v04,La tumba del rey Náin. Mantuvo la piedra khazâd con él hasta el final.,
Subtitles::vx_c00402_p01_plr_v05,La tumba del rey Náin. Mantuvo la piedra khazâd con él hasta el final.,
Subtitles::vx_c00402_p01_plr_v06,La tumba del rey Náin. Mantuvo la piedra khazâd con él hasta el final.,
Subtitles::vx_c00402_p01_plr_v07,La tumba del rey Náin. Mantuvo la piedra khazâd con él hasta el final.,
Subtitles::vx_c00402_p01_plr_v08,La tumba del rey Náin. Mantuvo la piedra khazâd con él hasta el final.,
Subtitles::vx_c00408_p02_plr_v08,"Rey Náin, descansa en paz.",
Subtitles::vx_c00090_p04_rav_v01,El rey Thorin viaja para reunirse con Gimli.,
Subtitles::vx_c00123_p02_plr_v07,"¿Rey de Moria? Sí, claro. No eres más que un montón de escombro.",
Subtitles::vx_c00123_p02_plr_v01,"¿Rey de Moria? Sí, claro. No eres más que un montón de escombro.",
Subtitles::vx_c00123_p02_plr_v02,"¿Rey de Moria? Sí, claro. No eres más que un montón de escombro.",
Subtitles::vx_c00123_p02_plr_v03,"¿Rey de Moria? Sí, claro. No eres más que un montón de escombro.",
Subtitles::vx_c00123_p02_plr_v04,"¿Rey de Moria? Sí, claro. No eres más que un montón de escombro.",
Subtitles::vx_c00123_p02_plr_v05,"¿Rey de Moria? Sí, claro. No eres más que un montón de escombro.",
Subtitles::vx_c00123_p02_plr_v06,"¿Rey de Moria? Sí, claro. No eres más que un montón de escombro.",
Subtitles::vx_c00123_p02_plr_v08,"¿Rey de Moria? Sí, claro. No eres más que un montón de escombro.",
Subtitles::vx_c00089_p08_rav_v01,El rey dice que busques la piedra khazâd. Piedra. Busca a <Subtitle.Italic>Mazarbul</>.,
Subtitles::vx_c00555_p01_plr_v02,Este está más que muerto.,
Subtitles::vx_c00224_p01_shdw_v01,Fuera de su montaña.,
Subtitles::vx_c00224_p01_shdw_v02,Fuera de su montaña.,
Subtitles::vx_c00371_p01_plr_v01,Fuera de nuestra montaña.,
Subtitles::vx_c00371_p01_plr_v02,Fuera de nuestra montaña.,
Subtitles::vx_c00371_p01_plr_v03,Fuera de nuestra montaña.,
Subtitles::vx_c00371_p01_plr_v04,Fuera de nuestra montaña.,
Subtitles::vx_c00371_p01_plr_v05,Fuera de nuestra montaña.,
Subtitles::vx_c00371_p01_plr_v06,Fuera de nuestra montaña.,
Subtitles::vx_c00371_p01_plr_v07,Fuera de nuestra montaña.,
Subtitles::vx_c00371_p01_plr_v08,Fuera de nuestra montaña.,
Subtitles::vx_c00236_p01_deepg_v01,Dejadnos.,
Subtitles::vx_c00244_p01_gun_v02,Dejadnos.,
Subtitles::vx_c00743_p01_shdw_v02,Marchaos ya.,
Subtitles::vx_c00396_p02_plr_v08,Fiestas legendarias. Y dolores de tripa a la altura.,
Subtitles::vx_c00140_p02_deepg_v01,Que se maten entre ellos.,
Subtitles::vx_c00140_p02_deepo_v01,Que se maten entre ellos.,
Subtitles::vx_c00228_p01_gun_v01,Te voy a despellejar.,
Subtitles::vx_c00228_p01_gun_v02,Te voy a despellejar.,
Subtitles::vx_c00225_p01_redo_v01,"¡Partámoslos en trocitos, chavales!",
Subtitles::vx_c00225_p01_gmen_v01,Partámoslos en trocitos.,
Subtitles::vx_c00225_p01_gmen_v02,Partámoslos en trocitos.,
Subtitles::vx_c00225_p01_gun_v02,Partámoslos en trocitos.,
Subtitles::vx_c00225_p01_redo_v02,Partámoslos en trocitos.,
Subtitles::vx_c00225_p01_redu_v01,Partámoslos en trocitos.,
Subtitles::vx_c00225_p01_redu_v02,Partámoslos en trocitos.,
Subtitles::vx_c00383_p02_plr_v08,Vamos a hacerle un tajo de nada en el cuello.,
Subtitles::vx_c00064_p02_plr_v06,Espero que no nos impida salir.,
Subtitles::vx_c00155_p02_gun_v01,A ver qué les parecen nuestro huargos.,
Subtitles::vx_c00514_p01_plr_v01,Veamos qué hace esta runa.,
Subtitles::vx_c00514_p01_plr_v02,Veamos qué hace esta runa.,
Subtitles::vx_c00514_p01_plr_v03,Veamos qué hace esta runa.,
Subtitles::vx_c00514_p01_plr_v04,Veamos qué hace esta runa.,
Subtitles::vx_c00514_p01_plr_v05,Veamos qué hace esta runa.,
Subtitles::vx_c00514_p01_plr_v06,Veamos qué hace esta runa.,
Subtitles::vx_c00514_p01_plr_v07,Veamos qué hace esta runa.,
Subtitles::vx_c00514_p01_plr_v08,Veamos qué hace esta runa.,
Subtitles::vx_c00485_p01_plr_v02,Procedamos con calma. Mejor no apresurarse a la oscuridad.,
Subtitles::vx_c00486_p01_plr_v01,Cuánta luz. Un regalo para los ojos.,
Subtitles::vx_c00690_p01_plr_v01,La luz. Qué bien me siento.,
Subtitles::vx_c00690_p01_plr_v02,La luz. Qué bien me siento.,
Subtitles::vx_c00690_p01_plr_v03,La luz. Qué bien me siento.,
Subtitles::vx_c00690_p01_plr_v04,La luz. Qué bien me siento.,
Subtitles::vx_c00690_p01_plr_v05,La luz. Qué bien me siento.,
Subtitles::vx_c00690_p01_plr_v06,La luz. Qué bien me siento.,
Subtitles::vx_c00690_p01_plr_v07,La luz. Qué bien me siento.,
Subtitles::vx_c00690_p01_plr_v08,La luz. Qué bien me siento.,
Subtitles::vx_c00488_p01_plr_v07,Rayo va. Cuidado.,
Subtitles::vx_c00488_p01_plr_v01,Un rayo. Cuidado.,
Subtitles::vx_c00488_p01_plr_v06,Un rayo. Cuidado.,
Subtitles::vx_c00013_p04_rav_v01,Largo viaje. Debes prepararte. Aquí arriba. En ese antiguo campamento enano.,
Subtitles::vx_c00067_p01_plr_v06,Mirad eso. Una veta de mineral.,
Subtitles::vx_c00408_p02_plr_v03,¡Observa el brillo del mithril!,
Subtitles::vx_c00077_p01_plr_v08,Aquí. Veo algo.,
Subtitles::vx_c00078_p01_plr_v04,Ahí. Veo algo.,
Subtitles::vx_c00518_p01_plr_v05,Un regalo para la vista.,
Subtitles::vx_c00447_p01_plr_v08,Pinta bien.,
Subtitles::vx_c00362_p02_plr_v03,"Parece una biblioteca. Yo no soy muy de leer, pero...",
Subtitles::vx_c00342_p01_plr_v01,Parece una lámpara especial. Encendámosla.,
Subtitles::vx_c00342_p01_plr_v02,Parece una lámpara especial. Encendámosla.,
Subtitles::vx_c00342_p01_plr_v03,Parece una lámpara especial. Encendámosla.,
Subtitles::vx_c00342_p01_plr_v04,Parece una lámpara especial. Encendámosla.,
Subtitles::vx_c00342_p01_plr_v05,Parece una lámpara especial. Encendámosla.,
Subtitles::vx_c00342_p01_plr_v06,Parece una lámpara especial. Encendámosla.,
Subtitles::vx_c00342_p01_plr_v07,Parece una lámpara especial. Encendámosla.,
Subtitles::vx_c00342_p01_plr_v08,Parece una lámpara especial. Encendámosla.,
Subtitles::vx_c00447_p01_plr_v02,Qué buena pinta.,
Subtitles::vx_c00266_p01_deepg_v02,Un botín. Un botín enano.,
Subtitles::vx_c00463_p01_plr_v01,El señor Gimli caminó por aquí.,
Subtitles::vx_c00463_p01_plr_v02,El señor Gimli caminó por aquí.,
Subtitles::vx_c00463_p01_plr_v03,El señor Gimli caminó por aquí.,
Subtitles::vx_c00463_p01_plr_v04,El señor Gimli caminó por aquí.,
Subtitles::vx_c00463_p01_plr_v06,El señor Gimli caminó por aquí.,
Subtitles::vx_c00463_p01_plr_v07,El señor Gimli caminó por aquí.,
Subtitles::vx_c00463_p01_plr_v08,El señor Gimli caminó por aquí.,
Subtitles::vx_c00007_p03_plr_v01,"Al final, el señor Gimli consiguió sacarlos de aquí, pero le llevo su tiempo…",
Subtitles::vx_c00007_p03_plr_v02,"Al final, el señor Gimli consiguió sacarlos de aquí, pero le llevo su tiempo…",
Subtitles::vx_c00007_p03_plr_v03,"Al final, el señor Gimli consiguió sacarlos de aquí, pero le llevo su tiempo…",
Subtitles::vx_c00007_p03_plr_v04,"Al final, el señor Gimli consiguió sacarlos de aquí, pero le llevo su tiempo…",
Subtitles::vx_c00007_p03_plr_v05,"Al final, el señor Gimli consiguió sacarlos de aquí, pero le llevo su tiempo…",
Subtitles::vx_c00007_p03_plr_v06,"Al final, el señor Gimli consiguió sacarlos de aquí, pero le llevo su tiempo…",
Subtitles::vx_c00007_p03_plr_v07,"Al final, el señor Gimli consiguió sacarlos de aquí, pero le llevo su tiempo…",
Subtitles::vx_c00007_p03_plr_v08,"Al final, el señor Gimli consiguió sacarlos de aquí, pero le llevo su tiempo…",
Subtitles::vx_c00147_p01_redo_v01,El señor Sauron no puede estar muerto.,
Subtitles::vx_c00147_p01_redu_v01,El señor Sauron no puede estar muerto.,
Subtitles::vx_c00154_p01_gun_v02,Acordaos de mis palabras: tomaré Erebor con mis propias manos.,
Subtitles::vx_c00474_p01_plr_v01,Que Aulë te guarde.,
Subtitles::vx_c00474_p01_plr_v02,Que Aulë te guarde.,
Subtitles::vx_c00474_p01_plr_v03,Que Aulë te guarde.,
Subtitles::vx_c00474_p01_plr_v04,Que Aulë te guarde.,
Subtitles::vx_c00474_p01_plr_v05,Que Aulë te guarde.,
Subtitles::vx_c00474_p01_plr_v06,Que Aulë te guarde.,
Subtitles::vx_c00474_p01_plr_v07,Que Aulë te guarde.,
Subtitles::vx_c00474_p01_plr_v08,Que Aulë te guarde.,
Subtitles::vx_c00471_p01_plr_v01,Que sus barbas jamás dejen de crecer.,
Subtitles::vx_c00471_p01_plr_v02,Que sus barbas jamás dejen de crecer.,
Subtitles::vx_c00471_p01_plr_v03,Que sus barbas jamás dejen de crecer.,
Subtitles::vx_c00471_p01_plr_v04,Que sus barbas jamás dejen de crecer.,
Subtitles::vx_c00471_p01_plr_v05,Que sus barbas jamás dejen de crecer.,
Subtitles::vx_c00471_p01_plr_v06,Que sus barbas jamás dejen de crecer.,
Subtitles::vx_c00471_p01_plr_v07,Que sus barbas jamás dejen de crecer.,
Subtitles::vx_c00471_p01_plr_v08,Que sus barbas jamás dejen de crecer.,
Subtitles::vx_c00341_p03_plr_v01,Puede que Gandalf dejase más pistas útiles.,
Subtitles::vx_c00341_p03_plr_v02,Puede que Gandalf dejase más pistas útiles.,
Subtitles::vx_c00341_p03_plr_v04,Puede que Gandalf dejase más pistas útiles.,
Subtitles::vx_c00341_p03_plr_v06,Puede que Gandalf dejase más pistas útiles.,
Subtitles::vx_c00341_p03_plr_v07,Puede que Gandalf dejase más pistas útiles.,
Subtitles::vx_c00341_p03_plr_v08,Puede que Gandalf dejase más pistas útiles.,
Subtitles::vx_c00075_p03_gmen_v02,"A lo mejor la han matado los orcos. Espera, ¿es mortal?",
Subtitles::vx_c00361_p02_plr_v07,A lo mejor hay un motivo por el que ya no está aquí.,
Subtitles::vx_c00025_p03_plr_v01,Quizá podamos entrar en las viejas minas y buscar una forma de llegar hasta el Camino de Durin desde allí.,
Subtitles::vx_c00025_p03_plr_v02,Quizá podamos entrar en las viejas minas y buscar una forma de llegar hasta el Camino de Durin desde allí.,
Subtitles::vx_c00025_p03_plr_v03,Quizá podamos entrar en las viejas minas y buscar una forma de llegar hasta el Camino de Durin desde allí.,
Subtitles::vx_c00025_p03_plr_v04,Quizá podamos entrar en las viejas minas y buscar una forma de llegar hasta el Camino de Durin desde allí.,
Subtitles::vx_c00025_p03_plr_v05,Quizá podamos entrar en las viejas minas y buscar una forma de llegar hasta el Camino de Durin desde allí.,
Subtitles::vx_c00025_p03_plr_v06,Quizá podamos entrar en las viejas minas y buscar una forma de llegar hasta el Camino de Durin desde allí.,
Subtitles::vx_c00025_p03_plr_v07,Quizá podamos entrar en las viejas minas y buscar una forma de llegar hasta el Camino de Durin desde allí.,
Subtitles::vx_c00025_p03_plr_v08,Quizá podamos entrar en las viejas minas y buscar una forma de llegar hasta el Camino de Durin desde allí.,
Subtitles::vx_c00008_p03_plr_v01,Quizá algún día encontremos sus huesos.,
Subtitles::vx_c00008_p03_plr_v02,Quizá algún día encontremos sus huesos.,
Subtitles::vx_c00008_p03_plr_v04,Quizá algún día encontremos sus huesos.,
Subtitles::vx_c00008_p03_plr_v06,Quizá algún día encontremos sus huesos.,
Subtitles::vx_c00008_p03_plr_v07,Quizá algún día encontremos sus huesos.,
Subtitles::vx_c00008_p03_plr_v08,Quizá algún día encontremos sus huesos.,
Subtitles::vx_c00249_p01_shdw_v01,Mío. Mío. Mío.,
Subtitles::vx_c00249_p01_shdw_v02,Mío. Mío. Mío.,
Subtitles::vx_c00025_p04_rav_v01,Las minas están cerca. Hay que cavar. Busca un punto para cavar.,
Subtitles::vx_c00090_p09_plr_v04,"La fragua de mithril. Ni siquiera sabía que existía. Gracias, Aric.",
Subtitles::vx_c00090_p09_plr_v01,"La fragua de mithril. Pensaba que no era más que una leyenda. Gracias, Aric.",
Subtitles::vx_c00090_p09_plr_v02,"La fragua de mithril. Pensaba que no era más que una leyenda. Gracias, Aric.",
Subtitles::vx_c00090_p09_plr_v03,"La fragua de mithril. Pensaba que no era más que una leyenda. Gracias, Aric.",
Subtitles::vx_c00090_p09_plr_v05,"La fragua de mithril. Pensaba que no era más que una leyenda. Gracias, Aric.",
Subtitles::vx_c00090_p09_plr_v06,"La fragua de mithril. Pensaba que no era más que una leyenda. Gracias, Aric.",
Subtitles::vx_c00090_p09_plr_v07,"La fragua de mithril. Pensaba que no era más que una leyenda. Gracias, Aric.",
Subtitles::vx_c00090_p09_plr_v08,"La fragua de mithril. Pensaba que no era más que una leyenda. Gracias, Aric.",
Subtitles::vx_c00400_p01_plr_v01,Mithril. Por fin lo encontramos.,
Subtitles::vx_c00400_p01_plr_v02,Mithril. Por fin lo encontramos.,
Subtitles::vx_c00400_p01_plr_v03,Mithril. Por fin lo encontramos.,
Subtitles::vx_c00400_p01_plr_v04,Mithril. Por fin lo encontramos.,
Subtitles::vx_c00400_p01_plr_v05,Mithril. Por fin lo encontramos.,
Subtitles::vx_c00400_p01_plr_v06,Mithril. Por fin lo encontramos.,
Subtitles::vx_c00400_p01_plr_v07,Mithril. Por fin lo encontramos.,
Subtitles::vx_c00400_p01_plr_v08,Mithril. Por fin lo encontramos.,
Subtitles::vx_c00249_p01_deepg_v02,"Mmm, carne de troll.",
Subtitles::vx_c00447_p01_plr_v05,Mmm. Ni yo mismo podría haberlo hecho mejor.,
Subtitles::vx_c00141_p03_deepg_v01,"Mmm, sí. Matémoslos.",
Subtitles::vx_c00141_p03_deepo_v01,"Mmm, sí. Matémoslos.",
Subtitles::vx_c00522_p01_plr_v01,"Mmm, qué hambre.",
Subtitles::vx_c00522_p01_plr_v02,"Mmm, qué hambre.",
Subtitles::vx_c00522_p01_plr_v03,"Mmm, qué hambre.",
Subtitles::vx_c00522_p01_plr_v04,"Mmm, qué hambre.",
Subtitles::vx_c00522_p01_plr_v05,"Mmm, qué hambre.",
Subtitles::vx_c00522_p01_plr_v06,"Mmm, qué hambre.",
Subtitles::vx_c00522_p01_plr_v07,"Mmm, qué hambre.",
Subtitles::vx_c00522_p01_plr_v08,"Mmm, qué hambre.",
Subtitles::vx_c00106_p01_plr_v01,Monstruo en el agua.,
Subtitles::vx_c00106_p01_plr_v02,Monstruo en el agua.,
Subtitles::vx_c00106_p01_plr_v03,Monstruo en el agua.,
Subtitles::vx_c00106_p01_plr_v04,Monstruo en el agua.,
Subtitles::vx_c00106_p01_plr_v05,Monstruo en el agua.,
Subtitles::vx_c00106_p01_plr_v06,Monstruo en el agua.,
Subtitles::vx_c00106_p01_plr_v07,Monstruo en el agua.,
Subtitles::vx_c00106_p01_plr_v08,Monstruo en el agua.,
Subtitles::vx_c00605_p01_plr_v01,Escoria de Moria.,
Subtitles::vx_c00605_p01_plr_v02,Escoria de Moria.,
Subtitles::vx_c00605_p01_plr_v03,Escoria de Moria.,
Subtitles::vx_c00605_p01_plr_v04,Escoria de Moria.,
Subtitles::vx_c00605_p01_plr_v05,Escoria de Moria.,
Subtitles::vx_c00605_p01_plr_v06,Escoria de Moria.,
Subtitles::vx_c00605_p01_plr_v07,Escoria de Moria.,
Subtitles::vx_c00605_p01_plr_v08,Escoria de Moria.,
Subtitles::vx_c00475_p01_plr_v01,Más sombras malditas.,
Subtitles::vx_c00475_p01_plr_v02,Más sombras malditas.,
Subtitles::vx_c00475_p01_plr_v03,Más sombras malditas.,
Subtitles::vx_c00475_p01_plr_v04,Más sombras malditas.,
Subtitles::vx_c00475_p01_plr_v05,Más sombras malditas.,
Subtitles::vx_c00475_p01_plr_v06,Más sombras malditas.,
Subtitles::vx_c00475_p01_plr_v07,Más sombras malditas.,
Subtitles::vx_c00475_p01_plr_v08,Más sombras malditas.,
Subtitles::vx_c00481_p01_plr_v03,Más sombras de las narices.,
Subtitles::vx_c00056_p03_natg_v01,"Otros de esos imbéciles de fuera. Más feos, además.",
Subtitles::vx_c00056_p03_nato_v01,"Otros de esos imbéciles de fuera. Más feos, además.",
Subtitles::vx_c00156_p01_shdw_v01,"Más sombra, nada de luz.",
Subtitles::vx_c00140_p01_deepg_v02,Más habitantes de la superficie peleándose.,
Subtitles::vx_c00140_p01_deepo_v02,Más habitantes de la superficie peleándose.,
Subtitles::vx_c00465_p01_plr_v01,Más marcas de magos.,
Subtitles::vx_c00465_p01_plr_v02,Más marcas de magos.,
Subtitles::vx_c00465_p01_plr_v03,Más marcas de magos.,
Subtitles::vx_c00465_p01_plr_v04,Más marcas de magos.,
Subtitles::vx_c00465_p01_plr_v05,Más marcas de magos.,
Subtitles::vx_c00465_p01_plr_v06,Más marcas de magos.,
Subtitles::vx_c00465_p01_plr_v07,Más marcas de magos.,
Subtitles::vx_c00465_p01_plr_v08,Más marcas de magos.,
Subtitles::vx_c00156_p01_shdw_v02,Más... más sombra. Más. Nada de luz.,
Subtitles::vx_c00091_p01_drgn_v01,"Ahora, ¡Moria es mía!",
Subtitles::vx_c00600_p01_plr_v03,Moria ya no es vuestra.,
Subtitles::vx_c00600_p01_plr_v05,Moria ya no es vuestra.,
Subtitles::vx_c00217_p01_gun_v02,Moria es nuestra ahora.,
Subtitles::vx_c00217_p01_redo_v01,Moria es nuestra ahora.,
Subtitles::vx_c00217_p01_redo_v02,Moria es nuestra ahora.,
Subtitles::vx_c00217_p01_deepo_v01,Moria es nuestra.,
Subtitles::vx_c00217_p01_deepo_v02,Moria es nuestra.,
Subtitles::vx_c00217_p01_natg_v01,Moria es nuestra.,
Subtitles::vx_c00217_p01_natg_v02,Moria es nuestra.,
Subtitles::vx_c00094_p01_bolg_v01,Moria es nuestra. Nunca volveréis a arrebatárnosla.,
Subtitles::vx_c00217_p01_gmen_v01,Moria será nuestra.,
Subtitles::vx_c00217_p01_gmen_v02,Moria será nuestra.,
Subtitles::vx_c00597_p01_plr_v01,Moria será nuestra.,
Subtitles::vx_c00597_p01_plr_v02,Moria será nuestra.,
Subtitles::vx_c00597_p01_plr_v03,Moria será nuestra.,
Subtitles::vx_c00597_p01_plr_v04,Moria será nuestra.,
Subtitles::vx_c00597_p01_plr_v05,Moria será nuestra.,
Subtitles::vx_c00597_p01_plr_v06,Moria será nuestra.,
Subtitles::vx_c00597_p01_plr_v07,Moria será nuestra.,
Subtitles::vx_c00597_p01_plr_v08,Moria será nuestra.,
Subtitles::vx_c00570_p01_plr_v07,Moria acabará con toda vuestra inmundicia.,
Subtitles::vx_c00600_p01_plr_v01,Moria ya no es vuestra.,
Subtitles::vx_c00600_p01_plr_v02,Moria ya no es vuestra.,
Subtitles::vx_c00600_p01_plr_v04,Moria ya no es vuestra.,
Subtitles::vx_c00600_p01_plr_v06,Moria ya no es vuestra.,
Subtitles::vx_c00600_p01_plr_v07,Moria ya no es vuestra.,
Subtitles::vx_c00600_p01_plr_v08,Moria ya no es vuestra.,
Subtitles::vx_c00484_p01_plr_v02,Moria. Sí que ocultas bien tus peligros.,
Subtitles::vx_c00460_p01_plr_v03,"Moria, tú sí que velas por nosotros.",
Subtitles::vx_c00599_p01_plr_v01,Escoria de la montaña.,
Subtitles::vx_c00599_p01_plr_v02,Escoria de la montaña.,
Subtitles::vx_c00599_p01_plr_v03,Escoria de la montaña.,
Subtitles::vx_c00599_p01_plr_v04,Escoria de la montaña.,
Subtitles::vx_c00599_p01_plr_v05,Escoria de la montaña.,
Subtitles::vx_c00599_p01_plr_v06,Escoria de la montaña.,
Subtitles::vx_c00599_p01_plr_v07,Escoria de la montaña.,
Subtitles::vx_c00599_p01_plr_v08,Escoria de la montaña.,
Subtitles::vx_c00385_p02_plr_v04,Seguro que ha sido una sorpresa de lo más desagradable. Ja.,
Subtitles::vx_c00709_p01_drgn_v01,Mis sombras se expandirán y toda la luz perecerá.,
Subtitles::vx_c00610_p01_plr_v01,Mi armadura se corroe.,
Subtitles::vx_c00610_p01_plr_v02,Mi armadura se corroe.,
Subtitles::vx_c00610_p01_plr_v03,Mi armadura se corroe.,
Subtitles::vx_c00610_p01_plr_v04,Mi armadura se corroe.,
Subtitles::vx_c00610_p01_plr_v05,Mi armadura se corroe.,
Subtitles::vx_c00610_p01_plr_v06,Mi armadura se corroe.,
Subtitles::vx_c00610_p01_plr_v07,Mi armadura se corroe.,
Subtitles::vx_c00610_p01_plr_v08,Mi armadura se corroe.,
Subtitles::vx_c00428_p01_plr_v02,Se me congela el hacha.,
Subtitles::vx_c00442_p01_plr_v04,Mi hacha está lista.,
Subtitles::vx_c00577_p01_plr_v01,Mi hacha no descansa.,
Subtitles::vx_c00577_p01_plr_v02,Mi hacha no descansa.,
Subtitles::vx_c00577_p01_plr_v03,Mi hacha no descansa.,
Subtitles::vx_c00577_p01_plr_v04,Mi hacha no descansa.,
Subtitles::vx_c00577_p01_plr_v05,Mi hacha no descansa.,
Subtitles::vx_c00577_p01_plr_v06,Mi hacha no descansa.,
Subtitles::vx_c00577_p01_plr_v07,Mi hacha no descansa.,
Subtitles::vx_c00577_p01_plr_v08,Mi hacha no descansa.,
Subtitles::vx_c00345_p02_plr_v02,"Mi hacha, mi martillo y mi pico están listos.",
Subtitles::vx_c00418_p01_plr_v02,Mi estómago se queja. Necesito comer.,
Subtitles::vx_c00702_p01_drgn_v01,Mi prole se encargará de todo esto.,
Subtitles::vx_c00406_p02_plr_v06,A mis primos les encantaría ver esto.,
Subtitles::vx_c00411_p05_plr_v01,"Blando mi martillo para hacer los preparativos de Moria. Cuando Durin despierte, ¡será coronado rey de <Subtitle.Italic>Khazad-dûm</>!",
Subtitles::vx_c00411_p05_plr_v02,"Blando mi martillo para hacer los preparativos de Moria. Cuando Durin despierte, ¡será coronado rey de <Subtitle.Italic>Khazad-dûm</>!",
Subtitles::vx_c00411_p05_plr_v03,"Blando mi martillo para hacer los preparativos de Moria. Cuando Durin despierte, ¡será coronado rey de <Subtitle.Italic>Khazad-dûm</>!",
Subtitles::vx_c00411_p05_plr_v04,"Blando mi martillo para hacer los preparativos de Moria. Cuando Durin despierte, ¡será coronado rey de <Subtitle.Italic>Khazad-dûm</>!",
Subtitles::vx_c00411_p05_plr_v05,"Blando mi martillo para hacer los preparativos de Moria. Cuando Durin despierte, ¡será coronado rey de <Subtitle.Italic>Khazad-dûm</>!",
Subtitles::vx_c00411_p05_plr_v06,"Blando mi martillo para hacer los preparativos de Moria. Cuando Durin despierte, ¡será coronado rey de <Subtitle.Italic>Khazad-dûm</>!",
Subtitles::vx_c00411_p05_plr_v07,"Blando mi martillo para hacer los preparativos de Moria. Cuando Durin despierte, ¡será coronado rey de <Subtitle.Italic>Khazad-dûm</>!",
Subtitles::vx_c00411_p05_plr_v08,"Blando mi martillo para hacer los preparativos de Moria. Cuando Durin despierte, ¡será coronado rey de <Subtitle.Italic>Khazad-dûm</>!",
Subtitles::vx_c00112_p05_king_v01,No perderé la cabeza por culpa de una panda de enanos paticortos. Yo reino sobre las ruinas de Mordor. Adelante. Venid a por mí.,
Subtitles::vx_c00422_p01_plr_v03,Las piernas casi no me responden ya.,
Subtitles::vx_c00047_p02_plr_v07,Mi pico está listo.,
Subtitles::vx_c00491_p01_plr_v01,Mi pico sí que golpea fuerte.,
Subtitles::vx_c00491_p01_plr_v02,Mi pico sí que golpea fuerte.,
Subtitles::vx_c00491_p01_plr_v03,Mi pico sí que golpea fuerte.,
Subtitles::vx_c00491_p01_plr_v04,Mi pico sí que golpea fuerte.,
Subtitles::vx_c00491_p01_plr_v05,Mi pico sí que golpea fuerte.,
Subtitles::vx_c00491_p01_plr_v06,Mi pico sí que golpea fuerte.,
Subtitles::vx_c00491_p01_plr_v07,Mi pico sí que golpea fuerte.,
Subtitles::vx_c00491_p01_plr_v08,Mi pico sí que golpea fuerte.,
Subtitles::vx_c00362_p02_plr_v08,"Si mi hermana viese este lugar, ¡se volvería loca!",
Subtitles::vx_c00434_p01_plr_v04,Me arde la piel.,
Subtitles::vx_c00414_p01_plr_v04,¡Mi estómago dice que ya va siendo hora de comer!,
Subtitles::vx_c00097_p01_bolg_v01,Me toca. Arrrgh.,
Subtitles::vx_c00389_p02_plr_v07,Mi tío va a tirarse de los pelos de la barba cuando se entere.,
Subtitles::vx_c00586_p01_plr_v01,Mi arma se ha roto.,
Subtitles::vx_c00586_p01_plr_v02,Mi arma se ha roto.,
Subtitles::vx_c00586_p01_plr_v03,Mi arma se ha roto.,
Subtitles::vx_c00586_p01_plr_v04,Mi arma se ha roto.,
Subtitles::vx_c00586_p01_plr_v05,Mi arma se ha roto.,
Subtitles::vx_c00586_p01_plr_v06,Mi arma se ha roto.,
Subtitles::vx_c00586_p01_plr_v07,Mi arma se ha roto.,
Subtitles::vx_c00586_p01_plr_v08,Mi arma se ha roto.,
Subtitles::vx_c00428_p01_plr_v01,Se me congelan los bigotes.,
Subtitles::vx_c00430_p01_plr_v08,Se me congelan los bigotes.,
Subtitles::vx_c00403_p02_plr_v04,Pero ¿dónde están los restos de Náin?,
Subtitles::vx_c00350_p02_plr_v01,¿Bestias sin nombre? Nunca pensé que me enfrentaría a una.,
Subtitles::vx_c00396_p02_plr_v02,No habrá barba ni yelmo sin adornar.,
Subtitles::vx_c00058_p03_natg_v01,Es lo más repugnante que ha visto esta montaña. No le cuentes al jefe que he dicho eso.,
Subtitles::vx_c00058_p03_nato_v01,Es lo más repugnante que ha visto esta montaña. No le cuentes al jefe que he dicho eso.,
Subtitles::vx_c00422_p01_plr_v04,Tengo que recuperar el aliento.,
Subtitles::vx_c00517_p01_plr_v01,Necesita combustible.,
Subtitles::vx_c00517_p01_plr_v02,Necesita combustible.,
Subtitles::vx_c00517_p01_plr_v03,Necesita combustible.,
Subtitles::vx_c00517_p01_plr_v04,Necesita combustible.,
Subtitles::vx_c00517_p01_plr_v05,Necesita combustible.,
Subtitles::vx_c00517_p01_plr_v06,Necesita combustible.,
Subtitles::vx_c00517_p01_plr_v07,Necesita combustible.,
Subtitles::vx_c00517_p01_plr_v08,Necesita combustible.,
Subtitles::vx_c00382_p02_plr_v04,Jamás me habría imaginado de lo que sería testigo. Se me nublan los ojos...,
Subtitles::vx_c00169_p02_deepg_v02,Nunca.,
Subtitles::vx_c00051_p03_gmen_v01,Al próximo trasgo que vea le arranco la cabeza.,
Subtitles::vx_c00518_p01_plr_v02,Bonito y robusto.,
Subtitles::vx_c00742_p01_shdw_v02,"Fuera, enanos. Moria le pertenece a ella.",
Subtitles::vx_c00006_p02_plr_v04,Para esto no servirán las hachas ni las espadas. Maldita maldición.,
Subtitles::vx_c00092_p03_plr_v05,Ahora no habrá maldición alguna que nos impida volver a Moria.,
Subtitles::vx_c00092_p03_plr_v08,Ahora no habrá maldición alguna que nos impida volver a Moria.,
Subtitles::vx_c00092_p03_plr_v01,Ahora no habrá maldición alguna que nos impida llegar hasta Moria.,
Subtitles::vx_c00092_p03_plr_v02,Ahora no habrá maldición alguna que nos impida llegar hasta Moria.,
Subtitles::vx_c00092_p03_plr_v03,Ahora no habrá maldición alguna que nos impida llegar hasta Moria.,
Subtitles::vx_c00092_p03_plr_v04,Ahora no habrá maldición alguna que nos impida llegar hasta Moria.,
Subtitles::vx_c00092_p03_plr_v06,Ahora no habrá maldición alguna que nos impida llegar hasta Moria.,
Subtitles::vx_c00092_p03_plr_v07,Ahora no habrá maldición alguna que nos impida llegar hasta Moria.,
Subtitles::vx_c00157_p02_shdw_v01,No más humo y fuego.,
Subtitles::vx_c00157_p02_shdw_v02,No más humo y fuego.,
Subtitles::vx_c00233_p01_deepg_v02,"No, no corráis.",
Subtitles::vx_c00719_p02_drgn_v01,No hay nada más aquí dentro.,
Subtitles::vx_c00088_p02_drgn_v01,No hay nada aquí dentro.,
Subtitles::vx_c00365_p01_plr_v01,Ningún orco llegará a señor de Moria.,
Subtitles::vx_c00365_p01_plr_v02,Ningún orco llegará a señor de Moria.,
Subtitles::vx_c00365_p01_plr_v03,Ningún orco llegará a señor de Moria.,
Subtitles::vx_c00365_p01_plr_v04,Ningún orco llegará a señor de Moria.,
Subtitles::vx_c00365_p01_plr_v05,Ningún orco llegará a señor de Moria.,
Subtitles::vx_c00365_p01_plr_v06,Ningún orco llegará a señor de Moria.,
Subtitles::vx_c00365_p01_plr_v07,Ningún orco llegará a señor de Moria.,
Subtitles::vx_c00365_p01_plr_v08,Ningún orco llegará a señor de Moria.,
Subtitles::vx_c00088_p03_drgn_v01,No hay escoria. No hay nada.,
Subtitles::vx_c00233_p01_gun_v02,Ya basta de escapar.,
Subtitles::vx_c00508_p01_plr_v01,No es momento de cantar.,
Subtitles::vx_c00508_p01_plr_v02,No es momento de cantar.,
Subtitles::vx_c00508_p01_plr_v03,No es momento de cantar.,
Subtitles::vx_c00508_p01_plr_v04,No es momento de cantar.,
Subtitles::vx_c00508_p01_plr_v05,No es momento de cantar.,
Subtitles::vx_c00508_p01_plr_v06,No es momento de cantar.,
Subtitles::vx_c00508_p01_plr_v07,No es momento de cantar.,
Subtitles::vx_c00508_p01_plr_v08,No es momento de cantar.,
Subtitles::vx_c00120_p02_plr_v01,Ningún troll será jamás rey de Moria.,
Subtitles::vx_c00120_p02_plr_v02,Ningún troll será jamás rey de Moria.,
Subtitles::vx_c00120_p02_plr_v03,Ningún troll será jamás rey de Moria.,
Subtitles::vx_c00120_p02_plr_v04,Ningún troll será jamás rey de Moria.,
Subtitles::vx_c00120_p02_plr_v05,Ningún troll será jamás rey de Moria.,
Subtitles::vx_c00120_p02_plr_v06,Ningún troll será jamás rey de Moria.,
Subtitles::vx_c00120_p02_plr_v07,Ningún troll será jamás rey de Moria.,
Subtitles::vx_c00120_p02_plr_v08,Ningún troll será jamás rey de Moria.,
Subtitles::vx_c00401_p02_plr_v07,No me extraña que sea tan... retorcida.,
Subtitles::vx_c00507_p01_plr_v07,"No, mejor no malgasto saliva.",
Subtitles::vx_c00075_p02_gmen_v01,Ni la he visto ni quiero.,
Subtitles::vx_c00507_p01_plr_v06,"No, mejor no malgasto saliva.",
Subtitles::vx_c00452_p01_plr_v04,"No, no puedo romper eso.",
Subtitles::vx_c00089_p05_plr_v03,No. No. ¡No pueden entrar! ¡La dragona los matará si lo intentan! No podemos poner en peligro la vida de más enanos.,
Subtitles::vx_c00170_p02_deepg_v01,No. Es mía. Que cada uno se busque la suya.,
Subtitles::vx_c00170_p02_deepo_v01,No. Es mía. Que cada uno se busque la suya.,
Subtitles::vx_c00711_p01_drgn_v01,No. La luz. Mis ojos.,
Subtitles::vx_c00089_p05_plr_v01,No. No pueden entrar. La dragona los matará si lo intentan. No podemos poner en peligro la vida de más enanos.,
Subtitles::vx_c00089_p05_plr_v02,No. No pueden entrar. La dragona los matará si lo intentan. No podemos poner en peligro la vida de más enanos.,
Subtitles::vx_c00089_p05_plr_v04,No. No pueden entrar. La dragona los matará si lo intentan. No podemos poner en peligro la vida de más enanos.,
Subtitles::vx_c00089_p05_plr_v05,No. No pueden entrar. La dragona los matará si lo intentan. No podemos poner en peligro la vida de más enanos.,
Subtitles::vx_c00089_p05_plr_v06,No. No pueden entrar. La dragona los matará si lo intentan. No podemos poner en peligro la vida de más enanos.,
Subtitles::vx_c00089_p05_plr_v07,No. No pueden entrar. La dragona los matará si lo intentan. No podemos poner en peligro la vida de más enanos.,
Subtitles::vx_c00089_p05_plr_v08,No. No pueden entrar. La dragona los matará si lo intentan. No podemos poner en peligro la vida de más enanos.,
Subtitles::vx_c00091_p09_drgn_v01,"No. Esta es la última morada sombría de los protegidos de Sauron y sus corceles alados. Vamos, prole mía. Démosles la bienvenida a los invitados.",
Subtitles::vx_c00124_p05_drgn_v01,No. Tus huesos se unirán a los de tus antepasados aquí mismo. Al ataque.,
Subtitles::vx_c00314_p01_drgn_v01,"Nadie puede acabar conmigo, y mucho menos unos enanos. Ja, ja, ja.",
Subtitles::vx_c00086_p03_plr_v01,"A esta profundidad, no, pero la sombra se cuela igualmente por las grietas. ¿Sabías que los enanos debíamos combatirla?",
Subtitles::vx_c00086_p03_plr_v02,"A esta profundidad, no, pero la sombra se cuela igualmente por las grietas. ¿Sabías que los enanos debíamos combatirla?",
Subtitles::vx_c00086_p03_plr_v03,"A esta profundidad, no, pero la sombra se cuela igualmente por las grietas. ¿Sabías que los enanos debíamos combatirla?",
Subtitles::vx_c00086_p03_plr_v04,"A esta profundidad, no, pero la sombra se cuela igualmente por las grietas. ¿Sabías que los enanos debíamos combatirla?",
Subtitles::vx_c00086_p03_plr_v06,"A esta profundidad, no, pero la sombra se cuela igualmente por las grietas. ¿Sabías que los enanos debíamos combatirla?",
Subtitles::vx_c00086_p03_plr_v07,"A esta profundidad, no, pero la sombra se cuela igualmente por las grietas. ¿Sabías que los enanos debíamos combatirla?",
Subtitles::vx_c00086_p03_plr_v08,"A esta profundidad, no, pero la sombra se cuela igualmente por las grietas. ¿Sabías que los enanos debíamos combatirla?",
Subtitles::vx_c00533_p01_plr_v02,Qué va. Aquí no puedo plantar nada.,
Subtitles::vx_c00032_p02_plr_v01,Nunca pensé que vería algo así.,
Subtitles::vx_c00526_p01_plr_v01,"No está mal, ¡quiero repetir!",
Subtitles::vx_c00526_p01_plr_v02,"No está mal, ¡quiero repetir!",
Subtitles::vx_c00526_p01_plr_v03,"No está mal, ¡quiero repetir!",
Subtitles::vx_c00526_p01_plr_v04,"No está mal, ¡quiero repetir!",
Subtitles::vx_c00526_p01_plr_v05,"No está mal, ¡quiero repetir!",
Subtitles::vx_c00526_p01_plr_v06,"No está mal, ¡quiero repetir!",
Subtitles::vx_c00526_p01_plr_v07,"No está mal, ¡quiero repetir!",
Subtitles::vx_c00526_p01_plr_v08,"No está mal, ¡quiero repetir!",
Subtitles::vx_c00052_p02_gmen_v01,Aquí hay poca carne y demasiados orcos.,
Subtitles::vx_c00590_p01_plr_v01,Ni un solo rasguño. Ja.,
Subtitles::vx_c00590_p01_plr_v02,Ni un solo rasguño. Ja.,
Subtitles::vx_c00590_p01_plr_v03,Ni un solo rasguño. Ja.,
Subtitles::vx_c00590_p01_plr_v04,Ni un solo rasguño. Ja.,
Subtitles::vx_c00590_p01_plr_v05,Ni un solo rasguño. Ja.,
Subtitles::vx_c00590_p01_plr_v06,Ni un solo rasguño. Ja.,
Subtitles::vx_c00590_p01_plr_v07,Ni un solo rasguño. Ja.,
Subtitles::vx_c00590_p01_plr_v08,Ni un solo rasguño. Ja.,
Subtitles::vx_c00051_p02_gmen_v02,A los hombres no les importa. Nos echan de todos los pueblos.,
Subtitles::vx_c00717_p01_drgn_v01,"¿Aún no te cansas, enano? ¿No quieres rendirte?",
Subtitles::vx_c000721_p03_bolg_v01,"Aún no, imbécil. Primero, Orcópolis debe prepararse. Después nos daremos un festín de carne de enano. Espera a mi señal.",
Subtitles::vx_c00721_p03_bolg_v01,"Aún no, imbécil. Primero, Orcópolis debe prepararse. Después nos daremos un festín de carne de enano. Espera a mi señal.",
Subtitles::vx_c00088_p04_drgn_v01,"Solo quedan sombras, huesos y desesperación.",
Subtitles::vx_c00719_p03_drgn_v01,Solo quedarán las sombras y la desesperación.,
Subtitles::vx_c00589_p01_plr_v01,Nadie podrá conmigo.,
Subtitles::vx_c00589_p01_plr_v02,Nadie podrá conmigo.,
Subtitles::vx_c00589_p01_plr_v03,Nadie podrá conmigo.,
Subtitles::vx_c00589_p01_plr_v04,Nadie podrá conmigo.,
Subtitles::vx_c00589_p01_plr_v05,Nadie podrá conmigo.,
Subtitles::vx_c00589_p01_plr_v06,Nadie podrá conmigo.,
Subtitles::vx_c00589_p01_plr_v07,Nadie podrá conmigo.,
Subtitles::vx_c00589_p01_plr_v08,Nadie podrá conmigo.,
Subtitles::vx_c00222_p01_gun_v01,Aquí no hay nada.,
Subtitles::vx_c00222_p01_redu_v01,Aquí no hay nada.,
Subtitles::vx_c00222_p01_redu_v02,Aquí no hay nada.,
Subtitles::vx_c00222_p01_shdw_v01,Aquí no hay nada.,
Subtitles::vx_c00222_p01_shdw_v02,Aquí no hay nada.,
Subtitles::vx_c00534_p01_plr_v07,"En este lugar tan oscuro, no crecerá nada.",
Subtitles::vx_c00534_p01_plr_v01,"En este lugar tan oscuro, no crecerá nada.",
Subtitles::vx_c00534_p01_plr_v02,"En este lugar tan oscuro, no crecerá nada.",
Subtitles::vx_c00534_p01_plr_v03,"En este lugar tan oscuro, no crecerá nada.",
Subtitles::vx_c00534_p01_plr_v04,"En este lugar tan oscuro, no crecerá nada.",
Subtitles::vx_c00534_p01_plr_v05,"En este lugar tan oscuro, no crecerá nada.",
Subtitles::vx_c00534_p01_plr_v06,"En este lugar tan oscuro, no crecerá nada.",
Subtitles::vx_c00534_p01_plr_v08,"En este lugar tan oscuro, no crecerá nada.",
Subtitles::vx_c00395_p01_plr_v01,Ahora puedo destruir todas las rocas y maldiciones corrompidas por las sombras.,
Subtitles::vx_c00395_p01_plr_v03,Ahora puedo destruir todas las rocas y maldiciones corrompidas por las sombras.,
Subtitles::vx_c00395_p01_plr_v04,Ahora puedo destruir todas las rocas y maldiciones corrompidas por las sombras.,
Subtitles::vx_c00395_p01_plr_v07,Ahora puedo destruir todas las rocas y maldiciones corrompidas por las sombras.,
Subtitles::vx_c00395_p01_plr_v08,Ahora puedo destruir todas las rocas y maldiciones corrompidas por las sombras.,
Subtitles::vx_c00395_p01_plr_v02,Ahora puedo destruir todas las rocas y maldiciones corrompidas por las sombras.,
Subtitles::vx_c00395_p01_plr_v06,Ahora puedo destruir todas las rocas y maldiciones corrompidas por las sombras.,
Subtitles::vx_c00456_p01_plr_v01,Menudas vistas.,
Subtitles::vx_c00460_p01_plr_v08,Esto sí que es especial.,
Subtitles::vx_c00459_p01_plr_v01,Esto sí que es un tesoro.,
Subtitles::vx_c00459_p01_plr_v02,Esto sí que es un tesoro.,
Subtitles::vx_c00459_p01_plr_v03,Esto sí que es un tesoro.,
Subtitles::vx_c00459_p01_plr_v04,Esto sí que es un tesoro.,
Subtitles::vx_c00459_p01_plr_v06,Esto sí que es un tesoro.,
Subtitles::vx_c00459_p01_plr_v07,Esto sí que es un tesoro.,
Subtitles::vx_c00459_p01_plr_v08,Esto sí que es un tesoro.,
Subtitles::vx_c00399_p03_plr_v03,Ahora ya sabemos por qué van a por las lámparas de Durin.,
Subtitles::vx_c00399_p03_plr_v01,Ahora ya sabemos por qué van a por las lámparas de Durin.,
Subtitles::vx_c00399_p03_plr_v02,Ahora ya sabemos por qué van a por las lámparas de Durin.,
Subtitles::vx_c00399_p03_plr_v04,Ahora ya sabemos por qué van a por las lámparas de Durin.,
Subtitles::vx_c00399_p03_plr_v05,Ahora ya sabemos por qué van a por las lámparas de Durin.,
Subtitles::vx_c00399_p03_plr_v06,Ahora ya sabemos por qué van a por las lámparas de Durin.,
Subtitles::vx_c00399_p03_plr_v07,Ahora ya sabemos por qué van a por las lámparas de Durin.,
Subtitles::vx_c00399_p03_plr_v08,Ahora ya sabemos por qué van a por las lámparas de Durin.,
Subtitles::vx_c00232_p01_gmen_v01,Ya os tenemos.,
Subtitles::vx_c00232_p01_gmen_v02,Ya os tenemos.,
Subtitles::vx_c00232_p01_redu_v01,Ya os tenemos.,
Subtitles::vx_c00232_p01_redu_v02,Ya os tenemos.,
Subtitles::vx_c00130_p05_drgn_v01,"¿Y ahora queréis matarme a mí también? Soy una criatura ancestral, torturada desde tiempos inmemoriales, ¿y aun así queréis matarme? ¿A mí y a mi prole, que no hemos hecho nada?",
Subtitles::vx_c00231_p01_natg_v01,Ahora.,
Subtitles::vx_c00231_p01_natg_v02,Ahora.,
Subtitles::vx_c00231_p01_deepo_v01,Venga. A por ellos.,
Subtitles::vx_c00231_p01_deepo_v02,Venga. A por ellos.,
Subtitles::vx_c00233_p01_deepo_v01,No tenéis adónde huir ni dónde esconderos.,
Subtitles::vx_c00233_p01_deepo_v02,No tenéis adónde huir ni dónde esconderos.,
Subtitles::vx_c00233_p01_gmen_v01,No tenéis adónde huir.,
Subtitles::vx_c00233_p01_gmen_v02,No tenéis adónde huir.,
Subtitles::vx_c00233_p01_redo_v01,No tenéis adónde huir.,
Subtitles::vx_c00233_p01_redo_v02,No tenéis adónde huir.,
Subtitles::vx_c00037_p01_plr_v01,"Trolls, cómo no. Los odio.",
Subtitles::vx_c00037_p01_plr_v02,"Trolls, cómo no. Los odio.",
Subtitles::vx_c00037_p01_plr_v03,"Trolls, cómo no. Los odio.",
Subtitles::vx_c00037_p01_plr_v04,"Trolls, cómo no. Los odio.",
Subtitles::vx_c00037_p01_plr_v05,"Trolls, cómo no. Los odio.",
Subtitles::vx_c00037_p01_plr_v06,"Trolls, cómo no. Los odio.",
Subtitles::vx_c00037_p01_plr_v07,"Trolls, cómo no. Los odio.",
Subtitles::vx_c00037_p01_plr_v08,"Trolls, cómo no. Los odio.",
Subtitles::vx_c00008_p02_plr_v01,Por supuesto. El mago del señor Gimli se ocupó de él.,
Subtitles::vx_c00382_p02_plr_v06,"Ay, Pozo Oscuro, cuánto anhelaba verte...",
Subtitles::vx_c00460_p01_plr_v07,"Anda, un tesoro de lo más valioso.",
Subtitles::vx_c00130_p01_drgn_v01,Dejadnos. ¿No veis que este el único lugar donde podemos estar? Las sombras de la montaña alivian nuestro dolor.,
Subtitles::vx_c00430_p01_plr_v07,"Ay, no. Me estoy congelando de la cabeza a los pies.",
Subtitles::vx_c00428_p01_plr_v06,"Ay, no. Me muero de frío.",
Subtitles::vx_c00193_p01_tro_v01,"Oh, no. Algo me ha mordido el dedo del pie.",
Subtitles::vx_c00447_p01_plr_v06,"Ay, gracias, de verdad.",
Subtitles::vx_c00691_p01_plr_v03,"Ay, nos queda una buena bajada.",
Subtitles::vx_c00691_p01_plr_v01,"Ay, nos queda una buena bajada.",
Subtitles::vx_c00691_p01_plr_v02,"Ay, nos queda una buena bajada.",
Subtitles::vx_c00691_p01_plr_v04,"Ay, nos queda una buena bajada.",
Subtitles::vx_c00691_p01_plr_v05,"Ay, nos queda una buena bajada.",
Subtitles::vx_c00691_p01_plr_v06,"Ay, nos queda una buena bajada.",
Subtitles::vx_c00691_p01_plr_v07,"Ay, nos queda una buena bajada.",
Subtitles::vx_c00691_p01_plr_v08,"Ay, nos queda una buena bajada.",
Subtitles::vx_c00064_p02_plr_v08,¿Y cuándo no se quejan los orcos?,
Subtitles::vx_c00062_p02_natg_v02,Por supuesto: machacarles la cabeza.,
Subtitles::vx_c00518_p01_plr_v06,"Puf, qué maravilla. Me encanta cómo ha quedado.",
Subtitles::vx_c00228_p01_redu_v01,Eh. Te partiré en dos.,
Subtitles::vx_c00228_p01_redu_v02,Eh. Te partiré en dos.,
Subtitles::vx_c00498_p01_plr_v02,"Jo, jo, jo.",
Subtitles::vx_c00500_p01_plr_v02,Yujuuujuuu. Sí.,
Subtitles::vx_c00343_p01_plr_v05,Oh. Una lámpara de Durin. Ahuyenta a las sombras malvadas.,
Subtitles::vx_c00468_p01_plr_v04,"Anda, un monumento.",
Subtitles::vx_c00363_p01_plr_v05,Un sombrero de mago. Seguro que es de Gandalf.,
Subtitles::vx_c00447_p01_plr_v03,Ay. Qué pintaza. Gracias.,
Subtitles::vx_c00498_p01_plr_v03,"Anda. Jo, jo.",
Subtitles::vx_c00031_p01_plr_v03,Oh. Apuesto a que podríamos volver a encender esta fragua.,
Subtitles::vx_c00027_p01_plr_v05,Oh. Oigo agua detrás de este muro. Podría ser el atajo a las minas. Hora de cavar.,
Subtitles::vx_c00463_p01_plr_v05,Vaya. El señor Gimli caminó por aquí.,
Subtitles::vx_c00033_p01_plr_v03,Oh. Las Minas de Moria. Espero que conduzcan a Pozo Oscuro... y a algún que otro tesoro.,
Subtitles::vx_c00047_p01_plr_v03,Oh. Las Minas de Moria. Qué pena haber dejado todo este mineral aquí abandonado.,
Subtitles::vx_c00481_p01_plr_v06,"Uy, sí que hay sombras aquí.",
Subtitles::vx_c00448_p01_plr_v06,Uy. Le daré buen eso.,
Subtitles::vx_c00091_p05_drgn_v01,"Oh, lo abandonasteis como cobardes. Y yo me lo llevé. Yo y mi prole. Ah, ja, ja, ja.",
Subtitles::vx_c00092_p05_plr_v05,Oh. La encontraré y la traeré.,
Subtitles::vx_c00458_p01_plr_v05,"Vaya, ¿qué tenemos aquí?",
Subtitles::vx_c00061_p01_nato_v01,"Tú, babosa. Ve a patrullar al este.",
Subtitles::vx_c00182_p01_gun_v02,Eh. Un huargo ha estado husmeando en mis cosas.,
Subtitles::vx_c00631_p01_gun_v02,"Eh, venga. A por ellos.",
Subtitles::vx_c00213_p01_tro_v01,Eh. Enano.,
Subtitles::vx_c00061_p01_nato_v02,"Eh. Vamos, te toca patrullar a ti.",
Subtitles::vx_c00182_p01_gun_v01,Eh. Alguien ha dejado que un huargo husmease en mis cosas.,
Subtitles::vx_c00221_p01_gun_v02,"Eh, ahí hay algo.",
Subtitles::vx_c00043_p01_plr_v01,Es una carta del viejo rey Dáin. ¿Por qué esperaba el regreso de Durin? Quién sabe cuándo ocurrirá.,
Subtitles::vx_c00043_p01_plr_v02,Es una carta del viejo rey Dáin. ¿Por qué esperaba el regreso de Durin? Quién sabe cuándo ocurrirá.,
Subtitles::vx_c00043_p01_plr_v03,Es una carta del viejo rey Dáin. ¿Por qué esperaba el regreso de Durin? Quién sabe cuándo ocurrirá.,
Subtitles::vx_c00043_p01_plr_v04,Es una carta del viejo rey Dáin. ¿Por qué esperaba el regreso de Durin? Quién sabe cuándo ocurrirá.,
Subtitles::vx_c00043_p01_plr_v05,Es una carta del viejo rey Dáin. ¿Por qué esperaba el regreso de Durin? Quién sabe cuándo ocurrirá.,
Subtitles::vx_c00043_p01_plr_v06,Es una carta del viejo rey Dáin. ¿Por qué esperaba el regreso de Durin? Quién sabe cuándo ocurrirá.,
Subtitles::vx_c00043_p01_plr_v07,Es una carta del viejo rey Dáin. ¿Por qué esperaba el regreso de Durin? Quién sabe cuándo ocurrirá.,
Subtitles::vx_c00043_p01_plr_v08,Es una carta del viejo rey Dáin. ¿Por qué esperaba el regreso de Durin? Quién sabe cuándo ocurrirá.,
Subtitles::vx_c00086_p04_rav_v01,Viejas historias que pasan de pico en pico. Todas ciertas. Todas ciertas.,
Subtitles::vx_c00345_p02_plr_v07,Antes me asustaban las viejas historias sobre los abismos inferiores.,
Subtitles::vx_c00708_p01_drgn_v01,"Cuando os mate, ¡acabaré con todos los enanos que existen y me haré un lecho con sus huesos!",
Subtitles::vx_c00408_p02_plr_v02,"Otrora, todos los reyes la sostuvieron. Todos los Durin.",
Subtitles::vx_c00151_p02_redo_v01,"Solo una vez, en Mordor. Dicen que solo le gustan las cosas muertas.",
Subtitles::vx_c00151_p02_redu_v01,"Solo una vez, en Mordor. Dicen que solo le gustan las cosas muertas.",
Subtitles::vx_c00384_p02_plr_v04,"Algún día, borraremos toda la huella que dejó en Khazad-dûm.",
Subtitles::vx_c00382_p02_plr_v08,Toda mi familia volverá a asestarse aquí algún día...,
Subtitles::vx_c00555_p01_plr_v08,Uno menos. Ja.,
Subtitles::vx_c00455_p01_plr_v01,Adelante.,
Subtitles::vx_c00455_p01_plr_v02,Adelante.,
Subtitles::vx_c00455_p01_plr_v03,Adelante.,
Subtitles::vx_c00455_p01_plr_v04,Adelante.,
Subtitles::vx_c00455_p01_plr_v05,Adelante.,
Subtitles::vx_c00455_p01_plr_v06,Adelante.,
Subtitles::vx_c00455_p01_plr_v07,Adelante.,
Subtitles::vx_c00455_p01_plr_v08,Adelante.,
Subtitles::vx_c00485_p01_plr_v05,"Uy, qué oscuro está esto. Que se haga la luz.",
Subtitles::vx_c00443_p01_plr_v01,"Uf, cómo pesa esto.",
Subtitles::vx_c00443_p01_plr_v02,"Uf, cómo pesa esto.",
Subtitles::vx_c00443_p01_plr_v03,"Uf, cómo pesa esto.",
Subtitles::vx_c00443_p01_plr_v04,"Uf, cómo pesa esto.",
Subtitles::vx_c00443_p01_plr_v05,"Uf, cómo pesa esto.",
Subtitles::vx_c00443_p01_plr_v06,"Uf, cómo pesa esto.",
Subtitles::vx_c00443_p01_plr_v07,"Uf, cómo pesa esto.",
Subtitles::vx_c00443_p01_plr_v08,"Uf, cómo pesa esto.",
Subtitles::vx_c00077_p01_plr_v07,Oh. He encontrado algo.,
Subtitles::vx_c00426_p01_plr_v05,"Ay, qué frío hace.",
Subtitles::vx_c00454_p01_plr_v05,"Aaay, un camino nuevo.",
Subtitles::vx_c00362_p01_plr_v01,"¡Hala! El origen del <Subtitle.Italic>Kibil-Nâla</>, uno de los motivos por el que Durin erigió <Subtitle.Italic>Khazad-dûm</>. Sí que merece la pena venir hasta aquí.",
Subtitles::vx_c00362_p01_plr_v02,"¡Hala! El origen del <Subtitle.Italic>Kibil-Nâla</>, uno de los motivos por el que Durin erigió <Subtitle.Italic>Khazad-dûm</>. Sí que merece la pena venir hasta aquí.",
Subtitles::vx_c00362_p01_plr_v03,"¡Hala! El origen del <Subtitle.Italic>Kibil-Nâla</>, uno de los motivos por el que Durin erigió <Subtitle.Italic>Khazad-dûm</>. Sí que merece la pena venir hasta aquí.",
Subtitles::vx_c00362_p01_plr_v04,"¡Hala! El origen del <Subtitle.Italic>Kibil-Nâla</>, uno de los motivos por el que Durin erigió <Subtitle.Italic>Khazad-dûm</>. Sí que merece la pena venir hasta aquí.",
Subtitles::vx_c00362_p01_plr_v05,"¡Hala! El origen del <Subtitle.Italic>Kibil-Nâla</>, uno de los motivos por el que Durin erigió <Subtitle.Italic>Khazad-dûm</>. Sí que merece la pena venir hasta aquí.",
Subtitles::vx_c00362_p01_plr_v06,"¡Hala! El origen del <Subtitle.Italic>Kibil-Nâla</>, uno de los motivos por el que Durin erigió <Subtitle.Italic>Khazad-dûm</>. Sí que merece la pena venir hasta aquí.",
Subtitles::vx_c00362_p01_plr_v07,"¡Hala! El origen del <Subtitle.Italic>Kibil-Nâla</>, uno de los motivos por el que Durin erigió <Subtitle.Italic>Khazad-dûm</>. Sí que merece la pena venir hasta aquí.",
Subtitles::vx_c00362_p01_plr_v08,"¡Hala! El origen del <Subtitle.Italic>Kibil-Nâla</>, uno de los motivos por el que Durin erigió <Subtitle.Italic>Khazad-dûm</>. Sí que merece la pena venir hasta aquí.",
Subtitles::vx_c00420_p01_plr_v01,"Uuf, tengo la barriga llena.",
Subtitles::vx_c00440_p01_plr_v01,"Puf, volvamos a intentarlo.",
Subtitles::vx_c00440_p01_plr_v02,"Puf, volvamos a intentarlo.",
Subtitles::vx_c00440_p01_plr_v03,"Puf, volvamos a intentarlo.",
Subtitles::vx_c00440_p01_plr_v04,"Puf, volvamos a intentarlo.",
Subtitles::vx_c00440_p01_plr_v06,"Puf, volvamos a intentarlo.",
Subtitles::vx_c00440_p01_plr_v07,"Puf, volvamos a intentarlo.",
Subtitles::vx_c00440_p01_plr_v08,"Puf, volvamos a intentarlo.",
Subtitles::vx_c00457_p01_plr_v06,"Halaaa, ¿qué es esto?",
Subtitles::vx_c00420_p01_plr_v06,"Uuuf, ¡tengo el estómago a tope!",
Subtitles::vx_c00458_p01_plr_v08,Uy. Algo nuevo.,
Subtitles::vx_c00545_p01_plr_v01,Tambores orcos. Preparaos para luchar.,
Subtitles::vx_c00545_p01_plr_v02,Tambores orcos. Preparaos para luchar.,
Subtitles::vx_c00545_p01_plr_v03,Tambores orcos. Preparaos para luchar.,
Subtitles::vx_c00545_p01_plr_v04,Tambores orcos. Preparaos para luchar.,
Subtitles::vx_c00545_p01_plr_v05,Tambores orcos. Preparaos para luchar.,
Subtitles::vx_c00545_p01_plr_v06,Tambores orcos. Preparaos para luchar.,
Subtitles::vx_c00545_p01_plr_v07,Tambores orcos. Preparaos para luchar.,
Subtitles::vx_c00545_p01_plr_v08,Tambores orcos. Preparaos para luchar.,
Subtitles::vx_c00004_p01_plr_v04,"Esa escoria orca aún sigue aquí, en Moria. Necesito un hacha.",
Subtitles::vx_c00004_p01_plr_v01,Esa escoria orca aún sigue en Moria. Necesito un hacha.,
Subtitles::vx_c00004_p01_plr_v02,Esa escoria orca aún sigue en Moria. Necesito un hacha.,
Subtitles::vx_c00004_p01_plr_v03,Esa escoria orca aún sigue en Moria. Necesito un hacha.,
Subtitles::vx_c00004_p01_plr_v05,Esa escoria orca aún sigue en Moria. Necesito un hacha.,
Subtitles::vx_c00004_p01_plr_v06,Esa escoria orca aún sigue en Moria. Necesito un hacha.,
Subtitles::vx_c00004_p01_plr_v07,Esa escoria orca aún sigue en Moria. Necesito un hacha.,
Subtitles::vx_c00004_p01_plr_v08,Esa escoria orca aún sigue en Moria. Necesito un hacha.,
Subtitles::vx_c00082_p01_plr_v06,Escoria orca. Es hora de luchar.,
Subtitles::vx_c00082_p01_plr_v01,Escoria orca.,
Subtitles::vx_c00254_p01_tro_v01,Orco ladrón.,
Subtitles::vx_c00052_p03_gmen_v02,Estúpidos orcos. No hay ni uno con dos dedos de frente.,
Subtitles::vx_c00584_p01_plr_v01,Orcos a la carga. Preparaos.,
Subtitles::vx_c00584_p01_plr_v02,Orcos a la carga. Preparaos.,
Subtitles::vx_c00584_p01_plr_v03,Orcos a la carga. Preparaos.,
Subtitles::vx_c00584_p01_plr_v04,Orcos a la carga. Preparaos.,
Subtitles::vx_c00584_p01_plr_v05,Orcos a la carga. Preparaos.,
Subtitles::vx_c00584_p01_plr_v06,Orcos a la carga. Preparaos.,
Subtitles::vx_c00584_p01_plr_v07,Orcos a la carga. Preparaos.,
Subtitles::vx_c00584_p01_plr_v08,Orcos a la carga. Preparaos.,
Subtitles::vx_c00358_p02_plr_v02,Los orcos destruyen. Es su especialidad.,
Subtitles::vx_c00552_p01_plr_v01,Orcos.,
Subtitles::vx_c00552_p01_plr_v02,Orcos.,
Subtitles::vx_c00552_p01_plr_v03,Orcos.,
Subtitles::vx_c00552_p01_plr_v04,Orcos.,
Subtitles::vx_c00552_p01_plr_v05,Orcos.,
Subtitles::vx_c00552_p01_plr_v06,Orcos.,
Subtitles::vx_c00552_p01_plr_v07,Orcos.,
Subtitles::vx_c00552_p01_plr_v08,Orcos.,
Subtitles::vx_c00082_p01_plr_v05,Orcos. Mi hacha está lista.,
Subtitles::vx_c00082_p01_plr_v08,¿Orcos? Es hora de blandir esas hachas.,
Subtitles::vx_c00067_p01_plr_v05,Mineral. Repito: mineral.,
Subtitles::vx_c00007_p02_plr_v06,Nuestra historia aquí empieza igual que la suya: atrapados.,
Subtitles::vx_c00089_p03_plr_v05,¿Fuera? ¿Está bien Gimli? ¿Y el resto del campamento?,
Subtitles::vx_c00089_p03_plr_v01,¿Fuera? ¿Está bien Gimli? ¿Y el resto del campamento?,
Subtitles::vx_c00089_p03_plr_v02,¿Fuera? ¿Está bien Gimli? ¿Y el resto del campamento?,
Subtitles::vx_c00089_p03_plr_v03,¿Fuera? ¿Está bien Gimli? ¿Y el resto del campamento?,
Subtitles::vx_c00089_p03_plr_v04,¿Fuera? ¿Está bien Gimli? ¿Y el resto del campamento?,
Subtitles::vx_c00089_p03_plr_v06,¿Fuera? ¿Está bien Gimli? ¿Y el resto del campamento?,
Subtitles::vx_c00089_p03_plr_v07,¿Fuera? ¿Está bien Gimli? ¿Y el resto del campamento?,
Subtitles::vx_c00089_p03_plr_v08,¿Fuera? ¿Está bien Gimli? ¿Y el resto del campamento?,
Subtitles::vx_c00078_p01_plr_v05,Por allí. ¿Qué es eso?,
Subtitles::vx_c00562_p01_plr_v01,Perfecto.,
Subtitles::vx_c00562_p01_plr_v02,Perfecto.,
Subtitles::vx_c00562_p01_plr_v03,Perfecto.,
Subtitles::vx_c00562_p01_plr_v04,Perfecto.,
Subtitles::vx_c00562_p01_plr_v05,Perfecto.,
Subtitles::vx_c00562_p01_plr_v06,Perfecto.,
Subtitles::vx_c00562_p01_plr_v07,Perfecto.,
Subtitles::vx_c00562_p01_plr_v08,Perfecto.,
Subtitles::vx_c00341_p03_plr_v03,Quizá Gandalf haya dejado más pistas útiles.,
Subtitles::vx_c00341_p03_plr_v05,Quizá Gandalf haya dejado más pistas útiles.,
Subtitles::vx_c00361_p02_plr_v03,Quizá sea una gema.,
Subtitles::vx_c00008_p03_plr_v03,Quizás algún día encontremos sus huesos.,
Subtitles::vx_c00008_p03_plr_v05,Quizás algún día encontremos sus huesos.,
Subtitles::vx_c00705_p01_drgn_v01,Parásitos. ¿Cómo osáis llegar hasta aquí? Ahora caeréis.,
Subtitles::vx_c00347_p02_plr_v07,Es una pena que este lugar quedase olvidado en el tiempo.,
Subtitles::vx_c00480_p01_plr_v02,Hay veneno por aquí. Mucho cuidado.,
Subtitles::vx_c00432_p01_plr_v02,"Veneno. Puf, lo último que me faltaba.",
Subtitles::vx_c00480_p01_plr_v03,Veneno... No os acerquéis a él.,
Subtitles::vx_c00480_p01_plr_v05,Veneno... Preferiría no tener que sufrirlo.,
Subtitles::vx_c00480_p01_plr_v04,Veneno... Prestad atención.,
Subtitles::vx_c00432_p01_plr_v03,Veneno. Me han envenenado.,
Subtitles::vx_c00432_p01_plr_v07,Me han envenenado... No me encuentro bien.,
Subtitles::vx_c00403_p02_plr_v05,Pobre Náin. Todo esto es tan trágico.,
Subtitles::vx_c00391_p01_plr_v01,Pobre rey Náin... Se llevó la piedra khazâd antes de enfrentarse al Flagelo de Durin.,
Subtitles::vx_c00391_p01_plr_v02,Pobre rey Náin... Se llevó la piedra khazâd antes de enfrentarse al Flagelo de Durin.,
Subtitles::vx_c00391_p01_plr_v03,Pobre rey Náin... Se llevó la piedra khazâd antes de enfrentarse al Flagelo de Durin.,
Subtitles::vx_c00391_p01_plr_v04,Pobre rey Náin... Se llevó la piedra khazâd antes de enfrentarse al Flagelo de Durin.,
Subtitles::vx_c00391_p01_plr_v05,Pobre rey Náin... Se llevó la piedra khazâd antes de enfrentarse al Flagelo de Durin.,
Subtitles::vx_c00391_p01_plr_v06,Pobre rey Náin... Se llevó la piedra khazâd antes de enfrentarse al Flagelo de Durin.,
Subtitles::vx_c00391_p01_plr_v07,Pobre rey Náin... Se llevó la piedra khazâd antes de enfrentarse al Flagelo de Durin.,
Subtitles::vx_c00391_p01_plr_v08,Pobre rey Náin... Se llevó la piedra khazâd antes de enfrentarse al Flagelo de Durin.,
Subtitles::vx_c00237_p01_nato_v02,Hay que retirarse.,
Subtitles::vx_c00237_p01_redo_v01,Hay que retirarse.,
Subtitles::vx_c00237_p01_redo_v02,Hay que retirarse.,
Subtitles::vx_c00179_p02_redu_v02,Cierra la boca o te echo a la dragona.,
Subtitles::vx_c00568_p01_plr_v08,Callaos. Se van a enterar todos los orcos.,
Subtitles::vx_c00548_p01_plr_v01,Silencio. Ahí delante hay una presa.,
Subtitles::vx_c00548_p01_plr_v02,Silencio. Ahí delante hay una presa.,
Subtitles::vx_c00548_p01_plr_v03,Silencio. Ahí delante hay una presa.,
Subtitles::vx_c00548_p01_plr_v04,Silencio. Ahí delante hay una presa.,
Subtitles::vx_c00548_p01_plr_v05,Silencio. Ahí delante hay una presa.,
Subtitles::vx_c00548_p01_plr_v07,Silencio. Ahí delante hay una presa.,
Subtitles::vx_c00548_p01_plr_v08,Silencio. Ahí delante hay una presa.,
Subtitles::vx_c00220_p01_redu_v01,Calla. ¿Qué ha sido eso?,
Subtitles::vx_c00220_p01_redu_v02,Calla. ¿Qué ha sido eso?,
Subtitles::vx_c00568_p01_plr_v02,"Silencio, enano de las narices.",
Subtitles::vx_c00095_p01_bolg_v01,Bah. ¿Se acabó la cháchara? Muy bien.,
Subtitles::vx_c00634_p01_gun_v01,Grr. Vamos.,
Subtitles::vx_c00634_p01_gun_v02,Grr. Vamos.,
Subtitles::vx_c00737_p03_natg_v01,Ja. No son rivales para nosotros. Moria es nuestra.,
Subtitles::vx_c00266_p01_redu_v01,Saquead sus cosas.,
Subtitles::vx_c00266_p01_redu_v02,Saquead sus cosas.,
Subtitles::vx_c00164_p01_natg_v02,Ratlug no volvió anoche.,
Subtitles::vx_c00238_p01_gmen_v02,Por Isengard.,
Subtitles::vx_c00733_p01_gmen_v01,Por Isengard.,
Subtitles::vx_c00076_p01_plr_v07,Reparación terminada. Creo... Espero...,
Subtitles::vx_c00237_p01_deepg_v02,Retirada.,
Subtitles::vx_c00237_p01_gmen_v01,Retirada.,
Subtitles::vx_c00237_p01_gmen_v02,Retirada.,
Subtitles::vx_c00237_p01_gun_v02,Retirada.,
Subtitles::vx_c00237_p01_redu_v01,Retirada.,
Subtitles::vx_c00237_p01_redu_v02,Retirada.,
Subtitles::vx_c00442_p01_plr_v02,Ahora toca trabajar.,
Subtitles::vx_c00001_p04_plr_v01,Vale… ¿y por dónde está el oeste?,
Subtitles::vx_c00001_p04_plr_v02,Vale… ¿y por dónde está el oeste?,
Subtitles::vx_c00001_p04_plr_v03,Vale… ¿y por dónde está el oeste?,
Subtitles::vx_c00001_p04_plr_v04,Vale… ¿y por dónde está el oeste?,
Subtitles::vx_c00001_p04_plr_v05,Vale… ¿y por dónde está el oeste?,
Subtitles::vx_c00001_p04_plr_v06,Vale… ¿y por dónde está el oeste?,
Subtitles::vx_c00001_p04_plr_v07,Vale… ¿y por dónde está el oeste?,
Subtitles::vx_c00001_p04_plr_v08,Vale… ¿y por dónde está el oeste?,
Subtitles::vx_c00559_p01_plr_v01,Pásate la piedra por la herida.,
Subtitles::vx_c00559_p01_plr_v02,Pásate la piedra por la herida.,
Subtitles::vx_c00559_p01_plr_v03,Pásate la piedra por la herida.,
Subtitles::vx_c00559_p01_plr_v04,Pásate la piedra por la herida.,
Subtitles::vx_c00559_p01_plr_v05,Pásate la piedra por la herida.,
Subtitles::vx_c00559_p01_plr_v06,Pásate la piedra por la herida.,
Subtitles::vx_c00559_p01_plr_v07,Pásate la piedra por la herida.,
Subtitles::vx_c00559_p01_plr_v08,Pásate la piedra por la herida.,
Subtitles::vx_c00121_p01_plr_v01,Cabezaescombro.,
Subtitles::vx_c00121_p01_plr_v02,Cabezaescombro.,
Subtitles::vx_c00121_p01_plr_v03,Cabezaescombro.,
Subtitles::vx_c00121_p01_plr_v04,Cabezaescombro.,
Subtitles::vx_c00121_p01_plr_v05,Cabezaescombro.,
Subtitles::vx_c00121_p01_plr_v07,Cabezaescombro.,
Subtitles::vx_c00121_p01_plr_v08,Cabezaescombro.,
Subtitles::vx_c00607_p01_plr_v01,Vuelve corriendo a Gundabad.,
Subtitles::vx_c00607_p01_plr_v02,Vuelve corriendo a Gundabad.,
Subtitles::vx_c00607_p01_plr_v03,Vuelve corriendo a Gundabad.,
Subtitles::vx_c00607_p01_plr_v04,Vuelve corriendo a Gundabad.,
Subtitles::vx_c00607_p01_plr_v05,Vuelve corriendo a Gundabad.,
Subtitles::vx_c00607_p01_plr_v06,Vuelve corriendo a Gundabad.,
Subtitles::vx_c00607_p01_plr_v08,Vuelve corriendo a Gundabad.,
Subtitles::vx_c00233_p01_natg_v02,Corred todo lo que queráis. No tenéis adónde huir.,
Subtitles::vx_c00224_p01_deepg_v01,"Corred, ja, ja, ja. Corred.",
Subtitles::vx_c00224_p01_deepo_v01,"Corred, ja, ja, ja. Corred.",
Subtitles::vx_c00609_p01_plr_v01,El óxido corroe mi armadura.,
Subtitles::vx_c00609_p01_plr_v02,El óxido corroe mi armadura.,
Subtitles::vx_c00609_p01_plr_v03,El óxido corroe mi armadura.,
Subtitles::vx_c00609_p01_plr_v04,El óxido corroe mi armadura.,
Subtitles::vx_c00609_p01_plr_v05,El óxido corroe mi armadura.,
Subtitles::vx_c00609_p01_plr_v06,El óxido corroe mi armadura.,
Subtitles::vx_c00609_p01_plr_v07,El óxido corroe mi armadura.,
Subtitles::vx_c00609_p01_plr_v08,El óxido corroe mi armadura.,
Subtitles::vx_c00091_p06_plr_v01,"Sauron ha caído y tú y tu prole, esas bestias aladas, correréis el mismo destino.",
Subtitles::vx_c00091_p06_plr_v02,"Sauron ha caído y tú y tu prole, esas bestias aladas, correréis el mismo destino.",
Subtitles::vx_c00091_p06_plr_v03,"Sauron ha caído y tú y tu prole, esas bestias aladas, correréis el mismo destino.",
Subtitles::vx_c00091_p06_plr_v04,"Sauron ha caído y tú y tu prole, esas bestias aladas, correréis el mismo destino.",
Subtitles::vx_c00091_p06_plr_v05,"Sauron ha caído y tú y tu prole, esas bestias aladas, correréis el mismo destino.",
Subtitles::vx_c00091_p06_plr_v06,"Sauron ha caído y tú y tu prole, esas bestias aladas, correréis el mismo destino.",
Subtitles::vx_c00091_p06_plr_v07,"Sauron ha caído y tú y tu prole, esas bestias aladas, correréis el mismo destino.",
Subtitles::vx_c00091_p06_plr_v08,"Sauron ha caído y tú y tu prole, esas bestias aladas, correréis el mismo destino.",
Subtitles::vx_c00383_p01_plr_v01,¿Los orcos de Sauron tienen un rey? ¿En Moria? Ahora sí que lo he visto todo en esta vida.,
Subtitles::vx_c00383_p01_plr_v02,¿Los orcos de Sauron tienen un rey? ¿En Moria? Ahora sí que lo he visto todo en esta vida.,
Subtitles::vx_c00383_p01_plr_v03,¿Los orcos de Sauron tienen un rey? ¿En Moria? Ahora sí que lo he visto todo en esta vida.,
Subtitles::vx_c00383_p01_plr_v04,¿Los orcos de Sauron tienen un rey? ¿En Moria? Ahora sí que lo he visto todo en esta vida.,
Subtitles::vx_c00383_p01_plr_v05,¿Los orcos de Sauron tienen un rey? ¿En Moria? Ahora sí que lo he visto todo en esta vida.,
Subtitles::vx_c00383_p01_plr_v06,¿Los orcos de Sauron tienen un rey? ¿En Moria? Ahora sí que lo he visto todo en esta vida.,
Subtitles::vx_c00383_p01_plr_v07,¿Los orcos de Sauron tienen un rey? ¿En Moria? Ahora sí que lo he visto todo en esta vida.,
Subtitles::vx_c00383_p01_plr_v08,¿Los orcos de Sauron tienen un rey? ¿En Moria? Ahora sí que lo he visto todo en esta vida.,
Subtitles::vx_c00047_p02_plr_v06,No digas más. A excavar.,
Subtitles::vx_c00087_p03_plr_v01,"Nos vemos arriba, Aric.",
Subtitles::vx_c00087_p03_plr_v02,"Nos vemos arriba, Aric.",
Subtitles::vx_c00087_p03_plr_v04,"Nos vemos arriba, Aric.",
Subtitles::vx_c00087_p03_plr_v05,"Nos vemos arriba, Aric.",
Subtitles::vx_c00087_p03_plr_v06,"Nos vemos arriba, Aric.",
Subtitles::vx_c00087_p03_plr_v07,"Nos vemos arriba, Aric.",
Subtitles::vx_c00087_p03_plr_v08,"Nos vemos arriba, Aric.",
Subtitles::vx_c00158_p02_shdw_v01,Sirvámosle huesos.,
Subtitles::vx_c00158_p02_shdw_v02,Sirvámosle huesos.,
Subtitles::vx_c00158_p03_shdw_v01,Sirvámosle muerte.,
Subtitles::vx_c00158_p03_shdw_v02,Sirvámosle muerte. Muerte.,
Subtitles::vx_c00158_p01_shdw_v01,Sirvámosle sombras.,
Subtitles::vx_c00158_p01_shdw_v02,Sirvámosle sombras.,
Subtitles::vx_c00027_p01_plr_v04,Sh. Oigo agua detrás de este muro. Podría ser el atajo a las minas. Hora de cavar.,
Subtitles::vx_c00481_p01_plr_v05,Se acerca una sombra.,
Subtitles::vx_c00151_p03_redo_v02,"Sigue a la sombra y aquí la encontró, en las profundidades.",
Subtitles::vx_c00151_p03_redu_v02,"Sigue a la sombra y aquí la encontró, en las profundidades.",
Subtitles::vx_c00378_p03_plr_v03,Ella es la creadora de las runas malditas.,
Subtitles::vx_c00378_p03_plr_v05,Ella es la creadora de las runas malditas.,
Subtitles::vx_c00401_p02_plr_v02,Sabe que estamos aquí.,
Subtitles::vx_c00150_p02_redo_v01,Le gustaba jugar con los trolls muertos. Reía cuando les explotaba el cráneo.,
Subtitles::vx_c00150_p02_redu_v01,Le gustaba jugar con los trolls muertos. Reía cuando les explotaba el cráneo.,
Subtitles::vx_c00064_p02_plr_v04,Parece feroz.,
Subtitles::vx_c00223_p01_shdw_v02,Ella te cazará.,
Subtitles::vx_c00236_p01_shdw_v01,Ella nos protegerá.,
Subtitles::vx_c00236_p01_shdw_v02,Ella nos protegerá.,
Subtitles::vx_c00142_p02_shdw_v02,"Si se nos escapa alguno, no tiene por qué saberlo.",
Subtitles::vx_c00172_p02_shdw_v02,No le gustan los intrusos. ¡Intrusos!,
Subtitles::vx_c00744_p01_shdw_v02,Os convertiréis en su comida. Os destruirá.,
Subtitles::vx_c00142_p03_shdw_v01,Lo sabrá y me arrancará la cabeza. A trabajar.,
Subtitles::vx_c00064_p02_plr_v03,Tiene a los orcos escapando de sus propias madrigueras.,
Subtitles::vx_c00378_p03_plr_v01,¡Ella es la creadora de las runas malditas!,
Subtitles::vx_c00378_p03_plr_v02,Ella es la creadora de las runas malditas.,
Subtitles::vx_c00378_p03_plr_v04,Ella es la creadora de las runas malditas.,
Subtitles::vx_c00378_p03_plr_v06,Ella es la creadora de las runas malditas.,
Subtitles::vx_c00378_p03_plr_v07,Ella es la creadora de las runas malditas.,
Subtitles::vx_c00378_p03_plr_v08,Ella es la creadora de las runas malditas.,
Subtitles::vx_c00172_p02_shdw_v01,A ella n-n-no le va a gustar esto.,
Subtitles::vx_c00548_p01_plr_v06,Shh. Silencio. Ahí delante hay una presa.,
Subtitles::vx_c00568_p01_plr_v03,Sh. No hagáis tanto ruido.,
Subtitles::vx_c00568_p01_plr_v06,Sh. Silencio.,
Subtitles::vx_c00568_p01_plr_v04,Sh. Ya basta de tanto ruido.,
Subtitles::vx_c00152_p02_gun_v02,Nunca debimos salir de Gundabad.,
Subtitles::vx_c00736_p02_natg_v02,Cállate o Bolgakh te comerá a ti. Tú sigue vigilando. Pronto serán nuestros.,
Subtitles::vx_c00179_p02_redu_v01,"Como no te calles, te arrastro de vuelta a Udûn y te tiro a los Pozos Negros.",
Subtitles::vx_c00220_p01_redo_v02,Silencio. Oigo algo.,
Subtitles::vx_c00220_p01_redo_v01,Silencio. He oído algo.,
Subtitles::vx_c00464_p01_plr_v01,Señales de la comunidad.,
Subtitles::vx_c00464_p01_plr_v02,Señales de la comunidad.,
Subtitles::vx_c00464_p01_plr_v03,Señales de la comunidad.,
Subtitles::vx_c00464_p01_plr_v04,Señales de la comunidad.,
Subtitles::vx_c00464_p01_plr_v05,Señales de la comunidad.,
Subtitles::vx_c00464_p01_plr_v06,Señales de la comunidad.,
Subtitles::vx_c00464_p01_plr_v07,Señales de la comunidad.,
Subtitles::vx_c00464_p01_plr_v08,Señales de la comunidad.,
Subtitles::vx_c00011_p01_plr_v01,Al dormir recuperaré fuerzas.,
Subtitles::vx_c00011_p01_plr_v02,Al dormir recuperaré fuerzas.,
Subtitles::vx_c00011_p01_plr_v03,Al dormir recuperaré fuerzas.,
Subtitles::vx_c00011_p01_plr_v04,Al dormir recuperaré fuerzas.,
Subtitles::vx_c00011_p01_plr_v05,Al dormir recuperaré fuerzas.,
Subtitles::vx_c00011_p01_plr_v06,Al dormir recuperaré fuerzas.,
Subtitles::vx_c00011_p01_plr_v07,Al dormir recuperaré fuerzas.,
Subtitles::vx_c00011_p01_plr_v08,Al dormir recuperaré fuerzas.,
Subtitles::vx_c00416_p01_plr_v01,No puedo más... No me vendría mal un descanso.,
Subtitles::vx_c00267_p01_deepg_v01,Hacedlo añicos.,
Subtitles::vx_c00062_p02_natg_v01,A machacarles la cabeza.,
Subtitles::vx_c00054_p01_gmen_v02,¿Oléis eso? Aquí huele a enano.,
Subtitles::vx_c00054_p01_gmen_v01,¿Oléis eso? Aquí huele a elfo.,
Subtitles::vx_c00521_p01_plr_v01,Huele de rechupete.,
Subtitles::vx_c00521_p01_plr_v02,Huele de rechupete.,
Subtitles::vx_c00521_p01_plr_v03,Huele de rechupete.,
Subtitles::vx_c00521_p01_plr_v04,Huele de rechupete.,
Subtitles::vx_c00521_p01_plr_v05,Huele de rechupete.,
Subtitles::vx_c00521_p01_plr_v06,Huele de rechupete.,
Subtitles::vx_c00521_p01_plr_v07,Huele de rechupete.,
Subtitles::vx_c00521_p01_plr_v08,Huele de rechupete.,
Subtitles::vx_c00164_p01_nato_v02,Snargrot no ha vuelto. Seguro que lo tienen los enanos.,
Subtitles::vx_c00168_p01_deepo_v01,Esos condenados enanos andan acechando.,
Subtitles::vx_c00168_p01_deepg_v01,Esos condenados enanos andan al acecho.,
Subtitles::vx_c00486_p01_plr_v07,Cuánta luz. Me encanta.,
Subtitles::vx_c00428_p01_plr_v03,Qué frío. Demasiado... Me congelo.,
Subtitles::vx_c00485_p01_plr_v07,Esto está tan oscuro que pensaba que tenía los ojos cerrados.,
Subtitles::vx_c00086_p05_plr_v01,"Entonces, las escaleras orientales están destruidas. ¿No hay otra forma de subir?",
Subtitles::vx_c00086_p05_plr_v02,"Entonces, las escaleras orientales están destruidas. ¿No hay otra forma de subir?",
Subtitles::vx_c00086_p05_plr_v03,"Entonces, las escaleras orientales están destruidas. ¿No hay otra forma de subir?",
Subtitles::vx_c00086_p05_plr_v04,"Entonces, las escaleras orientales están destruidas. ¿No hay otra forma de subir?",
Subtitles::vx_c00086_p05_plr_v05,"Entonces, las escaleras orientales están destruidas. ¿No hay otra forma de subir?",
Subtitles::vx_c00086_p05_plr_v06,"Entonces, las escaleras orientales están destruidas. ¿No hay otra forma de subir?",
Subtitles::vx_c00086_p05_plr_v07,"Entonces, las escaleras orientales están destruidas. ¿No hay otra forma de subir?",
Subtitles::vx_c00086_p05_plr_v08,"Entonces, las escaleras orientales están destruidas. ¿No hay otra forma de subir?",
Subtitles::vx_c00403_p02_plr_v02,Así que la piedra khazâd es algo más que una reliquia familiar preciosa...,
Subtitles::vx_c00221_p01_gmen_v01,Hay algo por ahí.,
Subtitles::vx_c00221_p01_gmen_v02,Hay algo por ahí.,
Subtitles::vx_c00221_p01_redu_v01,Hay algo por ahí.,
Subtitles::vx_c00221_p01_redu_v02,Hay algo por ahí.,
Subtitles::vx_c00221_p01_deepo_v01,Hay algo ahí.,
Subtitles::vx_c00221_p01_deepo_v02,Hay algo ahí.,
Subtitles::vx_c00221_p01_shdw_v02,Hay algo ahí fuera.,
Subtitles::vx_c00484_p01_plr_v06,Ahí fuera deambula algo. Estad preparados.,
Subtitles::vx_c00220_p01_nato_v01,Hay algo acechando.,
Subtitles::vx_c00220_p01_nato_v02,Hay algo acechando.,
Subtitles::vx_c00222_p01_deepg_v01,Algo ha escapado por ahí.,
Subtitles::vx_c00222_p01_deepo_v01,Algo ha escapado por ahí.,
Subtitles::vx_c00361_p02_plr_v02,Parece importante.,
Subtitles::vx_c00064_p02_plr_v02,Será una tontería de los orcos.,
Subtitles::vx_c00347_p02_plr_v01,Mmm… Parece un lugar importante.,
Subtitles::vx_c00399_p02_plr_v08,¡Estos inútiles ni siquiera pueden liderarse a sí mismos!,
Subtitles::vx_c00318_p03_gmen_v01,Retorcedle ese pescuezo horrible suyo otra vez.,
Subtitles::vx_c00426_p01_plr_v07,Empiezo a tener frío.,
Subtitles::vx_c00426_p01_plr_v02,Empiezo a tener frío...,
Subtitles::vx_c00418_p01_plr_v06,Tengo un hambre voraz. Me muero de hambre.,
Subtitles::vx_c00235_p01_gmen_v01,Guarda las distancias.,
Subtitles::vx_c00235_p01_gmen_v02,Guarda las distancias.,
Subtitles::vx_c00235_p01_natg_v01,Guarda las distancias.,
Subtitles::vx_c00235_p01_natg_v02,Guarda las distancias.,
Subtitles::vx_c00235_p01_redu_v01,Guarda las distancias.,
Subtitles::vx_c00235_p01_redu_v02,Guarda las distancias.,
Subtitles::vx_c00234_p01_gun_v01,"Quieto ahí, enano.",
Subtitles::vx_c00234_p01_gun_v02,"Quieto ahí, enano.",
Subtitles::vx_c00234_p01_natg_v01,Quieto ahí.,
Subtitles::vx_c00234_p01_natg_v02,Quieto ahí.,
Subtitles::vx_c00300_p01_bolg_v01,Quieto ahí.,
Subtitles::vx_c00224_p01_nato_v02,Alejaos de nuestra montaña.,
Subtitles::vx_c00088_p01_drgn_v01,Fuera de aquí. Aléjate. Este es mi hogar. Mío.,
Subtitles::vx_c00719_p01_drgn_v01,Fuera de aquí. Este es mi hogar. Mío.,
Subtitles::vx_c00224_p01_natg_v01,No os acerquéis a nuestra montaña.,
Subtitles::vx_c00224_p01_natg_v02,No os acerquéis a nuestra montaña.,
Subtitles::vx_c00224_p01_nato_v01,No os acerquéis a nuestra montaña.,
Subtitles::vx_c00480_p01_plr_v01,Cuidado. Por aquí abunda el veneno.,
Subtitles::vx_c00487_p01_plr_v01,Adelante. Seguid así.,
Subtitles::vx_c00487_p01_plr_v06,Seguid así. Seguid así.,
Subtitles::vx_c00482_p01_plr_v01,Fosas de vapor... Mucho cuidado.,
Subtitles::vx_c00482_p01_plr_v06,Un foso de vapor. Mucho cuidado.,
Subtitles::vx_c00482_p01_plr_v05,"¿Vapor? Uy, mejor no acercarse.",
Subtitles::vx_c00482_p01_plr_v03,Aquí hace un calor de lo más húmedo. Mejor no acercanos.,
Subtitles::vx_c00480_p01_plr_v07,No os acerquéis al veneno.,
Subtitles::vx_c00361_p03_plr_v01,La piedra de los enanos... Puede que la encontremos en algún lugar de la montaña.,
Subtitles::vx_c00361_p03_plr_v02,La piedra de los enanos... Puede que la encontremos en algún lugar de la montaña.,
Subtitles::vx_c00361_p03_plr_v03,La piedra de los enanos... Puede que la encontremos en algún lugar de la montaña.,
Subtitles::vx_c00361_p03_plr_v04,La piedra de los enanos... Puede que la encontremos en algún lugar de la montaña.,
Subtitles::vx_c00361_p03_plr_v05,La piedra de los enanos... Puede que la encontremos en algún lugar de la montaña.,
Subtitles::vx_c00361_p03_plr_v06,La piedra de los enanos... Puede que la encontremos en algún lugar de la montaña.,
Subtitles::vx_c00361_p03_plr_v07,La piedra de los enanos... Puede que la encontremos en algún lugar de la montaña.,
Subtitles::vx_c00361_p03_plr_v08,La piedra de los enanos... Puede que la encontremos en algún lugar de la montaña.,
Subtitles::vx_c00247_p01_gun_v01,Estúpida bestia pedregosa.,
Subtitles::vx_c00247_p01_gun_v02,Estúpida bestia pedregosa.,
Subtitles::vx_c00247_p01_nato_v01,Estúpida bestia pedregosa.,
Subtitles::vx_c00247_p01_nato_v02,Estúpida bestia pedregosa.,
Subtitles::vx_c00357_p03_plr_v01,"Da pena pensar en lo que pasaron los refugiados, pero los conocimientos de herrería que nos transmitieron tienen un valor incalculable.",
Subtitles::vx_c00357_p03_plr_v03,"Da pena pensar en lo que pasaron los refugiados, pero los conocimientos de herrería que nos transmitieron tienen un valor incalculable.",
Subtitles::vx_c00357_p03_plr_v04,"Da pena pensar en lo que pasaron los refugiados, pero los conocimientos de herrería que nos transmitieron tienen un valor incalculable.",
Subtitles::vx_c00357_p03_plr_v05,"Da pena pensar en lo que pasaron los refugiados, pero los conocimientos de herrería que nos transmitieron tienen un valor incalculable.",
Subtitles::vx_c00357_p03_plr_v06,"Da pena pensar en lo que pasaron los refugiados, pero los conocimientos de herrería que nos transmitieron tienen un valor incalculable.",
Subtitles::vx_c00357_p03_plr_v07,"Da pena pensar en lo que pasaron los refugiados, pero los conocimientos de herrería que nos transmitieron tienen un valor incalculable.",
Subtitles::vx_c00357_p03_plr_v08,"Da pena pensar en lo que pasaron los refugiados, pero los conocimientos de herrería que nos transmitieron tienen un valor incalculable.",
Subtitles::vx_c000726_p01_nato_v01,Ya basta de quejas.,
Subtitles::vx_c000726_p01_redo_v01,Ya basta de quejas.,
Subtitles::vx_c000726_p01_redo_v02,Ya basta de quejas.,
Subtitles::vx_c00726_p01_deepo_v01,Ya basta de quejas.,
Subtitles::vx_c00726_p01_gmen_v01,Ya basta de quejas.,
Subtitles::vx_c00726_p01_gmen_v02,Ya basta de quejas.,
Subtitles::vx_c00726_p01_gun_v02,Ya basta de quejas.,
Subtitles::vx_c00726_p01_natg_v01,Ya basta de quejas.,
Subtitles::vx_c00726_p01_natg_v02,Ya basta de quejas.,
Subtitles::vx_c00726_p01_nato_v02,Ya basta de quejas.,
Subtitles::vx_c00726_p01_redu_v01,Ya basta de quejas.,
Subtitles::vx_c00726_p01_redu_v02,Ya basta de quejas.,
Subtitles::vx_c00726_p01_shdw_v02,Ya basta de quejas.,
Subtitles::vx_c00175_p01_redo_v02,Deja de babear y ponte a patrullar.,
Subtitles::vx_c000734_p01_redo_v01,Basta.,
Subtitles::vx_c00710_p01_drgn_v01,"Dejad de correr, cucarachas.",
Subtitles::vx_c00007_p02_plr_v02,"Según cuentan, las puertas también se bloquearon en cuanto entraron.",
Subtitles::vx_c00361_p02_plr_v08,Es extraño que alguien se llevase algo de estas tumbas.,
Subtitles::vx_c00238_p01_deepg_v01,Dadles fuerte.,
Subtitles::vx_c00385_p02_plr_v03,Atrapados aquí con los demás orcos... y con nosotros.,
Subtitles::vx_c00378_p02_plr_v06,"De repente, el resto no me da nada de miedo.",
Subtitles::vx_c00189_p01_tro_v01,Algo está bloqueando mi cueva.,
Subtitles::vx_c00032_p03_plr_v01,Supongo que no es tan sorprendente. Todo el mundo sabe de la amistad de Celebrimbor y Narvi.,
Subtitles::vx_c00032_p03_plr_v02,Supongo que no es tan sorprendente. Todo el mundo sabe de la amistad de Celebrimbor y Narvi.,
Subtitles::vx_c00032_p03_plr_v03,Supongo que no es tan sorprendente. Todo el mundo sabe de la amistad de Celebrimbor y Narvi.,
Subtitles::vx_c00032_p03_plr_v04,Supongo que no es tan sorprendente. Todo el mundo sabe de la amistad de Celebrimbor y Narvi.,
Subtitles::vx_c00032_p03_plr_v05,Supongo que no es tan sorprendente. Todo el mundo sabe de la amistad de Celebrimbor y Narvi.,
Subtitles::vx_c00032_p03_plr_v06,Supongo que no es tan sorprendente. Todo el mundo sabe de la amistad de Celebrimbor y Narvi.,
Subtitles::vx_c00032_p03_plr_v07,Supongo que no es tan sorprendente. Todo el mundo sabe de la amistad de Celebrimbor y Narvi.,
Subtitles::vx_c00032_p03_plr_v08,Supongo que no es tan sorprendente. Todo el mundo sabe de la amistad de Celebrimbor y Narvi.,
Subtitles::vx_c00231_p01_nato_v01,Rodeadlos.,
Subtitles::vx_c00231_p01_nato_v02,Rodeadlos.,
Subtitles::vx_c00231_p01_redo_v01,Rodeadlos.,
Subtitles::vx_c00231_p01_redo_v02,Rodeadlos.,
Subtitles::vx_c00006_p02_plr_v08,Una maldición y un reguero de cadáveres. Vaya bienvenida.,
Subtitles::vx_c00232_p01_deepo_v01,Estáis rodeados.,
Subtitles::vx_c00232_p01_natg_v01,Estáis rodeados.,
Subtitles::vx_c00232_p01_natg_v02,Estáis rodeados.,
Subtitles::vx_c00256_p01_deepo_v01,Abatidlas.,
Subtitles::vx_c00256_p01_deepo_v02,Abatidlas.,
Subtitles::vx_c00256_p01_gmen_v01,Abatidlas.,
Subtitles::vx_c00256_p01_gmen_v02,Abatidlas.,
Subtitles::vx_c00256_p01_gun_v02,Abatidlas.,
Subtitles::vx_c00256_p01_natg_v01,Abatidlas.,
Subtitles::vx_c00256_p01_natg_v02,Abatidlas.,
Subtitles::vx_c00256_p01_redu_v01,Abatidlas.,
Subtitles::vx_c00256_p01_redu_v02,Abatidlas.,
Subtitles::vx_c00555_p01_plr_v06,"Toma esa. Ja, ja.",
Subtitles::vx_c00259_p01_deepo_v01,Abatidla.,
Subtitles::vx_c00259_p01_gmen_v01,Abatidla.,
Subtitles::vx_c00259_p01_gmen_v02,Abatidla.,
Subtitles::vx_c00259_p01_gun_v01,Abatidla.,
Subtitles::vx_c00259_p01_gun_v02,Abatidla.,
Subtitles::vx_c00259_p01_natg_v01,Abatidla.,
Subtitles::vx_c00259_p01_natg_v02,Abatidla.,
Subtitles::vx_c00259_p01_nato_v01,Abatidla.,
Subtitles::vx_c00259_p01_nato_v02,Abatidla.,
Subtitles::vx_c00259_p01_redo_v01,Abatidla.,
Subtitles::vx_c00259_p01_redo_v02,Abatidla.,
Subtitles::vx_c00259_p01_redu_v01,Abatidla.,
Subtitles::vx_c00259_p01_redu_v02,Abatidla.,
Subtitles::vx_c00259_p01_shdw_v01,A-abatidla.,
Subtitles::vx_c00259_p01_shdw_v02,Abatidla.,
Subtitles::vx_c00090_p08_rav_v01,Coge el pergamino. Muestra la fragua de mithril.,
Subtitles::vx_c00266_p01_redo_v01,Coged sus cosas.,
Subtitles::vx_c00266_p01_redo_v02,Coged sus cosas.,
Subtitles::vx_c00267_p01_gmen_v01,Coged lo mejor y destrozad el resto.,
Subtitles::vx_c00267_p01_gmen_v02,Coged lo mejor y destrozad el resto.,
Subtitles::vx_c00267_p01_gun_v01,Coged lo mejor y destrozad el resto.,
Subtitles::vx_c00267_p01_gun_v02,Coged lo mejor y destrozad el resto.,
Subtitles::vx_c00267_p01_redu_v01,Coged lo mejor y destrozad el resto.,
Subtitles::vx_c00267_p01_redu_v02,Coged lo mejor y destrozad el resto.,
Subtitles::vx_c00604_p01_plr_v01,Coge tus sombras y muere.,
Subtitles::vx_c00604_p01_plr_v02,Coge tus sombras y muere.,
Subtitles::vx_c00604_p01_plr_v03,Coge tus sombras y muere.,
Subtitles::vx_c00604_p01_plr_v04,Coge tus sombras y muere.,
Subtitles::vx_c00604_p01_plr_v05,Coge tus sombras y muere.,
Subtitles::vx_c00604_p01_plr_v06,Coge tus sombras y muere.,
Subtitles::vx_c00604_p01_plr_v07,Coge tus sombras y muere.,
Subtitles::vx_c00604_p01_plr_v08,Coge tus sombras y muere.,
Subtitles::vx_c00373_p01_plr_v01,Coge tus sombras y largo de aquí.,
Subtitles::vx_c00373_p01_plr_v02,Coge tus sombras y largo de aquí.,
Subtitles::vx_c00373_p01_plr_v03,Coge tus sombras y largo de aquí.,
Subtitles::vx_c00373_p01_plr_v04,Coge tus sombras y largo de aquí.,
Subtitles::vx_c00373_p01_plr_v05,Coge tus sombras y largo de aquí.,
Subtitles::vx_c00373_p01_plr_v06,Coge tus sombras y largo de aquí.,
Subtitles::vx_c00373_p01_plr_v07,Coge tus sombras y largo de aquí.,
Subtitles::vx_c00373_p01_plr_v08,Coge tus sombras y largo de aquí.,
Subtitles::vx_c00228_p01_gmen_v01,Prueba el filo de mi espada.,
Subtitles::vx_c00228_p01_gmen_v02,Prueba el filo de mi espada.,
Subtitles::vx_c00632_p01_gun_v01,Rompedlos en dos.,
Subtitles::vx_c00632_p01_gun_v02,Rompedlos en dos.,
Subtitles::vx_c00263_p01_natg_v01,A destrozar las cosas de los enanos.,
Subtitles::vx_c00263_p01_natg_v02,A destrozar las cosas de los enanos.,
Subtitles::vx_c00263_p01_nato_v01,A destrozar las cosas de los enanos.,
Subtitles::vx_c00263_p01_nato_v02,A destrozar las cosas de los enanos.,
Subtitles::vx_c00265_p01_gun_v01,Echadlo todo abajo.,
Subtitles::vx_c00265_p01_gun_v02,Echadlo todo abajo.,
Subtitles::vx_c000739_p01_nato_v01,"Echadlo todo abajo, piedra a piedra.",
Subtitles::vx_c00739_p01_deepo_v01,"Echadlo todo abajo, piedra a piedra.",
Subtitles::vx_c00739_p01_gmen_v01,"Echadlo todo abajo, piedra a piedra.",
Subtitles::vx_c00739_p01_gmen_v02,"Echadlo todo abajo, piedra a piedra.",
Subtitles::vx_c00739_p01_gun_v02,"Echadlo todo abajo, piedra a piedra.",
Subtitles::vx_c00739_p01_nato_v02,"Echadlo todo abajo, piedra a piedra.",
Subtitles::vx_c00739_p01_redu_v01,"Echadlo todo abajo, piedra a piedra.",
Subtitles::vx_c00739_p01_redu_v02,"Echadlo todo abajo, piedra a piedra.",
Subtitles::vx_c00739_p01_shdw_v02,"Echadlo todo abajo. Ja, ja, ja.",
Subtitles::vx_c00265_p01_deepg_v01,Destrozadlo todo.,
Subtitles::vx_c00265_p01_natg_v01,Destrozadlo todo.,
Subtitles::vx_c00265_p01_natg_v02,Destrozadlo todo.,
Subtitles::vx_c00265_p01_deepo_v01,Que no quede nada.,
Subtitles::vx_c00265_p01_nato_v01,Que no quede nada.,
Subtitles::vx_c00265_p01_nato_v02,Que no quede nada.,
Subtitles::vx_c00265_p01_redu_v01,Que no quede nada.,
Subtitles::vx_c00265_p01_redu_v02,Que no quede nada.,
Subtitles::vx_c00265_p01_shdw_v01,Que no quede nada.,
Subtitles::vx_c00265_p01_shdw_v02,Que no quede nada.,
Subtitles::vx_c00265_p01_gmen_v01,Que no queden ni los cimientos.,
Subtitles::vx_c00265_p01_gmen_v02,Que no queden ni los cimientos.,
Subtitles::vx_c00265_p01_redo_v01,Que no queden ni los cimientos.,
Subtitles::vx_c00265_p01_redo_v02,Que no queden ni los cimientos.,
Subtitles::vx_c00165_p01_nato_v02,Dile a Rashlug que ya he acabado de patrullar.,
Subtitles::vx_c00385_p02_plr_v07,Qué mala suerte la suya. Y la nuestra...,
Subtitles::vx_c00085_p02_rav_v01,"¡Croa! ¡Gracias a los vientos! Soy Aric, hijo de Arac. La tuya es la única cara amable por estos lares…",
Subtitles::vx_c00092_p07_plr_v01,"Gracias, Aric. Muchas gracias por todo. Nos vemos fuera, amigo.",
Subtitles::vx_c00092_p07_plr_v02,"Gracias, Aric. Muchas gracias por todo. Nos vemos fuera, amigo.",
Subtitles::vx_c00092_p07_plr_v03,"Gracias, Aric. Muchas gracias por todo. Nos vemos fuera, amigo.",
Subtitles::vx_c00092_p07_plr_v04,"Gracias, Aric. Muchas gracias por todo. Nos vemos fuera, amigo.",
Subtitles::vx_c00092_p07_plr_v05,"Gracias, Aric. Muchas gracias por todo. Nos vemos fuera, amigo.",
Subtitles::vx_c00092_p07_plr_v06,"Gracias, Aric. Muchas gracias por todo. Nos vemos fuera, amigo.",
Subtitles::vx_c00092_p07_plr_v07,"Gracias, Aric. Muchas gracias por todo. Nos vemos fuera, amigo.",
Subtitles::vx_c00092_p07_plr_v08,"Gracias, Aric. Muchas gracias por todo. Nos vemos fuera, amigo.",
Subtitles::vx_c00150_p01_redo_v02,¿Esa dragona negra que tenía el señor en la torre? Ahora está aquí.,
Subtitles::vx_c00150_p01_redu_v02,¿Esa dragona que tenía el señor en la torre? Ahora está aquí.,
Subtitles::vx_c00008_p02_plr_v05,¿Esa bestia ancestral? El poderoso mago <Subtitle.Italic>Tharkûn</> luchó contra ella. Y venció.,
Subtitles::vx_c00580_p01_plr_v03,¿Eso es todo de lo que eres capaz?,
Subtitles::vx_c00493_p01_plr_v03,Esa es mi canción favorita.,
Subtitles::vx_c00446_p01_plr_v01,Esa montaña hoy nos sonríe.,
Subtitles::vx_c00718_p01_drgn_v01,"¿Esa lanza brillante es para mí? ¡Ja, ja, ja!",
Subtitles::vx_c00178_p02_redo_v02,¿Ese canalla? Pensé que lo había machacado la dragona.,
Subtitles::vx_c00001_p01_plr_v01,Esa no fue una explosión normal.,
Subtitles::vx_c00001_p01_plr_v02,Esa no fue una explosión normal.,
Subtitles::vx_c00001_p01_plr_v03,Esa no fue una explosión normal.,
Subtitles::vx_c00001_p01_plr_v04,Esa no fue una explosión normal.,
Subtitles::vx_c00001_p01_plr_v05,Esa no fue una explosión normal.,
Subtitles::vx_c00001_p01_plr_v06,Esa no fue una explosión normal.,
Subtitles::vx_c00001_p01_plr_v07,Esa no fue una explosión normal.,
Subtitles::vx_c00001_p01_plr_v08,Esa no fue una explosión normal.,
Subtitles::vx_c00594_p01_plr_v01,Por un pelo.,
Subtitles::vx_c00594_p01_plr_v02,Por un pelo.,
Subtitles::vx_c00594_p01_plr_v03,Por un pelo.,
Subtitles::vx_c00594_p01_plr_v04,Por un pelo.,
Subtitles::vx_c00594_p01_plr_v05,Por un pelo.,
Subtitles::vx_c00594_p01_plr_v06,Por un pelo.,
Subtitles::vx_c00594_p01_plr_v07,Por un pelo.,
Subtitles::vx_c00594_p01_plr_v08,Por un pelo.,
Subtitles::vx_c00525_p01_plr_v03,Mi barriga estará encantada con esto.,
Subtitles::vx_c00525_p01_plr_v05,Mi barriga estará encantada con esto.,
Subtitles::vx_c00525_p01_plr_v01,Mi barriga estará encantada con esto.,
Subtitles::vx_c00525_p01_plr_v06,Mi barriga estará encantada con esto.,
Subtitles::vx_c00525_p01_plr_v07,Mi barriga estará encantada con esto.,
Subtitles::vx_c00525_p01_plr_v08,Mi barriga estará encantada con esto.,
Subtitles::vx_c00525_p01_plr_v04,Mi barriga estará encantada con esto.,
Subtitles::vx_c00378_p02_plr_v01,Ahí está esa a la que los orcos temen.,
Subtitles::vx_c00563_p01_plr_v01,Esto sí que es grande.,
Subtitles::vx_c00563_p01_plr_v02,Esto sí que es grande.,
Subtitles::vx_c00563_p01_plr_v03,Esto sí que es grande.,
Subtitles::vx_c00563_p01_plr_v04,Esto sí que es grande.,
Subtitles::vx_c00563_p01_plr_v05,Esto sí que es grande.,
Subtitles::vx_c00563_p01_plr_v06,Esto sí que es grande.,
Subtitles::vx_c00563_p01_plr_v07,Esto sí que es grande.,
Subtitles::vx_c00563_p01_plr_v08,Esto sí que es grande.,
Subtitles::vx_c00391_p02_plr_v01,Es una pista. Y de las buenas.,
Subtitles::vx_c00006_p02_plr_v01,Es una maldición. ¿Y todos esos cadáveres? Por las barbas de Durin.,
Subtitles::vx_c00580_p01_plr_v01,¿Eso es todo de lo que eres capaz?,
Subtitles::vx_c00580_p01_plr_v02,¿Eso es todo de lo que eres capaz?,
Subtitles::vx_c00580_p01_plr_v06,¿Eso es todo de lo que eres capaz?,
Subtitles::vx_c00580_p01_plr_v07,¿Eso es todo de lo que eres capaz?,
Subtitles::vx_c00580_p01_plr_v08,¿Eso es todo de lo que eres capaz?,
Subtitles::vx_c00580_p01_plr_v04,¿Eso es todo de lo que eres capaz?,
Subtitles::vx_c00146_p03_redu_v01,Así funcionan las cosas. Obedece o te llevarás un buen azote.,
Subtitles::vx_c000730_p01_nato_v01,Me pertenece.,
Subtitles::vx_c000730_p01_redo_v01,Me pertenece.,
Subtitles::vx_c000730_p01_redo_v02,Me pertenece.,
Subtitles::vx_c00730_p01_deepo_v01,Me pertenece.,
Subtitles::vx_c00730_p01_gmen_v01,Me pertenece.,
Subtitles::vx_c00730_p01_gmen_v02,Me pertenece.,
Subtitles::vx_c00730_p01_natg_v01,Me pertenece.,
Subtitles::vx_c00730_p01_natg_v02,Me pertenece.,
Subtitles::vx_c00730_p01_nato_v02,Me pertenece.,
Subtitles::vx_c00730_p01_redu_v01,Me pertenece.,
Subtitles::vx_c00730_p01_redu_v02,Me pertenece.,
Subtitles::vx_c00730_p01_shdw_v02,Me pertenece.,
Subtitles::vx_c00493_p01_plr_v01,Esa es mi canción favorita.,
Subtitles::vx_c00493_p01_plr_v02,Esa es mi canción favorita.,
Subtitles::vx_c00493_p01_plr_v04,Esa es mi canción favorita.,
Subtitles::vx_c00493_p01_plr_v05,Esa es mi canción favorita.,
Subtitles::vx_c00493_p01_plr_v06,Esa es mi canción favorita.,
Subtitles::vx_c00493_p01_plr_v07,Esa es mi canción favorita.,
Subtitles::vx_c00493_p01_plr_v08,Esa es mi canción favorita.,
Subtitles::vx_c00556_p01_plr_v01,Otro más para mí.,
Subtitles::vx_c00556_p01_plr_v02,Otro más para mí.,
Subtitles::vx_c00556_p01_plr_v03,Otro más para mí.,
Subtitles::vx_c00556_p01_plr_v04,Otro más para mí.,
Subtitles::vx_c00556_p01_plr_v05,Otro más para mí.,
Subtitles::vx_c00556_p01_plr_v06,Otro más para mí.,
Subtitles::vx_c00556_p01_plr_v07,Otro más para mí.,
Subtitles::vx_c00556_p01_plr_v08,Otro más para mí.,
Subtitles::vx_c00224_p01_gun_v01,"Así, corred.",
Subtitles::vx_c00224_p01_gun_v02,"Así, corred.",
Subtitles::vx_c000722_p01_nato_v01,Eso. Corred. Nosostros iremos detrás.,
Subtitles::vx_c00722_p01_redu_v01,Eso. Corred. Nosostros iremos detrás.,
Subtitles::vx_c00722_p01_redu_v02,Eso. Corred. Nosostros iremos detrás.,
Subtitles::vx_c00732_p01_deepo_v01,Eso. Corred. Nosostros iremos detrás.,
Subtitles::vx_c00732_p01_gmen_v01,Eso. Corred. Nosostros iremos detrás.,
Subtitles::vx_c00733_p01_gmen_v02,Eso. Corred. Nosostros iremos detrás.,
Subtitles::vx_c00733_p01_gun_v02,Eso. Corred. Nosostros iremos detrás.,
Subtitles::vx_c00733_p01_nato_v02,Eso. Corred. Nosostros iremos detrás.,
Subtitles::vx_c00555_p01_plr_v01,No volveremos a vernos.,
Subtitles::vx_c00378_p02_plr_v02,Ella es de quien tanto se quejaban los orcos.,
Subtitles::vx_c00384_p01_plr_v01,Toda esta destrucción es obra del Balrog.,
Subtitles::vx_c00384_p01_plr_v02,Toda esta destrucción es obra del Balrog.,
Subtitles::vx_c00384_p01_plr_v04,Toda esta destrucción es obra del Balrog.,
Subtitles::vx_c00384_p01_plr_v06,Toda esta destrucción es obra del Balrog.,
Subtitles::vx_c00384_p01_plr_v07,Toda esta destrucción es obra del Balrog.,
Subtitles::vx_c00384_p01_plr_v08,Toda esta destrucción es obra del Balrog.,
Subtitles::vx_c00171_p01_shdw_v02,El balrog no era… así.,
Subtitles::vx_c00171_p01_shdw_v01,Al balrog no… le gustaría esto.,
Subtitles::vx_c00707_p01_drgn_v01,Las sombras del Balrog me alimentan.,
Subtitles::vx_c00723_p02_plr_v02,Más vale que el puente de <Subtitle.Italic>Khazad-dûm</> esté ahí arriba.,
Subtitles::vx_c00345_p01_plr_v03,"El descenso de cristal es precioso, pero ¿qué hay en los abismos inferiores?",
Subtitles::vx_c00345_p01_plr_v01,"El descenso de cristal es precioso, pero ¿qué hay en los abismos inferiores?",
Subtitles::vx_c00345_p01_plr_v02,"El descenso de cristal es precioso, pero ¿qué hay en los abismos inferiores?",
Subtitles::vx_c00345_p01_plr_v05,"El descenso de cristal es precioso, pero ¿qué hay en los abismos inferiores?",
Subtitles::vx_c00345_p01_plr_v06,"El descenso de cristal es precioso, pero ¿qué hay en los abismos inferiores?",
Subtitles::vx_c00345_p01_plr_v07,"El descenso de cristal es precioso, pero ¿qué hay en los abismos inferiores?",
Subtitles::vx_c00345_p01_plr_v08,"El descenso de cristal es precioso, pero ¿qué hay en los abismos inferiores?",
Subtitles::vx_c00345_p01_plr_v04,"El descenso de cristal es precioso, sí, pero ¿qué hay en los abismos inferiores?",
Subtitles::vx_c00049_p01_plr_v01,El descenso de cristal. Seguro que podemos arreglar el montacargas de la mina para llegar ahí abajo.,
Subtitles::vx_c00049_p01_plr_v02,El descenso de cristal. Seguro que podemos arreglar el montacargas de la mina para llegar ahí abajo.,
Subtitles::vx_c00049_p01_plr_v03,El descenso de cristal. Seguro que podemos arreglar el montacargas de la mina para llegar ahí abajo.,
Subtitles::vx_c00049_p01_plr_v04,El descenso de cristal. Seguro que podemos arreglar el montacargas de la mina para llegar ahí abajo.,
Subtitles::vx_c00049_p01_plr_v05,El descenso de cristal. Seguro que podemos arreglar el montacargas de la mina para llegar ahí abajo.,
Subtitles::vx_c00049_p01_plr_v06,El descenso de cristal. Seguro que podemos arreglar el montacargas de la mina para llegar ahí abajo.,
Subtitles::vx_c00049_p01_plr_v07,El descenso de cristal. Seguro que podemos arreglar el montacargas de la mina para llegar ahí abajo.,
Subtitles::vx_c00049_p01_plr_v08,El descenso de cristal. Seguro que podemos arreglar el montacargas de la mina para llegar ahí abajo.,
Subtitles::vx_c00349_p01_plr_v01,"El Abismo Oscuro, el lugar ideal para encontrar piedras preciosas.",
Subtitles::vx_c00349_p01_plr_v02,"El Abismo Oscuro, el lugar ideal para encontrar piedras preciosas.",
Subtitles::vx_c00349_p01_plr_v03,"El Abismo Oscuro, el lugar ideal para encontrar piedras preciosas.",
Subtitles::vx_c00349_p01_plr_v04,"El Abismo Oscuro, el lugar ideal para encontrar piedras preciosas.",
Subtitles::vx_c00349_p01_plr_v05,"El Abismo Oscuro, el lugar ideal para encontrar piedras preciosas.",
Subtitles::vx_c00349_p01_plr_v06,"El Abismo Oscuro, el lugar ideal para encontrar piedras preciosas.",
Subtitles::vx_c00349_p01_plr_v07,"El Abismo Oscuro, el lugar ideal para encontrar piedras preciosas.",
Subtitles::vx_c00349_p01_plr_v08,"El Abismo Oscuro, el lugar ideal para encontrar piedras preciosas.",
Subtitles::vx_c00167_p01_deepg_v02,Las profundidades están inquietas. Sssss.,
Subtitles::vx_c00410_p01_plr_v01,La Puerta del Valle del Arrollo Sombrío. Por fin encontramos la forma de salida de <Subtitle.Italic>Khazad-dûm</>.,
Subtitles::vx_c00410_p01_plr_v02,La Puerta del Valle del Arrollo Sombrío. Por fin encontramos la forma de salida de <Subtitle.Italic>Khazad-dûm</>.,
Subtitles::vx_c00410_p01_plr_v03,La Puerta del Valle del Arrollo Sombrío. Por fin encontramos la forma de salida de <Subtitle.Italic>Khazad-dûm</>.,
Subtitles::vx_c00410_p01_plr_v04,La Puerta del Valle del Arrollo Sombrío. Por fin encontramos la forma de salida de <Subtitle.Italic>Khazad-dûm</>.,
Subtitles::vx_c00410_p01_plr_v05,La Puerta del Valle del Arrollo Sombrío. Por fin encontramos la forma de salida de <Subtitle.Italic>Khazad-dûm</>.,
Subtitles::vx_c00410_p01_plr_v06,La Puerta del Valle del Arrollo Sombrío. Por fin encontramos la forma de salida de <Subtitle.Italic>Khazad-dûm</>.,
Subtitles::vx_c00410_p01_plr_v07,La Puerta del Valle del Arrollo Sombrío. Por fin encontramos la forma de salida de <Subtitle.Italic>Khazad-dûm</>.,
Subtitles::vx_c00410_p01_plr_v08,La Puerta del Valle del Arrollo Sombrío. Por fin encontramos la forma de salida de <Subtitle.Italic>Khazad-dûm</>.,
Subtitles::vx_c00006_p02_plr_v02,Las Puertas de Durin están poseídas por una terrible maldición.,
Subtitles::vx_c00007_p01_plr_v01,Los miembros de la Compañía del Anillo fueron los últimos en usar esta puerta.,
Subtitles::vx_c00007_p01_plr_v02,Los miembros de la Compañía del Anillo fueron los últimos en usar esta puerta.,
Subtitles::vx_c00007_p01_plr_v03,Los miembros de la Compañía del Anillo fueron los últimos en usar esta puerta.,
Subtitles::vx_c00007_p01_plr_v04,Los miembros de la Compañía del Anillo fueron los últimos en usar esta puerta.,
Subtitles::vx_c00007_p01_plr_v05,Los miembros de la Compañía del Anillo fueron los últimos en usar esta puerta.,
Subtitles::vx_c00007_p01_plr_v06,Los miembros de la Compañía del Anillo fueron los últimos en usar esta puerta.,
Subtitles::vx_c00007_p01_plr_v07,Los miembros de la Compañía del Anillo fueron los últimos en usar esta puerta.,
Subtitles::vx_c00007_p01_plr_v08,Los miembros de la Compañía del Anillo fueron los últimos en usar esta puerta.,
Subtitles::vx_c00408_p03_plr_v05,"La piedra khazâd volverá a estar en manos de la casa de Durin. Ahora, Durin volverá.",
Subtitles::vx_c00408_p03_plr_v01,"La piedra khazâd volverá a estar en manos de la casa de Durin. Ahora, Durin volverá.",
Subtitles::vx_c00408_p03_plr_v02,"La piedra khazâd volverá a estar en manos de la casa de Durin. Ahora, Durin volverá.",
Subtitles::vx_c00408_p03_plr_v03,"La piedra khazâd volverá a estar en manos de la casa de Durin. Ahora, Durin volverá.",
Subtitles::vx_c00408_p03_plr_v04,"La piedra khazâd volverá a estar en manos de la casa de Durin. Ahora, Durin volverá.",
Subtitles::vx_c00408_p03_plr_v06,"La piedra khazâd volverá a estar en manos de la casa de Durin. Ahora, Durin volverá.",
Subtitles::vx_c00408_p03_plr_v07,"La piedra khazâd volverá a estar en manos de la casa de Durin. Ahora, Durin volverá.",
Subtitles::vx_c00408_p03_plr_v08,"La piedra khazâd volverá a estar en manos de la casa de Durin. Ahora, Durin volverá.",
Subtitles::vx_c00408_p01_plr_v01,La piedra khazâd... Pues claro que es de mithril.,
Subtitles::vx_c00408_p01_plr_v02,La piedra khazâd... Pues claro que es de mithril.,
Subtitles::vx_c00408_p01_plr_v03,La piedra khazâd... Pues claro que es de mithril.,
Subtitles::vx_c00408_p01_plr_v04,La piedra khazâd... Pues claro que es de mithril.,
Subtitles::vx_c00408_p01_plr_v05,La piedra khazâd... Pues claro que es de mithril.,
Subtitles::vx_c00408_p01_plr_v06,La piedra khazâd... Pues claro que es de mithril.,
Subtitles::vx_c00408_p01_plr_v07,La piedra khazâd... Pues claro que es de mithril.,
Subtitles::vx_c00408_p01_plr_v08,La piedra khazâd... Pues claro que es de mithril.,
Subtitles::vx_c00146_p01_redu_v01,El rey ha hablado. Debemos esperar y observar.,
Subtitles::vx_c00090_p05_plr_v01,¿El rey también viene?,
Subtitles::vx_c00090_p05_plr_v02,¿El rey también viene?,
Subtitles::vx_c00090_p05_plr_v03,¿El rey también viene?,
Subtitles::vx_c00090_p05_plr_v04,¿El rey también viene?,
Subtitles::vx_c00090_p05_plr_v05,¿El rey también viene?,
Subtitles::vx_c00090_p05_plr_v06,¿El rey también viene?,
Subtitles::vx_c00090_p05_plr_v07,¿El rey también viene?,
Subtitles::vx_c00090_p05_plr_v08,¿El rey también viene?,
Subtitles::vx_c00348_p01_plr_v01,"Los abismos inferiores. Son oscuros, húmedos y peligrosos, como a mí me gusta.",
Subtitles::vx_c00348_p01_plr_v02,"Los abismos inferiores. Son oscuros, húmedos y peligrosos, como a mí me gusta.",
Subtitles::vx_c00348_p01_plr_v03,"Los abismos inferiores. Son oscuros, húmedos y peligrosos, como a mí me gusta.",
Subtitles::vx_c00348_p01_plr_v04,"Los abismos inferiores. Son oscuros, húmedos y peligrosos, como a mí me gusta.",
Subtitles::vx_c00348_p01_plr_v05,"Los abismos inferiores. Son oscuros, húmedos y peligrosos, como a mí me gusta.",
Subtitles::vx_c00348_p01_plr_v06,"Los abismos inferiores. Son oscuros, húmedos y peligrosos, como a mí me gusta.",
Subtitles::vx_c00348_p01_plr_v07,"Los abismos inferiores. Son oscuros, húmedos y peligrosos, como a mí me gusta.",
Subtitles::vx_c00348_p01_plr_v08,"Los abismos inferiores. Son oscuros, húmedos y peligrosos, como a mí me gusta.",
Subtitles::vx_c00497_p01_plr_v01,La montaña hoy nos sonríe.,
Subtitles::vx_c00497_p01_plr_v02,La montaña hoy nos sonríe.,
Subtitles::vx_c00497_p01_plr_v03,La montaña hoy nos sonríe.,
Subtitles::vx_c00497_p01_plr_v04,La montaña hoy nos sonríe.,
Subtitles::vx_c00497_p01_plr_v05,La montaña hoy nos sonríe.,
Subtitles::vx_c00497_p01_plr_v06,La montaña hoy nos sonríe.,
Subtitles::vx_c00497_p01_plr_v07,La montaña hoy nos sonríe.,
Subtitles::vx_c00497_p01_plr_v08,La montaña hoy nos sonríe.,
Subtitles::vx_c00401_p01_plr_v01,¿Sauron crió las monturas de los nazgûl a partir de un <Subtitle.Italic>shazôn</>? ¿De esta dragona?,
Subtitles::vx_c00401_p01_plr_v02,¿Sauron crió las monturas de los nazgûl a partir de un <Subtitle.Italic>shazôn</>? ¿De esta dragona?,
Subtitles::vx_c00401_p01_plr_v03,¿Sauron crió las monturas de los nazgûl a partir de un <Subtitle.Italic>shazôn</>? ¿De esta dragona?,
Subtitles::vx_c00401_p01_plr_v04,¿Sauron crió las monturas de los nazgûl a partir de un <Subtitle.Italic>shazôn</>? ¿De esta dragona?,
Subtitles::vx_c00401_p01_plr_v05,¿Sauron crió las monturas de los nazgûl a partir de un <Subtitle.Italic>shazôn</>? ¿De esta dragona?,
Subtitles::vx_c00401_p01_plr_v06,¿Sauron crió las monturas de los nazgûl a partir de un <Subtitle.Italic>shazôn</>? ¿De esta dragona?,
Subtitles::vx_c00401_p01_plr_v07,¿Sauron crió las monturas de los nazgûl a partir de un <Subtitle.Italic>shazôn</>? ¿De esta dragona?,
Subtitles::vx_c00401_p01_plr_v08,¿Sauron crió las monturas de los nazgûl a partir de un <Subtitle.Italic>shazôn</>? ¿De esta dragona?,
Subtitles::vx_c00435_p01_plr_v01,La sombra me drena.,
Subtitles::vx_c00435_p01_plr_v02,La sombra me drena.,
Subtitles::vx_c00435_p01_plr_v03,La sombra me drena.,
Subtitles::vx_c00435_p01_plr_v04,La sombra me drena.,
Subtitles::vx_c00435_p01_plr_v05,La sombra me drena.,
Subtitles::vx_c00435_p01_plr_v06,La sombra me drena.,
Subtitles::vx_c00435_p01_plr_v07,La sombra me drena.,
Subtitles::vx_c00435_p01_plr_v08,La sombra me drena.,
Subtitles::vx_c00387_p01_plr_v01,"Aquí hay un fragmento del hacha, perdido entre los restos del Balrog.",
Subtitles::vx_c00387_p01_plr_v02,"Aquí hay un fragmento del hacha, perdido entre los restos del Balrog.",
Subtitles::vx_c00387_p01_plr_v03,"Aquí hay un fragmento del hacha, perdido entre los restos del Balrog.",
Subtitles::vx_c00387_p01_plr_v04,"Aquí hay un fragmento del hacha, perdido entre los restos del Balrog.",
Subtitles::vx_c00387_p01_plr_v05,"Aquí hay un fragmento del hacha, perdido entre los restos del Balrog.",
Subtitles::vx_c00387_p01_plr_v06,"Aquí hay un fragmento del hacha, perdido entre los restos del Balrog.",
Subtitles::vx_c00387_p01_plr_v07,"Aquí hay un fragmento del hacha, perdido entre los restos del Balrog.",
Subtitles::vx_c00387_p01_plr_v08,"Aquí hay un fragmento del hacha, perdido entre los restos del Balrog.",
Subtitles::vx_c00122_p01_plr_v01,La caverna va a venirse abajo.,
Subtitles::vx_c00122_p01_plr_v02,La caverna va a venirse abajo.,
Subtitles::vx_c00122_p01_plr_v03,La caverna va a venirse abajo.,
Subtitles::vx_c00122_p01_plr_v04,La caverna va a venirse abajo.,
Subtitles::vx_c00122_p01_plr_v05,La caverna va a venirse abajo.,
Subtitles::vx_c00122_p01_plr_v06,La caverna va a venirse abajo.,
Subtitles::vx_c00122_p01_plr_v07,La caverna va a venirse abajo.,
Subtitles::vx_c00122_p01_plr_v08,La caverna va a venirse abajo.,
Subtitles::vx_c00487_p01_plr_v08,La caverna se mueve y no me hace nada de gracia.,
Subtitles::vx_c00487_p01_plr_v07,La caverna no para de lanzarme rocas.,
Subtitles::vx_c00006_p02_plr_v06,Están poseídas por una maldición. Y todos esos horribles cadáveres...,
Subtitles::vx_c00541_p01_plr_v01,Las bestias de la dragona.,
Subtitles::vx_c00541_p01_plr_v02,Las bestias de la dragona.,
Subtitles::vx_c00541_p01_plr_v03,Las bestias de la dragona.,
Subtitles::vx_c00541_p01_plr_v04,Las bestias de la dragona.,
Subtitles::vx_c00541_p01_plr_v05,Las bestias de la dragona.,
Subtitles::vx_c00541_p01_plr_v06,Las bestias de la dragona.,
Subtitles::vx_c00541_p01_plr_v07,Las bestias de la dragona.,
Subtitles::vx_c00541_p01_plr_v08,Las bestias de la dragona.,
Subtitles::vx_c00167_p01_deepo_v02,Los dragoncillos están inquietos. Sssss.,
Subtitles::vx_c00047_p01_plr_v01,Las legendarias Minas de Moria. Qué pena haber dejado todo este mineral aquí abandonado.,
Subtitles::vx_c00047_p01_plr_v02,Las legendarias Minas de Moria. Qué pena haber dejado todo este mineral aquí abandonado.,
Subtitles::vx_c00047_p01_plr_v04,Las legendarias Minas de Moria. Qué pena haber dejado todo este mineral aquí abandonado.,
Subtitles::vx_c00047_p01_plr_v05,Las legendarias Minas de Moria. Qué pena haber dejado todo este mineral aquí abandonado.,
Subtitles::vx_c00047_p01_plr_v06,Las legendarias Minas de Moria. Qué pena haber dejado todo este mineral aquí abandonado.,
Subtitles::vx_c00047_p01_plr_v07,Las legendarias Minas de Moria. Qué pena haber dejado todo este mineral aquí abandonado.,
Subtitles::vx_c00047_p01_plr_v08,Las legendarias Minas de Moria. Qué pena haber dejado todo este mineral aquí abandonado.,
Subtitles::vx_c00516_p01_plr_v01,La fragua ya está encendida.,
Subtitles::vx_c00516_p01_plr_v02,La fragua ya está encendida.,
Subtitles::vx_c00516_p01_plr_v03,La fragua ya está encendida.,
Subtitles::vx_c00516_p01_plr_v04,La fragua ya está encendida.,
Subtitles::vx_c00516_p01_plr_v05,La fragua ya está encendida.,
Subtitles::vx_c00516_p01_plr_v06,La fragua ya está encendida.,
Subtitles::vx_c00516_p01_plr_v07,La fragua ya está encendida.,
Subtitles::vx_c00516_p01_plr_v08,La fragua ya está encendida.,
Subtitles::vx_c00388_p01_plr_v01,"La fragua de Nogrod, el mayor herrero de todos los enanos.",
Subtitles::vx_c00388_p01_plr_v02,"La fragua de Nogrod, el mayor herrero de todos los enanos.",
Subtitles::vx_c00388_p01_plr_v03,"La fragua de Nogrod, el mayor herrero de todos los enanos.",
Subtitles::vx_c00388_p01_plr_v04,"La fragua de Nogrod, el mayor herrero de todos los enanos.",
Subtitles::vx_c00388_p01_plr_v05,"La fragua de Nogrod, el mayor herrero de todos los enanos.",
Subtitles::vx_c00388_p01_plr_v06,"La fragua de Nogrod, el mayor herrero de todos los enanos.",
Subtitles::vx_c00388_p01_plr_v07,"La fragua de Nogrod, el mayor herrero de todos los enanos.",
Subtitles::vx_c00388_p01_plr_v08,"La fragua de Nogrod, el mayor herrero de todos los enanos.",
Subtitles::vx_c00393_p01_plr_v01,El fuego de la fragua vuelve a emanar calor.,
Subtitles::vx_c00393_p01_plr_v02,El fuego de la fragua vuelve a emanar calor.,
Subtitles::vx_c00393_p01_plr_v03,El fuego de la fragua vuelve a emanar calor.,
Subtitles::vx_c00393_p01_plr_v04,El fuego de la fragua vuelve a emanar calor.,
Subtitles::vx_c00393_p01_plr_v05,El fuego de la fragua vuelve a emanar calor.,
Subtitles::vx_c00393_p01_plr_v06,El fuego de la fragua vuelve a emanar calor.,
Subtitles::vx_c00393_p01_plr_v07,El fuego de la fragua vuelve a emanar calor.,
Subtitles::vx_c00393_p01_plr_v08,El fuego de la fragua vuelve a emanar calor.,
Subtitles::vx_c00406_p01_plr_v01,"El fuego de la fragua ya ruge con fuerza, al igual que yo.",
Subtitles::vx_c00406_p01_plr_v02,"El fuego de la fragua ya ruge con fuerza, al igual que yo.",
Subtitles::vx_c00406_p01_plr_v03,"El fuego de la fragua ya ruge con fuerza, al igual que yo.",
Subtitles::vx_c00406_p01_plr_v04,"El fuego de la fragua ya ruge con fuerza, al igual que yo.",
Subtitles::vx_c00406_p01_plr_v05,"El fuego de la fragua ya ruge con fuerza, al igual que yo.",
Subtitles::vx_c00406_p01_plr_v06,"El fuego de la fragua ya ruge con fuerza, al igual que yo.",
Subtitles::vx_c00406_p01_plr_v07,"El fuego de la fragua ya ruge con fuerza, al igual que yo.",
Subtitles::vx_c00406_p01_plr_v08,"El fuego de la fragua ya ruge con fuerza, al igual que yo.",
Subtitles::vx_c00382_p01_plr_v01,La gran ciudad de Pozo Oscuro...,
Subtitles::vx_c00382_p01_plr_v02,La gran ciudad de Pozo Oscuro...,
Subtitles::vx_c00382_p01_plr_v03,La gran ciudad de Pozo Oscuro...,
Subtitles::vx_c00382_p01_plr_v04,La gran ciudad de Pozo Oscuro...,
Subtitles::vx_c00382_p01_plr_v05,La gran ciudad de Pozo Oscuro...,
Subtitles::vx_c00382_p01_plr_v06,La gran ciudad de Pozo Oscuro...,
Subtitles::vx_c00382_p01_plr_v07,La gran ciudad de Pozo Oscuro...,
Subtitles::vx_c00382_p01_plr_v08,La gran ciudad de Pozo Oscuro...,
Subtitles::vx_c00148_p03_redo_v01,Más vale que el rey tenga un plan.,
Subtitles::vx_c00148_p03_redu_v01,Más vale que el rey tenga un plan.,
Subtitles::vx_c00312_p01_plr_v03,La luz. La ha cegado.,
Subtitles::vx_c00312_p01_plr_v05,La luz. La ha cegado.,
Subtitles::vx_c00312_p01_plr_v01,La luz. La ha cegado.,
Subtitles::vx_c00312_p01_plr_v02,La luz. La ha cegado.,
Subtitles::vx_c00312_p01_plr_v04,La luz. La ha cegado.,
Subtitles::vx_c00312_p01_plr_v06,La luz. La ha cegado.,
Subtitles::vx_c00312_p01_plr_v07,La luz. La ha cegado.,
Subtitles::vx_c00312_p01_plr_v08,La luz. La ha cegado.,
Subtitles::vx_c00442_p01_plr_v01,La gran oscuridad nos espera.,
Subtitles::vx_c00483_p01_plr_v02,La bruma va a dejar las armas para el arrastre.,
Subtitles::vx_c00446_p01_plr_v02,La montaña hoy nos sonríe.,
Subtitles::vx_c00446_p01_plr_v03,La montaña hoy nos sonríe.,
Subtitles::vx_c00446_p01_plr_v04,La montaña hoy nos sonríe.,
Subtitles::vx_c00446_p01_plr_v05,La montaña hoy nos sonríe.,
Subtitles::vx_c00446_p01_plr_v06,La montaña hoy nos sonríe.,
Subtitles::vx_c00446_p01_plr_v07,La montaña hoy nos sonríe.,
Subtitles::vx_c00446_p01_plr_v08,La montaña hoy nos sonríe.,
Subtitles::vx_c00484_p01_plr_v04,Las montañas están enfadadas. Mejor andar con cuidado.,
Subtitles::vx_c00405_p01_plr_v01,"La mítica fragua de mithril. Por Aulë, es real.",
Subtitles::vx_c00405_p01_plr_v02,"La mítica fragua de mithril. Por Aulë, es real.",
Subtitles::vx_c00405_p01_plr_v03,"La mítica fragua de mithril. Por Aulë, es real.",
Subtitles::vx_c00405_p01_plr_v04,"La mítica fragua de mithril. Por Aulë, es real.",
Subtitles::vx_c00405_p01_plr_v05,"La mítica fragua de mithril. Por Aulë, es real.",
Subtitles::vx_c00405_p01_plr_v06,"La mítica fragua de mithril. Por Aulë, es real.",
Subtitles::vx_c00405_p01_plr_v07,"La mítica fragua de mithril. Por Aulë, es real.",
Subtitles::vx_c00405_p01_plr_v08,"La mítica fragua de mithril. Por Aulë, es real.",
Subtitles::vx_c00046_p05_plr_v01,"¿La antigua ruta de los peregrinos de la que hablan las leyendas? ¿Existe? Pues ya tenemos plan. Gracias, Aric.",
Subtitles::vx_c00046_p05_plr_v02,"¿La antigua ruta de los peregrinos de la que hablan las leyendas? ¿Existe? Pues ya tenemos plan. Gracias, Aric.",
Subtitles::vx_c00046_p05_plr_v03,"¿La antigua ruta de los peregrinos de la que hablan las leyendas? ¿Existe? Pues ya tenemos plan. Gracias, Aric.",
Subtitles::vx_c00046_p05_plr_v04,"¿La antigua ruta de los peregrinos de la que hablan las leyendas? ¿Existe? Pues ya tenemos plan. Gracias, Aric.",
Subtitles::vx_c00046_p05_plr_v06,"¿La antigua ruta de los peregrinos de la que hablan las leyendas? ¿Existe? Pues ya tenemos plan. Gracias, Aric.",
Subtitles::vx_c00046_p05_plr_v07,"¿La antigua ruta de los peregrinos de la que hablan las leyendas? ¿Existe? Pues ya tenemos plan. Gracias, Aric.",
Subtitles::vx_c00046_p05_plr_v08,"¿La antigua ruta de los peregrinos de la que hablan las leyendas? ¿Existe? Pues ya tenemos plan. Gracias, Aric.",
Subtitles::vx_c00358_p02_plr_v03,Esos orcos están pidiendo a gritos que los destruyamos a ellos.,
Subtitles::vx_c00387_p02_plr_v01,"Seguro que está en manos de los orcos, ¡se han hecho con todo Pozo Oscuro!",
Subtitles::vx_c00387_p02_plr_v02,"Seguro que está en manos de los orcos, ¡se han hecho con todo Pozo Oscuro!",
Subtitles::vx_c00387_p02_plr_v03,"Seguro que está en manos de los orcos, ¡se han hecho con todo Pozo Oscuro!",
Subtitles::vx_c00387_p02_plr_v04,"Seguro que está en manos de los orcos, ¡se han hecho con todo Pozo Oscuro!",
Subtitles::vx_c00387_p02_plr_v05,"Seguro que está en manos de los orcos, ¡se han hecho con todo Pozo Oscuro!",
Subtitles::vx_c00387_p02_plr_v06,"Seguro que está en manos de los orcos, ¡se han hecho con todo Pozo Oscuro!",
Subtitles::vx_c00387_p02_plr_v07,"Seguro que está en manos de los orcos, ¡se han hecho con todo Pozo Oscuro!",
Subtitles::vx_c00387_p02_plr_v08,"Seguro que está en manos de los orcos, ¡se han hecho con todo Pozo Oscuro!",
Subtitles::vx_c00432_p01_plr_v05,Cómo pica el veneno.,
Subtitles::vx_c00407_p02_plr_v03,Hay que reparar este sello. No he visto pozo sombrío más grande que este.,
Subtitles::vx_c00407_p02_plr_v01,Hay que reparar este sello. No he visto pozo sombrío más grande que este.,
Subtitles::vx_c00407_p02_plr_v02,Hay que reparar este sello. No he visto pozo sombrío más grande que este.,
Subtitles::vx_c00407_p02_plr_v04,Hay que reparar este sello. No he visto pozo sombrío más grande que este.,
Subtitles::vx_c00407_p02_plr_v05,Hay que reparar este sello. No he visto pozo sombrío más grande que este.,
Subtitles::vx_c00407_p02_plr_v06,Hay que reparar este sello. No he visto pozo sombrío más grande que este.,
Subtitles::vx_c00407_p02_plr_v07,Hay que reparar este sello. No he visto pozo sombrío más grande que este.,
Subtitles::vx_c00407_p02_plr_v08,Hay que reparar este sello. No he visto pozo sombrío más grande que este.,
Subtitles::vx_c00391_p03_plr_v01,La búsqueda de la piedra khazâd comienza donde Náin libró su última batalla contra Caradhras.,
Subtitles::vx_c00391_p03_plr_v02,La búsqueda de la piedra khazâd comienza donde Náin libró su última batalla contra Caradhras.,
Subtitles::vx_c00391_p03_plr_v03,La búsqueda de la piedra khazâd comienza donde Náin libró su última batalla contra Caradhras.,
Subtitles::vx_c00391_p03_plr_v04,La búsqueda de la piedra khazâd comienza donde Náin libró su última batalla contra Caradhras.,
Subtitles::vx_c00391_p03_plr_v05,La búsqueda de la piedra khazâd comienza donde Náin libró su última batalla contra Caradhras.,
Subtitles::vx_c00391_p03_plr_v06,La búsqueda de la piedra khazâd comienza donde Náin libró su última batalla contra Caradhras.,
Subtitles::vx_c00391_p03_plr_v07,La búsqueda de la piedra khazâd comienza donde Náin libró su última batalla contra Caradhras.,
Subtitles::vx_c00391_p03_plr_v08,La búsqueda de la piedra khazâd comienza donde Náin libró su última batalla contra Caradhras.,
Subtitles::vx_c00092_p04_rav_v01,La piedra está en el alijo de huesos.,
Subtitles::vx_c00359_p01_plr_v01,Las tumbas de los Durin. El lugar de su eterno reposo. Qué honor poder verlas.,
Subtitles::vx_c00359_p01_plr_v02,Las tumbas de los Durin. El lugar de su eterno reposo. Qué honor poder verlas.,
Subtitles::vx_c00359_p01_plr_v03,Las tumbas de los Durin. El lugar de su eterno reposo. Qué honor poder verlas.,
Subtitles::vx_c00359_p01_plr_v04,Las tumbas de los Durin. El lugar de su eterno reposo. Qué honor poder verlas.,
Subtitles::vx_c00359_p01_plr_v05,Las tumbas de los Durin. El lugar de su eterno reposo. Qué honor poder verlas.,
Subtitles::vx_c00359_p01_plr_v06,Las tumbas de los Durin. El lugar de su eterno reposo. Qué honor poder verlas.,
Subtitles::vx_c00359_p01_plr_v07,Las tumbas de los Durin. El lugar de su eterno reposo. Qué honor poder verlas.,
Subtitles::vx_c00359_p01_plr_v08,Las tumbas de los Durin. El lugar de su eterno reposo. Qué honor poder verlas.,
Subtitles::vx_c00353_p01_plr_v05,"El camino está inundado, pero seguro que tenían bombas de drenaje. No deben estar muy lejos.",
Subtitles::vx_c00353_p01_plr_v01,"El camino está inundado, pero seguro que tenían bombas de drenaje. No deben estar muy lejos.",
Subtitles::vx_c00353_p01_plr_v02,"El camino está inundado, pero seguro que tenían bombas de drenaje. No deben estar muy lejos.",
Subtitles::vx_c00353_p01_plr_v03,"El camino está inundado, pero seguro que tenían bombas de drenaje. No deben estar muy lejos.",
Subtitles::vx_c00353_p01_plr_v04,"El camino está inundado, pero seguro que tenían bombas de drenaje. No deben estar muy lejos.",
Subtitles::vx_c00353_p01_plr_v06,"El camino está inundado, pero seguro que tenían bombas de drenaje. No deben estar muy lejos.",
Subtitles::vx_c00353_p01_plr_v07,"El camino está inundado, pero seguro que tenían bombas de drenaje. No deben estar muy lejos.",
Subtitles::vx_c00353_p01_plr_v08,"El camino está inundado, pero seguro que tenían bombas de drenaje. No deben estar muy lejos.",
Subtitles::vx_c00383_p02_plr_v05,La corona no le va a durar mucho en la cabeza a su rey.,
Subtitles::vx_c00399_p02_plr_v05,"Mi hacha pronto dará buena cuenta de sus cuellos. Ja, ja.",
Subtitles::vx_c00383_p02_plr_v02,"Su nuevo rey caerá, al igual que lo hizo Sauron.",
Subtitles::vx_c00177_p02_redo_v01,"¿Esas ratas de vertedero? No, pero lo estoy deseando.",
Subtitles::vx_c00177_p02_redu_v01,¿Los gusanos de montaña? Aún no.,
Subtitles::vx_c00411_p06_rav_v01,"Entonces la casa de Durin volverá a <Subtitle.Italic>Khazad-dûm</>. Por ahora, los vientos del norte me llaman. Adiós.",
Subtitles::vx_c00738_p02_natg_v01,"Y, entonces, los matamos a todos. Je, je, je, je.",
Subtitles::vx_c00364_p02_plr_v01,Entonces estamos en suelo sagrado.,
Subtitles::vx_c00383_p03_plr_v01,"Solo puede haber un rey en <Subtitle.Italic>Khazad-dûm</>, y no será el líder de los orcos.",
Subtitles::vx_c00383_p03_plr_v02,"Solo puede haber un rey en <Subtitle.Italic>Khazad-dûm</>, y no será el líder de los orcos.",
Subtitles::vx_c00383_p03_plr_v03,"Solo puede haber un rey en <Subtitle.Italic>Khazad-dûm</>, y no será el líder de los orcos.",
Subtitles::vx_c00383_p03_plr_v04,"Solo puede haber un rey en <Subtitle.Italic>Khazad-dûm</>, y no será el líder de los orcos.",
Subtitles::vx_c00383_p03_plr_v05,"Solo puede haber un rey en <Subtitle.Italic>Khazad-dûm</>, y no será el líder de los orcos.",
Subtitles::vx_c00383_p03_plr_v06,"Solo puede haber un rey en <Subtitle.Italic>Khazad-dûm</>, y no será el líder de los orcos.",
Subtitles::vx_c00383_p03_plr_v07,"Solo puede haber un rey en <Subtitle.Italic>Khazad-dûm</>, y no será el líder de los orcos.",
Subtitles::vx_c00383_p03_plr_v08,"Solo puede haber un rey en <Subtitle.Italic>Khazad-dûm</>, y no será el líder de los orcos.",
Subtitles::vx_c00379_p01_plr_v05,"Desde Smaug, no ha habido otro dragón. Voy a necesitar un arma más grande.",
Subtitles::vx_c00488_p01_plr_v03,Aquí caen rayos.,
Subtitles::vx_c00560_p01_plr_v01,Aún queda un enano con vida en <Subtitle.Italic>Khazad-dûm</>.,
Subtitles::vx_c00560_p01_plr_v02,Aún queda un enano con vida en <Subtitle.Italic>Khazad-dûm</>.,
Subtitles::vx_c00560_p01_plr_v03,Aún queda un enano con vida en <Subtitle.Italic>Khazad-dûm</>.,
Subtitles::vx_c00560_p01_plr_v04,Aún queda un enano con vida en <Subtitle.Italic>Khazad-dûm</>.,
Subtitles::vx_c00560_p01_plr_v05,Aún queda un enano con vida en <Subtitle.Italic>Khazad-dûm</>.,
Subtitles::vx_c00560_p01_plr_v06,Aún queda un enano con vida en <Subtitle.Italic>Khazad-dûm</>.,
Subtitles::vx_c00560_p01_plr_v07,Aún queda un enano con vida en <Subtitle.Italic>Khazad-dûm</>.,
Subtitles::vx_c00560_p01_plr_v08,Aún queda un enano con vida en <Subtitle.Italic>Khazad-dûm</>.,
Subtitles::vx_c00001_p03_plr_v01,Tiene que haber una forma de volver al campamento.,
Subtitles::vx_c00001_p03_plr_v02,Tiene que haber una forma de volver al campamento.,
Subtitles::vx_c00001_p03_plr_v03,Tiene que haber una forma de volver al campamento.,
Subtitles::vx_c00001_p03_plr_v04,Tiene que haber una forma de volver al campamento.,
Subtitles::vx_c00001_p03_plr_v05,Tiene que haber una forma de volver al campamento.,
Subtitles::vx_c00001_p03_plr_v06,Tiene que haber una forma de volver al campamento.,
Subtitles::vx_c00001_p03_plr_v07,Tiene que haber una forma de volver al campamento.,
Subtitles::vx_c00001_p03_plr_v08,Tiene que haber una forma de volver al campamento.,
Subtitles::vx_c00181_p01_gun_v01,En estas montañas también hay enanos.,
Subtitles::vx_c00361_p01_plr_v01,Aquí falta una piedra. ¿La piedra khazâd?,
Subtitles::vx_c00361_p01_plr_v02,Aquí falta una piedra. ¿La piedra khazâd?,
Subtitles::vx_c00361_p01_plr_v03,Aquí falta una piedra. ¿La piedra khazâd?,
Subtitles::vx_c00361_p01_plr_v04,Aquí falta una piedra. ¿La piedra khazâd?,
Subtitles::vx_c00361_p01_plr_v05,Aquí falta una piedra. ¿La piedra khazâd?,
Subtitles::vx_c00361_p01_plr_v06,Aquí falta una piedra. ¿La piedra khazâd?,
Subtitles::vx_c00361_p01_plr_v07,Aquí falta una piedra. ¿La piedra khazâd?,
Subtitles::vx_c00361_p01_plr_v08,Aquí falta una piedra. ¿La piedra khazâd?,
Subtitles::vx_c00401_p02_plr_v08,"Se parecen, no cabe duda.",
Subtitles::vx_c00233_p01_nato_v01,No podéis escapar.,
Subtitles::vx_c00233_p01_nato_v02,No podéis escapar.,
Subtitles::vx_c00013_p02_rav_v01,No hay camino hacia el oeste. No hay salida. Una maldición. Una maldición me impide el paso.,
Subtitles::vx_c00379_p01_plr_v03,"Desde Smaug, no ha habido otro dragón. Voy a necesitar un arma más grande.",
Subtitles::vx_c00379_p01_plr_v01,"Desde Smaug, no ha habido otro dragón. Voy a necesitar un arma más grande.",
Subtitles::vx_c00379_p01_plr_v02,"Desde Smaug, no ha habido otro dragón. Voy a necesitar un arma más grande.",
Subtitles::vx_c00379_p01_plr_v04,"Desde Smaug, no ha habido otro dragón. Voy a necesitar un arma más grande.",
Subtitles::vx_c00379_p01_plr_v06,"Desde Smaug, no ha habido otro dragón. Voy a necesitar un arma más grande.",
Subtitles::vx_c00379_p01_plr_v07,"Desde Smaug, no ha habido otro dragón. Voy a necesitar un arma más grande.",
Subtitles::vx_c00379_p01_plr_v08,"Desde Smaug, no ha habido otro dragón. Voy a necesitar un arma más grande.",
Subtitles::vx_c00222_p01_gmen_v01,Aquí no hay nada.,
Subtitles::vx_c00222_p01_gmen_v02,Aquí no hay nada.,
Subtitles::vx_c00222_p01_redo_v01,Aquí no hay nada.,
Subtitles::vx_c00222_p01_redo_v02,Aquí no hay nada.,
Subtitles::vx_c00067_p01_plr_v07,Aquí hay mineral.,
Subtitles::vx_c00362_p02_plr_v06,Hay tantas cosas que me gustaría aprender.,
Subtitles::vx_c00221_p01_nato_v01,Hay algo ahí fuera.,
Subtitles::vx_c00221_p01_nato_v02,Hay algo ahí fuera.,
Subtitles::vx_c00221_p01_redo_v01,Hay algo ahí fuera.,
Subtitles::vx_c00221_p01_redo_v02,Hay algo ahí fuera.,
Subtitles::vx_c00077_p01_plr_v04,Aquí hay algo.,
Subtitles::vx_c00078_p01_plr_v02,Allí hay algo.,
Subtitles::vx_c00377_p01_plr_v01,"¡Ahí está el puente de Khazad-dûm, la salida!",
Subtitles::vx_c00377_p01_plr_v02,"Ahí está el puente de Khazad-dûm, la salida.",
Subtitles::vx_c00377_p01_plr_v03,"Ahí está el puente de Khazad-dûm, la salida.",
Subtitles::vx_c00377_p01_plr_v06,"Ahí está el puente de Khazad-dûm, la salida.",
Subtitles::vx_c00377_p01_plr_v07,"Ahí está el puente de Khazad-dûm, la salida.",
Subtitles::vx_c00377_plr_v08_,"Ahí está el puente de Khazad-dûm, la salida.",
Subtitles::vx_c00377_p01_plr_v04,"Ahí está el puente de Khazad-dûm, la salida. Ja, ja.",
Subtitles::vx_c00564_p01_plr_v01,Son demasiados.,
Subtitles::vx_c00564_p01_plr_v02,Son demasiados.,
Subtitles::vx_c00564_p01_plr_v04,Son demasiados.,
Subtitles::vx_c00564_p01_plr_v05,Son demasiados.,
Subtitles::vx_c00564_p01_plr_v06,Son demasiados.,
Subtitles::vx_c00564_p01_plr_v07,Son demasiados.,
Subtitles::vx_c00564_p01_plr_v08,Son demasiados.,
Subtitles::vx_c00564_p01_plr_v03,Son demasiados.,
Subtitles::vx_c00076_p01_plr_v08,Hala. Ha sido más fácil de lo que parecía.,
Subtitles::vx_c00385_p01_plr_v01,Seguro que estos orcos de Gundabad llegaron antes de que la dragona sellara las salidas.,
Subtitles::vx_c00385_p01_plr_v03,Seguro que estos orcos de Gundabad llegaron antes de que la dragona sellara las salidas.,
Subtitles::vx_c00385_p01_plr_v02,Seguro que estos orcos de Gundabad llegaron antes de que la dragona sellara las salidas.,
Subtitles::vx_c00385_p01_plr_v04,Seguro que estos orcos de Gundabad llegaron antes de que la dragona sellara las salidas.,
Subtitles::vx_c00385_p01_plr_v05,Seguro que estos orcos de Gundabad llegaron antes de que la dragona sellara las salidas.,
Subtitles::vx_c00385_p01_plr_v06,Seguro que estos orcos de Gundabad llegaron antes de que la dragona sellara las salidas.,
Subtitles::vx_c00385_p01_plr_v07,Seguro que estos orcos de Gundabad llegaron antes de que la dragona sellara las salidas.,
Subtitles::vx_c00385_p01_plr_v08,Seguro que estos orcos de Gundabad llegaron antes de que la dragona sellara las salidas.,
Subtitles::vx_c00399_p01_plr_v01,Estos orcos están al servicio de la dragona de la sombra. Repugnante.,
Subtitles::vx_c00399_p01_plr_v02,Estos orcos están al servicio de la dragona de la sombra. Repugnante.,
Subtitles::vx_c00399_p01_plr_v03,Estos orcos están al servicio de la dragona de la sombra. Repugnante.,
Subtitles::vx_c00399_p01_plr_v04,Estos orcos están al servicio de la dragona de la sombra. Repugnante.,
Subtitles::vx_c00399_p01_plr_v05,Estos orcos están al servicio de la dragona de la sombra. Repugnante.,
Subtitles::vx_c00399_p01_plr_v06,Estos orcos están al servicio de la dragona de la sombra. Repugnante.,
Subtitles::vx_c00399_p01_plr_v07,Estos orcos están al servicio de la dragona de la sombra. Repugnante.,
Subtitles::vx_c00399_p01_plr_v08,Estos orcos están al servicio de la dragona de la sombra. Repugnante.,
Subtitles::vx_c00341_p01_plr_v01,Esto son marcas de mago.,
Subtitles::vx_c00341_p01_plr_v02,Esto son marcas de mago.,
Subtitles::vx_c00341_p01_plr_v03,Esto son marcas de mago.,
Subtitles::vx_c00341_p01_plr_v04,Esto son marcas de mago.,
Subtitles::vx_c00341_p01_plr_v05,Esto son marcas de mago.,
Subtitles::vx_c00341_p01_plr_v06,Esto son marcas de mago.,
Subtitles::vx_c00341_p01_plr_v07,Esto son marcas de mago.,
Subtitles::vx_c00341_p01_plr_v08,Esto son marcas de mago.,
Subtitles::vx_c00358_p02_plr_v07,Esos orcos son muy raros. No me gustan.,
Subtitles::vx_c00025_p01_plr_v01,Estos conductos de sombra son casi tan malos como las runas malditas.,
Subtitles::vx_c00025_p01_plr_v02,Estos conductos de sombra son casi tan malos como las runas malditas.,
Subtitles::vx_c00025_p01_plr_v03,Estos conductos de sombra son casi tan malos como las runas malditas.,
Subtitles::vx_c00025_p01_plr_v04,Estos conductos de sombra son casi tan malos como las runas malditas.,
Subtitles::vx_c00025_p01_plr_v05,Estos conductos de sombra son casi tan malos como las runas malditas.,
Subtitles::vx_c00025_p01_plr_v06,Estos conductos de sombra son casi tan malos como las runas malditas.,
Subtitles::vx_c00025_p01_plr_v07,Estos conductos de sombra son casi tan malos como las runas malditas.,
Subtitles::vx_c00025_p01_plr_v08,Estos conductos de sombra son casi tan malos como las runas malditas.,
Subtitles::vx_c00583_p01_plr_v03,Atacan el campamento.,
Subtitles::vx_c00583_p01_plr_v05,Atacan el campamento.,
Subtitles::vx_c00350_p02_plr_v05,Son el auténtico terror oculto entre las sombras.,
Subtitles::vx_c00357_p02_plr_v03,Trajeron conocimientos increíbles a Khazad-dûm.,
Subtitles::vx_c00060_p03_natg_v02,"Por mí, que se pudran todos. Ambos tienen buena carne. Pero ella da miedo.",
Subtitles::vx_c00060_p03_nato_v02,"Por mí, que se pudran todos. Ambos tienen buena carne. Pero ella da miedo.",
Subtitles::vx_c00032_p02_plr_v07,Está claro que a los jóvenes enanos no se les habla de la existencia de este lugar.,
Subtitles::vx_c00007_p02_plr_v04,Ellos tampoco consiguieron abrir las puertas desde dentro.,
Subtitles::vx_c00385_p02_plr_v08,Parece que aquí no les va especialmente bien.,
Subtitles::vx_c00168_p02_deepo_v02,¿Son fáciles de despellejar?,
Subtitles::vx_c00364_p02_plr_v03,Pero aguantaron estoicos. Sobrevivieron.,
Subtitles::vx_c00223_p01_gun_v02,Se han escapado.,
Subtitles::vx_c00723_p02_plr_v01,En algún sitio tienen que acabar.,
Subtitles::vx_c00723_p02_plr_v07,En algún sitio tienen que acabar.,
Subtitles::vx_c00385_p02_plr_v02,No les gustan nada los orcos de ojos rojos.,
Subtitles::vx_c00090_p06_rav_v01,Siguen los consejos y se quedan fuera. El rey dice que debes forjar un arma de mithril. Matar a la dragona.,
Subtitles::vx_c00383_p02_plr_v01,¿Harán de Moria un lugar como Mordor? Me niego.,
Subtitles::vx_c00007_p02_plr_v05,A ellos les pasó lo mismo. Tuvieron que emprender un largo viaje a través de <Subtitle.Italic>Khazad-dûm</>.,
Subtitles::vx_c00374_p02_plr_v01,"Al fin y al cabo, aquí no contaban con ayuda alguna.",
Subtitles::vx_c00374_p02_plr_v02,"Al fin y al cabo, aquí no contaban con ayuda alguna.",
Subtitles::vx_c00374_p02_plr_v03,"Al fin y al cabo, aquí no contaban con ayuda alguna.",
Subtitles::vx_c00374_p02_plr_v04,"Al fin y al cabo, aquí no contaban con ayuda alguna.",
Subtitles::vx_c00374_p02_plr_v05,"Al fin y al cabo, aquí no contaban con ayuda alguna.",
Subtitles::vx_c00374_p02_plr_v06,"Al fin y al cabo, aquí no contaban con ayuda alguna.",
Subtitles::vx_c00374_p02_plr_v07,"Al fin y al cabo, aquí no contaban con ayuda alguna.",
Subtitles::vx_c00374_p02_plr_v08,"Al fin y al cabo, aquí no contaban con ayuda alguna.",
Subtitles::vx_c00007_p02_plr_v07,"Ellos también se quedaron atrapados aquí, ¿no?",
Subtitles::vx_c00385_p02_plr_v05,"Si puedo evitarlo, no volverán a la superficie.",
Subtitles::vx_c00399_p02_plr_v06,Pronto dejarán de estar al servicio de nadie.,
Subtitles::vx_c00737_p02_nato_v01,Qué tentempié tan delicioso.,
Subtitles::vx_c00583_p01_plr_v01,Atacan el campamento.,
Subtitles::vx_c00583_p01_plr_v02,Atacan el campamento.,
Subtitles::vx_c00583_p01_plr_v04,Atacan el campamento.,
Subtitles::vx_c00583_p01_plr_v06,Atacan el campamento.,
Subtitles::vx_c00583_p01_plr_v07,Atacan el campamento.,
Subtitles::vx_c00583_p01_plr_v08,Atacan el campamento.,
Subtitles::vx_c00613_p01_natg_v01,No sobrevivirán para ver un nuevo día.,
Subtitles::vx_c00613_p01_natg_v02,No sobrevivirán para ver un nuevo día.,
Subtitles::vx_c00358_p02_plr_v04,Están dejando Moria como a ellos les gusta: en ruinas.,
Subtitles::vx_c00216_p01_deepg_v01,Los enanos. Están aquí.,
Subtitles::vx_c00448_p01_plr_v08,Creo que esto espacio para esto.,
Subtitles::vx_c00060_p02_natg_v01,Creo que los odio más incluso que a esa chusma de Mordor.,
Subtitles::vx_c00357_p01_plr_v01,Solo de pensar en los herreros de Belegost trabajando aquí me dan escalofríos.,
Subtitles::vx_c00357_p01_plr_v02,Solo de pensar en los herreros de Belegost trabajando aquí me dan escalofríos.,
Subtitles::vx_c00357_p01_plr_v03,Solo de pensar en los herreros de Belegost trabajando aquí me dan escalofríos.,
Subtitles::vx_c00357_p01_plr_v04,Solo de pensar en los herreros de Belegost trabajando aquí me dan escalofríos.,
Subtitles::vx_c00357_p01_plr_v05,Solo de pensar en los herreros de Belegost trabajando aquí me dan escalofríos.,
Subtitles::vx_c00357_p01_plr_v06,Solo de pensar en los herreros de Belegost trabajando aquí me dan escalofríos.,
Subtitles::vx_c00357_p01_plr_v07,Solo de pensar en los herreros de Belegost trabajando aquí me dan escalofríos.,
Subtitles::vx_c00357_p01_plr_v08,Solo de pensar en los herreros de Belegost trabajando aquí me dan escalofríos.,
Subtitles::vx_c00141_p02_deepg_v02,¿Aquí abajo?,
Subtitles::vx_c00141_p02_deepo_v02,¿Aquí abajo?,
Subtitles::vx_c00414_p01_plr_v02,Este enano necesita papeo.,
Subtitles::vx_c00406_p02_plr_v02,Esta fragua de mithril es tan impresionante como el mismísimo mineral.,
Subtitles::vx_c00510_p01_plr_v01,Esta zona empieza a tener buena pinta.,
Subtitles::vx_c00510_p01_plr_v02,Esta zona empieza a tener buena pinta.,
Subtitles::vx_c00510_p01_plr_v03,Esta zona empieza a tener buena pinta.,
Subtitles::vx_c00510_p01_plr_v04,Esta zona empieza a tener buena pinta.,
Subtitles::vx_c00510_p01_plr_v05,Esta zona empieza a tener buena pinta.,
Subtitles::vx_c00510_p01_plr_v06,Esta zona empieza a tener buena pinta.,
Subtitles::vx_c00510_p01_plr_v07,Esta zona empieza a tener buena pinta.,
Subtitles::vx_c00510_p01_plr_v08,Esta zona empieza a tener buena pinta.,
Subtitles::vx_c00518_p01_plr_v04,Ha quedado estupendo.,
Subtitles::vx_c00518_p01_plr_v08,Esto ha quedado espectacular.,
Subtitles::vx_c00449_p01_plr_v01,Esto se puede arreglar.,
Subtitles::vx_c00449_p01_plr_v02,Esto se puede arreglar.,
Subtitles::vx_c00449_p01_plr_v03,Esto se puede arreglar.,
Subtitles::vx_c00449_p01_plr_v04,Esto se puede arreglar.,
Subtitles::vx_c00449_p01_plr_v05,Esto se puede arreglar.,
Subtitles::vx_c00449_p01_plr_v06,Esto se puede arreglar.,
Subtitles::vx_c00449_p01_plr_v07,Esto se puede arreglar.,
Subtitles::vx_c00449_p01_plr_v08,Esto se puede arreglar.,
Subtitles::vx_c00485_p01_plr_v01,Esta oscuridad alberga peligros desconocidos.,
Subtitles::vx_c00689_p01_plr_v01,Esta oscuridad me drena...,
Subtitles::vx_c00689_p01_plr_v02,Esta oscuridad me drena...,
Subtitles::vx_c00689_p01_plr_v03,Esta oscuridad me drena.,
Subtitles::vx_c00689_p01_plr_v04,Esta oscuridad me drena...,
Subtitles::vx_c00689_p01_plr_v05,Esta oscuridad me drena...,
Subtitles::vx_c00689_p01_plr_v06,Esta oscuridad me drena...,
Subtitles::vx_c00689_p01_plr_v07,Esta oscuridad me drena...,
Subtitles::vx_c00689_p01_plr_v08,Esta oscuridad me drena...,
Subtitles::vx_c00389_p02_plr_v06,Esta fragua es prácticamente un monumento a la artesanía de Telchar.,
Subtitles::vx_c00020_p01_plr_v01,"Es un mapa que conduce al hacha de Durin. ¿O será un fragmento? Si existe, debemos encontrarla.",
Subtitles::vx_c00020_p01_plr_v02,"Es un mapa que conduce al hacha de Durin. ¿O será un fragmento? Si existe, debemos encontrarla.",
Subtitles::vx_c00020_p01_plr_v03,"Es un mapa que conduce al hacha de Durin. ¿O será un fragmento? Si existe, debemos encontrarla.",
Subtitles::vx_c00020_p01_plr_v04,"Es un mapa que conduce al hacha de Durin. ¿O será un fragmento? Si existe, debemos encontrarla.",
Subtitles::vx_c00020_p01_plr_v06,"Es un mapa que conduce al hacha de Durin. ¿O será un fragmento? Si existe, debemos encontrarla.",
Subtitles::vx_c00020_p01_plr_v07,"Es un mapa que conduce al hacha de Durin. ¿O será un fragmento? Si existe, debemos encontrarla.",
Subtitles::vx_c00020_p01_plr_v08,"Es un mapa que conduce al hacha de Durin. ¿O será un fragmento? Si existe, debemos encontrarla.",
Subtitles::vx_c00020_p01_plr_v05,"Es un mapa que conduce al hacha de Durin. ¿O será un fragmento? Si existe, debemos encontrarla.",
Subtitles::vx_c00437_p01_plr_v01,Esto está a punto de romperse.,
Subtitles::vx_c00437_p01_plr_v02,Esto está a punto de romperse.,
Subtitles::vx_c00437_p01_plr_v03,Esto está a punto de romperse.,
Subtitles::vx_c00437_p01_plr_v04,Esto está a punto de romperse.,
Subtitles::vx_c00437_p01_plr_v05,Esto está a punto de romperse.,
Subtitles::vx_c00437_p01_plr_v06,Esto está a punto de romperse.,
Subtitles::vx_c00437_p01_plr_v07,Esto está a punto de romperse.,
Subtitles::vx_c00437_p01_plr_v08,Esto está a punto de romperse.,
Subtitles::vx_c00050_p02_gmen_v02,Esto es todo lo que nos queda ahora. Esos hombres odiosos no nos aceptan.,
Subtitles::vx_c00076_p01_plr_v04,Esto ya funciona de nuevo.,
Subtitles::vx_c00723_p02_plr_v03,Es un buen entrenamiento para un guerrero.,
Subtitles::vx_c00444_p01_plr_v01,Esto pesa mucho hasta para mí.,
Subtitles::vx_c00390_p01_plr_v01,Listo. Ya tenemos los cinco fragmentos. Hora de reforjar el hacha de Durin.,
Subtitles::vx_c00390_p01_plr_v02,Listo. Ya tenemos los cinco fragmentos. Hora de reforjar el hacha de Durin.,
Subtitles::vx_c00390_p01_plr_v03,Listo. Ya tenemos los cinco fragmentos. Hora de reforjar el hacha de Durin.,
Subtitles::vx_c00390_p01_plr_v04,Listo. Ya tenemos los cinco fragmentos. Hora de reforjar el hacha de Durin.,
Subtitles::vx_c00390_p01_plr_v06,Listo. Ya tenemos los cinco fragmentos. Hora de reforjar el hacha de Durin.,
Subtitles::vx_c00390_p01_plr_v07,Listo. Ya tenemos los cinco fragmentos. Hora de reforjar el hacha de Durin.,
Subtitles::vx_c00390_p01_plr_v08,Listo. Ya tenemos los cinco fragmentos. Hora de reforjar el hacha de Durin.,
Subtitles::vx_c00458_p01_plr_v01,Esto es nuevo.,
Subtitles::vx_c00038_p01_plr_v01,No es un campamento enano. Esto son antiguas marcas de los montaraces.,
Subtitles::vx_c00038_p01_plr_v02,No es un campamento enano. Esto son antiguas marcas de los montaraces.,
Subtitles::vx_c00038_p01_plr_v03,No es un campamento enano. Esto son antiguas marcas de los montaraces.,
Subtitles::vx_c00038_p01_plr_v04,No es un campamento enano. Esto son antiguas marcas de los montaraces.,
Subtitles::vx_c00038_p01_plr_v05,No es un campamento enano. Esto son antiguas marcas de los montaraces.,
Subtitles::vx_c00038_p01_plr_v06,No es un campamento enano. Esto son antiguas marcas de los montaraces.,
Subtitles::vx_c00038_p01_plr_v07,No es un campamento enano. Esto son antiguas marcas de los montaraces.,
Subtitles::vx_c00038_p01_plr_v08,No es un campamento enano. Esto son antiguas marcas de los montaraces.,
Subtitles::vx_c00091_p02_plr_v01,"Esta no es tu casa, dragona.",
Subtitles::vx_c00091_p02_plr_v02,"Esta no es tu casa, dragona.",
Subtitles::vx_c00091_p02_plr_v03,"Esta no es tu casa, dragona.",
Subtitles::vx_c00091_p02_plr_v04,"Esta no es tu casa, dragona.",
Subtitles::vx_c00091_p02_plr_v05,"Esta no es tu casa, dragona.",
Subtitles::vx_c00091_p02_plr_v06,"Esta no es tu casa, dragona.",
Subtitles::vx_c00091_p02_plr_v07,"Esta no es tu casa, dragona.",
Subtitles::vx_c00091_p02_plr_v08,"Esta no es tu casa, dragona.",
Subtitles::vx_c00400_p02_plr_v01,Esta se ha convertido en mi caverna favorita.,
Subtitles::vx_c00456_p01_plr_v05,Esto es precioso.,
Subtitles::vx_c00460_p01_plr_v01,Esto es especial.,
Subtitles::vx_c00518_p01_plr_v03,Qué maravilla.,
Subtitles::vx_c00461_p01_plr_v01,Esto parece un puesto avanzado de la Compañía de Balin.,
Subtitles::vx_c00461_p01_plr_v02,Esto parece un puesto avanzado de la Compañía de Balin.,
Subtitles::vx_c00461_p01_plr_v03,Esto parece un puesto avanzado de la Compañía de Balin.,
Subtitles::vx_c00461_p01_plr_v04,Esto parece un puesto avanzado de la Compañía de Balin.,
Subtitles::vx_c00461_p01_plr_v05,Esto parece un puesto avanzado de la Compañía de Balin.,
Subtitles::vx_c00461_p01_plr_v06,Esto parece un puesto avanzado de la Compañía de Balin.,
Subtitles::vx_c00461_p01_plr_v07,Esto parece un puesto avanzado de la Compañía de Balin.,
Subtitles::vx_c00461_p01_plr_v08,Esto parece un puesto avanzado de la Compañía de Balin.,
Subtitles::vx_c00530_p01_plr_v05,La comida se ha echado a perder.,
Subtitles::vx_c00530_p01_plr_v01,La comida se ha echado a perder.,
Subtitles::vx_c00530_p01_plr_v02,La comida se ha echado a perder.,
Subtitles::vx_c00530_p01_plr_v03,La comida se ha echado a perder.,
Subtitles::vx_c00530_p01_plr_v04,La comida se ha echado a perder.,
Subtitles::vx_c00530_p01_plr_v06,La comida se ha echado a perder.,
Subtitles::vx_c00530_p01_plr_v07,La comida se ha echado a perder.,
Subtitles::vx_c00530_p01_plr_v08,La comida se ha echado a perder.,
Subtitles::vx_c00483_p01_plr_v08,Esta neblina lo oxidará todo.,
Subtitles::vx_c00483_p01_plr_v01,Esta neblina me oxidará hasta los huesos.,
Subtitles::vx_c00130_p02_plr_v01,"No puedes ocupar esta montaña. Márchate, sirvienta de Sauron.",
Subtitles::vx_c00130_p02_plr_v02,"No puedes ocupar esta montaña. Márchate, sirvienta de Sauron.",
Subtitles::vx_c00130_p02_plr_v03,"No puedes ocupar esta montaña. Márchate, sirvienta de Sauron.",
Subtitles::vx_c00130_p02_plr_v04,"No puedes ocupar esta montaña. Márchate, sirvienta de Sauron.",
Subtitles::vx_c00130_p02_plr_v05,"No puedes ocupar esta montaña. Márchate, sirvienta de Sauron.",
Subtitles::vx_c00130_p02_plr_v06,"No puedes ocupar esta montaña. Márchate, sirvienta de Sauron.",
Subtitles::vx_c00130_p02_plr_v07,"No puedes ocupar esta montaña. Márchate, sirvienta de Sauron.",
Subtitles::vx_c00130_p02_plr_v08,"No puedes ocupar esta montaña. Márchate, sirvienta de Sauron.",
Subtitles::vx_c00572_p01_plr_v01,Esta montaña es nuestra.,
Subtitles::vx_c00572_p01_plr_v02,Esta montaña es nuestra.,
Subtitles::vx_c00572_p01_plr_v03,Esta montaña es nuestra.,
Subtitles::vx_c00572_p01_plr_v04,Esta montaña es nuestra.,
Subtitles::vx_c00572_p01_plr_v05,Esta montaña es nuestra.,
Subtitles::vx_c00572_p01_plr_v06,Esta montaña es nuestra.,
Subtitles::vx_c00572_p01_plr_v07,Esta montaña es nuestra.,
Subtitles::vx_c00572_p01_plr_v08,Esta montaña es nuestra.,
Subtitles::vx_c00347_p01_plr_v05,Esta debe ser la antigua ruta de los peregrinos que mencionó Aric.,
Subtitles::vx_c00347_p01_plr_v01,Esta debe ser la antigua ruta de los peregrinos de la que hablaba Aric.,
Subtitles::vx_c00347_p01_plr_v02,Esta debe ser la antigua ruta de los peregrinos de la que hablaba Aric.,
Subtitles::vx_c00347_p01_plr_v03,Esta debe ser la antigua ruta de los peregrinos de la que hablaba Aric.,
Subtitles::vx_c00347_p01_plr_v04,Esta debe ser la antigua ruta de los peregrinos de la que hablaba Aric.,
Subtitles::vx_c00347_p01_plr_v06,Esta debe ser la antigua ruta de los peregrinos de la que hablaba Aric.,
Subtitles::vx_c00347_p01_plr_v07,Esta debe ser la antigua ruta de los peregrinos de la que hablaba Aric.,
Subtitles::vx_c00347_p01_plr_v08,Esta debe ser la antigua ruta de los peregrinos de la que hablaba Aric.,
Subtitles::vx_c00555_p01_plr_v03,Este está acabado.,
Subtitles::vx_c00347_p02_plr_v03,Este lugar parece bastante salvaje.,
Subtitles::vx_c00456_p01_plr_v08,Este lugar es maravilloso.,
Subtitles::vx_c00384_p03_plr_v01,"Algún día, los enanos volverán a poblar este lugar.",
Subtitles::vx_c00384_p03_plr_v02,"Algún día, los enanos volverán a poblar este lugar.",
Subtitles::vx_c00384_p03_plr_v03,"Algún día, los enanos volverán a poblar este lugar.",
Subtitles::vx_c00384_p03_plr_v05,"Algún día, los enanos volverán a poblar este lugar.",
Subtitles::vx_c00384_p03_plr_v06,"Algún día, los enanos volverán a poblar este lugar.",
Subtitles::vx_c00384_p03_plr_v07,"Algún día, los enanos volverán a poblar este lugar.",
Subtitles::vx_c00384_p03_plr_v08,"Algún día, los enanos volverán a poblar este lugar.",
Subtitles::vx_c00432_p01_plr_v04,Este veneno me acabará matando.,
Subtitles::vx_c00024_p01_plr_v01,"Esta sombra es como la de la puerta maldita, pero viene de abajo.",
Subtitles::vx_c00024_p01_plr_v02,"Esta sombra es como la de la puerta maldita, pero viene de abajo.",
Subtitles::vx_c00024_p01_plr_v03,"Esta sombra es como la de la puerta maldita, pero viene de abajo.",
Subtitles::vx_c00024_p01_plr_v04,"Esta sombra es como la de la puerta maldita, pero viene de abajo.",
Subtitles::vx_c00024_p01_plr_v05,"Esta sombra es como la de la puerta maldita, pero viene de abajo.",
Subtitles::vx_c00024_p01_plr_v06,"Esta sombra es como la de la puerta maldita, pero viene de abajo.",
Subtitles::vx_c00024_p01_plr_v07,"Esta sombra es como la de la puerta maldita, pero viene de abajo.",
Subtitles::vx_c00024_p01_plr_v08,"Esta sombra es como la de la puerta maldita, pero viene de abajo.",
Subtitles::vx_c00380_p01_plr_v01,Otrora este fue el trono de Balin. Y ahora... es una tumba entre ruinas.,
Subtitles::vx_c00380_p01_plr_v02,Otrora este fue el trono de Balin. Y ahora... es una tumba entre ruinas.,
Subtitles::vx_c00380_p01_plr_v03,Otrora este fue el trono de Balin. Y ahora... es una tumba entre ruinas.,
Subtitles::vx_c00380_p01_plr_v04,Otrora este fue el trono de Balin. Y ahora... es una tumba entre ruinas.,
Subtitles::vx_c00380_p01_plr_v05,Otrora este fue el trono de Balin. Y ahora... es una tumba entre ruinas.,
Subtitles::vx_c00380_p01_plr_v06,Otrora este fue el trono de Balin. Y ahora... es una tumba entre ruinas.,
Subtitles::vx_c00380_p01_plr_v07,Otrora este fue el trono de Balin. Y ahora... es una tumba entre ruinas.,
Subtitles::vx_c00380_p01_plr_v08,Otrora este fue el trono de Balin. Y ahora... es una tumba entre ruinas.,
Subtitles::vx_c00448_p01_plr_v03,Esto me vendrá genial.,
Subtitles::vx_c00458_p01_plr_v04,Esto me vendrá genial.,
Subtitles::vx_c00090_p10_rav_v01,Thorin y Gimli esperarán en el Lago Espejo. Hasta que mates a la dragona y encuentres la piedra khazâd. Ve con cuidado.,
Subtitles::vx_c00344_p01_plr_v03,¿Thorongil? Es uno de los antiguos nombres de Aragorn. ¿Qué hacía él en Moria?,
Subtitles::vx_c00344_p01_plr_v04,¿Thorongil? Es uno de los antiguos nombres de Aragorn. ¿Qué hacía él en Moria?,
Subtitles::vx_c00344_p01_plr_v01,¿Thorongil? Es uno de los antiguos nombres de Aragorn. ¿Qué hacía él en Moria?,
Subtitles::vx_c00344_p01_plr_v02,¿Thorongil? Es uno de los antiguos nombres de Aragorn. ¿Qué hacía él en Moria?,
Subtitles::vx_c00344_p01_plr_v05,¿Thorongil? Es uno de los antiguos nombres de Aragorn. ¿Qué hacía él en Moria?,
Subtitles::vx_c00344_p01_plr_v06,¿Thorongil? Es uno de los antiguos nombres de Aragorn. ¿Qué hacía él en Moria?,
Subtitles::vx_c00344_p01_plr_v07,¿Thorongil? Es uno de los antiguos nombres de Aragorn. ¿Qué hacía él en Moria?,
Subtitles::vx_c00344_p01_plr_v08,¿Thorongil? Es uno de los antiguos nombres de Aragorn. ¿Qué hacía él en Moria?,
Subtitles::vx_c00350_p02_plr_v06,Esas criaturas del mal y de la sombra conocerán su final hoy.,
Subtitles::vx_c00062_p01_nato_v02,Mira todos esos orcos… Ya sabes qué hacer.,
Subtitles::vx_c00032_p02_plr_v04,Es increíble pensar en las maravillas que se habrán forjado aquí.,
Subtitles::vx_c00135_p01_plr_v01,Por aquí.,
Subtitles::vx_c00135_p01_plr_v02,Por aquí.,
Subtitles::vx_c00135_p01_plr_v03,Por aquí.,
Subtitles::vx_c00135_p01_plr_v04,Por aquí.,
Subtitles::vx_c00135_p01_plr_v05,Por aquí.,
Subtitles::vx_c00135_p01_plr_v06,Por aquí.,
Subtitles::vx_c00135_p01_plr_v07,Por aquí.,
Subtitles::vx_c00135_p01_plr_v08,Por aquí.,
Subtitles::vx_c00076_p01_plr_v06,"Un toque por aquí, otro por allá y listo.",
Subtitles::vx_c00359_p02_plr_v01,Hasta que Durin despierte de su letargo.,
Subtitles::vx_c00359_p02_plr_v02,Hasta que Durin despierte de su letargo.,
Subtitles::vx_c00359_p02_plr_v03,Hasta que Durin despierte de su letargo.,
Subtitles::vx_c00359_p02_plr_v04,Hasta que Durin despierte de su letargo.,
Subtitles::vx_c00359_p02_plr_v05,Hasta que Durin despierte de su letargo.,
Subtitles::vx_c00359_p02_plr_v06,Hasta que Durin despierte de su letargo.,
Subtitles::vx_c00359_p02_plr_v07,Hasta que Durin despierte de su letargo.,
Subtitles::vx_c00359_p02_plr_v08,Hasta que Durin despierte de su letargo.,
Subtitles::vx_c00495_p01_plr_v01,Hasta que Durin despierte de su letargo.,
Subtitles::vx_c00495_p01_plr_v02,Hasta que Durin despierte de su letargo.,
Subtitles::vx_c00495_p01_plr_v03,Hasta que Durin despierte de su letargo.,
Subtitles::vx_c00495_p01_plr_v04,Hasta que Durin despierte de su letargo.,
Subtitles::vx_c00495_p01_plr_v05,Hasta que Durin despierte de su letargo.,
Subtitles::vx_c00495_p01_plr_v06,Hasta que Durin despierte de su letargo.,
Subtitles::vx_c00495_p01_plr_v07,Hasta que Durin despierte de su letargo.,
Subtitles::vx_c00495_p01_plr_v08,Hasta que Durin despierte de su letargo.,
Subtitles::vx_c00414_p01_plr_v07,"¿Hora de picar? Sí, hora de echarse algo a la boca.",
Subtitles::vx_c00581_p01_plr_v01,¡Hora de sacar la inmundicia de aquí!,
Subtitles::vx_c00581_p01_plr_v02,¡Hora de sacar la inmundicia de aquí!,
Subtitles::vx_c00581_p01_plr_v03,¡Hora de sacar la inmundicia de aquí!,
Subtitles::vx_c00581_p01_plr_v04,¡Hora de sacar la inmundicia de aquí!,
Subtitles::vx_c00581_p01_plr_v05,¡Hora de sacar la inmundicia de aquí!,
Subtitles::vx_c00581_p01_plr_v06,¡Hora de sacar la inmundicia de aquí!,
Subtitles::vx_c00581_p01_plr_v07,¡Hora de sacar la inmundicia de aquí!,
Subtitles::vx_c00581_p01_plr_v08,¡Hora de sacar la inmundicia de aquí!,
Subtitles::vx_c00633_p01_gun_v01,Hora de cazar.,
Subtitles::vx_c00633_p01_gun_v02,Hora de cazar.,
Subtitles::vx_c00406_p03_plr_v01,Hora de crear mis propias armas de mithril.,
Subtitles::vx_c00406_p03_plr_v02,Hora de crear mis propias armas de mithril.,
Subtitles::vx_c00406_p03_plr_v03,Hora de crear mis propias armas de mithril.,
Subtitles::vx_c00406_p03_plr_v04,Hora de crear mis propias armas de mithril.,
Subtitles::vx_c00406_p03_plr_v05,Hora de crear mis propias armas de mithril.,
Subtitles::vx_c00406_p03_plr_v06,Hora de crear mis propias armas de mithril.,
Subtitles::vx_c00406_p03_plr_v07,Hora de crear mis propias armas de mithril.,
Subtitles::vx_c00406_p03_plr_v08,Hora de crear mis propias armas de mithril.,
Subtitles::vx_c00082_p01_plr_v07,Hora de ensartar orcos.,
Subtitles::vx_c00445_p01_plr_v03,Por el señor Gimli.,
Subtitles::vx_c00445_p01_plr_v02,Por nosotros.,
Subtitles::vx_c00445_p01_plr_v05,"Por las aventuras y los triunfos. Ja, ja.",
Subtitles::vx_c00408_p02_plr_v01,Y pensar que Durin el Inmortal se despertó con esta piedra.,
Subtitles::vx_c00180_p01_gun_v01,Le dije a Grubna que venir aquí era mala idea.,
Subtitles::vx_c00180_p01_gun_v02,Le dije a Moglug que no deberíamos haber venido aquí.,
Subtitles::vx_c00434_p01_plr_v07,Me quemo. Me quemo.,
Subtitles::vx_c00051_p01_gmen_v01,Aquí hay demasiados orcos cabeza hueca. No me extraña que Saruman nos mejorase.,
Subtitles::vx_c00139_p02_deepg_v02,Hay demasiados. No deberían estar aquí abajo.,
Subtitles::vx_c00139_p02_deepo_v02,Hay demasiados. No deberían estar aquí abajo.,
Subtitles::vx_c00432_p01_plr_v01,Demasiado veneno. Ya empiezo a notarlo.,
Subtitles::vx_c00422_p01_plr_v05,Cuánto cansancio.,
Subtitles::vx_c00362_p03_plr_v01,"Siguiendo la tradición, los enanos debemos beber del conocimiento que este lugar alberga. ¡Vamos a por ello!",
Subtitles::vx_c00362_p03_plr_v02,"Siguiendo la tradición, los enanos debemos beber del conocimiento que este lugar alberga. Vamos a por ello.",
Subtitles::vx_c00362_p03_plr_v03,"Siguiendo la tradición, los enanos debemos beber del conocimiento que este lugar alberga. Vamos a por ello.",
Subtitles::vx_c00362_p03_plr_v04,"Siguiendo la tradición, los enanos debemos beber del conocimiento que este lugar alberga. Vamos a por ello.",
Subtitles::vx_c00362_p03_plr_v05,"Siguiendo la tradición, los enanos debemos beber del conocimiento que este lugar alberga. Vamos a por ello.",
Subtitles::vx_c00362_p03_plr_v06,"Siguiendo la tradición, los enanos debemos beber del conocimiento que este lugar alberga. Vamos a por ello.",
Subtitles::vx_c00362_p03_plr_v07,"Siguiendo la tradición, los enanos debemos beber del conocimiento que este lugar alberga. Vamos a por ello.",
Subtitles::vx_c00362_p03_plr_v08,"Siguiendo la tradición, los enanos debemos beber del conocimiento que este lugar alberga. Vamos a por ello.",
Subtitles::vx_c00232_p01_shdw_v01,Estáis atrapados.,
Subtitles::vx_c00232_p01_shdw_v02,Estáis atrapados.,
Subtitles::vx_c00264_p01_gmen_v01,Machacadlo todo.,
Subtitles::vx_c00264_p01_gmen_v02,Machacadlo todo.,
Subtitles::vx_c00264_p01_redo_v01,Machacadlo todo.,
Subtitles::vx_c00264_p01_redo_v02,Machacadlo todo.,
Subtitles::vx_c00264_p01_redu_v01,Machacadlo todo.,
Subtitles::vx_c00264_p01_redu_v02,Machacadlo todo.,
Subtitles::vx_c00537_p01_plr_v01,Un troll. ¿Nos ha visto?,
Subtitles::vx_c00537_p01_plr_v02,Un troll. ¿Nos ha visto?,
Subtitles::vx_c00537_p01_plr_v03,Un troll. ¿Nos ha visto?,
Subtitles::vx_c00537_p01_plr_v05,Un troll. ¿Nos ha visto?,
Subtitles::vx_c00537_p01_plr_v06,Un troll. ¿Nos ha visto?,
Subtitles::vx_c00537_p01_plr_v07,Un troll. ¿Nos ha visto?,
Subtitles::vx_c00537_p01_plr_v08,Un troll. ¿Nos ha visto?,
Subtitles::vx_c00112_p03_king_v01,[gruñido] ¿Troll? Los olog-hai no somos simples trolls: ¡somos los reyes de la piedra y la roca! ¿No os gusta lo que he hecho con este lugar?,
Subtitles::vx_c00414_p01_plr_v08,Mi barriga dice que ya es hora de comer.,
Subtitles::vx_c00417_p01_plr_v05,"Uf, tengo un hambre voraz.",
Subtitles::vx_c00418_p01_plr_v05,"Uf, necesito comida. Ya no puedo ni pensar.",
Subtitles::vx_c00440_p01_plr_v05,"Uy. Puf, volvamos a intentarlo.",
Subtitles::vx_c00345_p02_plr_v04,"Arriba, abajo… Para mí, es lo mismo.",
Subtitles::vx_c00531_p01_plr_v01,Puaj. Esta comida huele a pies de trolls.,
Subtitles::vx_c00531_p01_plr_v02,Puaj. Esta comida huele a pies de trolls.,
Subtitles::vx_c00531_p01_plr_v03,Puaj. Esta comida huele a pies de trolls.,
Subtitles::vx_c00531_p01_plr_v04,Puaj. Esta comida huele a pies de trolls.,
Subtitles::vx_c00531_p01_plr_v06,Puaj. Esta comida huele a pies de trolls.,
Subtitles::vx_c00531_p01_plr_v08,Puaj. Esta comida huele a pies de trolls.,
Subtitles::vx_c00052_p01_gmen_v02,Aj… ¿Pero quién querría vivir aquí?,
Subtitles::vx_c00485_p01_plr_v06,Cuánta oscuridad. Nada que una antorcha no pueda solucionar.,
Subtitles::vx_c00579_p01_plr_v01,Blande tu arma en otra parte.,
Subtitles::vx_c00579_p01_plr_v02,Blande tu arma en otra parte.,
Subtitles::vx_c00579_p01_plr_v04,Blande tu arma en otra parte.,
Subtitles::vx_c00579_p01_plr_v05,Blande tu arma en otra parte.,
Subtitles::vx_c00579_p01_plr_v06,Blande tu arma en otra parte.,
Subtitles::vx_c00579_p01_plr_v07,Blande tu arma en otra parte.,
Subtitles::vx_c00579_p01_plr_v08,Blande tu arma en otra parte.,
Subtitles::vx_c00735_p02_nato_v02,Hay que esperar a los demás. Órdenes del jefe. Esperaremos a la horda.,
Subtitles::vx_c00032_p02_plr_v08,A mi abuela le va a encantar esto. Siempre ha sido amiga de los elfos.,
Subtitles::vx_c00539_p01_plr_v01,Huargos.,
Subtitles::vx_c00539_p01_plr_v02,Huargos.,
Subtitles::vx_c00539_p01_plr_v03,Huargos.,
Subtitles::vx_c00539_p01_plr_v04,Huargos.,
Subtitles::vx_c00539_p01_plr_v05,Huargos.,
Subtitles::vx_c00539_p01_plr_v06,Huargos.,
Subtitles::vx_c00539_p01_plr_v08,Huargos.,
Subtitles::vx_c00361_p02_plr_v04,¿La quitaron o es que la robaron?,
Subtitles::vx_c00408_p02_plr_v04,¿Esto fue lo primero en lo que trabajó Durin el Primero?,
Subtitles::vx_c00108_p01_plr_v01,Cuidado. Se sumerge.,
Subtitles::vx_c00108_p01_plr_v02,Cuidado. Se sumerge.,
Subtitles::vx_c00108_p01_plr_v03,Cuidado. Se sumerge.,
Subtitles::vx_c00108_p01_plr_v04,Cuidado. Se sumerge.,
Subtitles::vx_c00108_p01_plr_v05,Cuidado. Se sumerge.,
Subtitles::vx_c00108_p01_plr_v06,Cuidado. Se sumerge.,
Subtitles::vx_c00108_p01_plr_v07,Cuidado. Se sumerge.,
Subtitles::vx_c00108_p01_plr_v08,Cuidado. Se sumerge.,
Subtitles::vx_c00262_p01_deepg_v02,Cuidado.,
Subtitles::vx_c00262_p01_deepo_v01,Cuidado.,
Subtitles::vx_c00262_p01_deepo_v02,Cuidado.,
Subtitles::vx_c00262_p01_gmen_v01,Cuidado.,
Subtitles::vx_c00262_p01_gmen_v02,Cuidado.,
Subtitles::vx_c00262_p01_gun_v02,Cuidado.,
Subtitles::vx_c00262_p01_natg_v01,Cuidado.,
Subtitles::vx_c00262_p01_natg_v02,Cuidado.,
Subtitles::vx_c00262_p01_nato_v02,Cuidado.,
Subtitles::vx_c00262_p01_redo_v01,Cuidado.,
Subtitles::vx_c00262_p01_redo_v02,Cuidado.,
Subtitles::vx_c00262_p01_redu_v01,Cuidado.,
Subtitles::vx_c00262_p01_redu_v02,Cuidado.,
Subtitles::vx_c00262_p01_shdw_v02,Cuidado.,
Subtitles::vx_c00487_p01_plr_v04,Cuidado. Esta zona no es muy estable.,
Subtitles::vx_c00481_p01_plr_v01,Cuidado. Hay respiraderos de sombras por todas partes.,
Subtitles::vx_c00483_p01_plr_v04,Mucho ojo con la bruma oxidante. Es mordaz.,
Subtitles::vx_c00482_p01_plr_v07,Cuidado con los pozos de vapor.,
Subtitles::vx_c00480_p01_plr_v08,Cuidado. Hay veneno por aquí.,
Subtitles::vx_c00539_p01_plr_v07,Cuidado. Huargos.,
Subtitles::vx_c00488_p01_plr_v04,Mucho ojo con el rayo.,
Subtitles::vx_c00483_p01_plr_v06,Cuidado con la bruma oxidante. Es mordaz.,
Subtitles::vx_c00061_p03_nato_v02,Cuidado con esa lengua viperina.,
Subtitles::vx_c00145_p01_redo_v01,No estamos hechos para escondernos en la montaña.,
Subtitles::vx_c00145_p01_redu_v01,No estamos hechos para escondernos en la montaña.,
Subtitles::vx_c00063_p02_natg_v01,Ya lo hemos hecho.,
Subtitles::vx_c00092_p02_rav_v01,Estamos a salvo. Estamos salvados.,
Subtitles::vx_c00738_p01_nato_v02,Atacaremos pronto. Preparaos. Esperad a la señal.,
Subtitles::vx_c00318_p02_gmen_v01,Ya lo hemos hecho.,
Subtitles::vx_c00260_p01_gmen_v01,Esta noche nos espera un festín.,
Subtitles::vx_c00260_p01_gmen_v02,Esta noche nos espera un festín.,
Subtitles::vx_c00260_p01_gun_v02,Esta noche nos espera un festín.,
Subtitles::vx_c00260_p01_redo_v01,Esta noche nos espera un festín.,
Subtitles::vx_c00260_p01_redo_v02,Esta noche nos espera un festín.,
Subtitles::vx_c00260_p01_redu_v01,Esta noche nos espera un festín.,
Subtitles::vx_c00260_p01_redu_v02,Esta noche nos espera un festín.,
Subtitles::vx_c00538_p01_plr_v01,Orcos a la vista.,
Subtitles::vx_c00538_p01_plr_v02,Orcos a la vista.,
Subtitles::vx_c00538_p01_plr_v03,Orcos a la vista.,
Subtitles::vx_c00538_p01_plr_v04,Orcos a la vista.,
Subtitles::vx_c00538_p01_plr_v05,Orcos a la vista.,
Subtitles::vx_c00538_p01_plr_v06,Orcos a la vista.,
Subtitles::vx_c00538_p01_plr_v07,Orcos a la vista.,
Subtitles::vx_c00538_p01_plr_v08,Orcos a la vista.,
Subtitles::vx_c00320_p02_redo_v01,Acabamos de hacerlo.,
Subtitles::vx_c00399_p02_plr_v01,Debemos erradicar todo el mal de Moria.,
Subtitles::vx_c00360_p02_plr_v04,Debemos decírselo a los demás. Vamos.,
Subtitles::vx_c00611_p01_plr_v01,Debemos dar las gracias a Gandalf. El Flagelo de Durin no pudo ante su poder.,
Subtitles::vx_c00611_p01_plr_v02,Debemos dar las gracias a Gandalf. El Flagelo de Durin no pudo ante su poder.,
Subtitles::vx_c00611_p01_plr_v03,Debemos dar las gracias a Gandalf. El Flagelo de Durin no pudo ante su poder.,
Subtitles::vx_c00611_p01_plr_v04,Debemos dar las gracias a Gandalf. El Flagelo de Durin no pudo ante su poder.,
Subtitles::vx_c00611_p01_plr_v05,Debemos dar las gracias a Gandalf. El Flagelo de Durin no pudo ante su poder.,
Subtitles::vx_c00611_p01_plr_v06,Debemos dar las gracias a Gandalf. El Flagelo de Durin no pudo ante su poder.,
Subtitles::vx_c00611_p01_plr_v07,Debemos dar las gracias a Gandalf. El Flagelo de Durin no pudo ante su poder.,
Subtitles::vx_c00611_p01_plr_v08,Debemos dar las gracias a Gandalf. El Flagelo de Durin no pudo ante su poder.,
Subtitles::vx_c00389_p02_plr_v03,Le debemos muchísimo a los herreros de antaño.,
Subtitles::vx_c00396_p03_plr_v03,Pronto volveremos a celebrar el Día de Durin aquí. Con el mismísimo Durin.,
Subtitles::vx_c00384_p02_plr_v07,Devolveremos la luz a este lugar.,
Subtitles::vx_c00132_p01_drgn_v01,Seremos vuestra perdición.,
Subtitles::vx_c00131_p01_drgn_v01,Nos espera un festín de carne enana.,
Subtitles::vx_c00223_p01_redo_v01,"Te encontraremos, enano.",
Subtitles::vx_c00223_p01_redo_v02,"Te encontraremos, enano.",
Subtitles::vx_c00223_p01_redu_v01,"Te encontraremos, enano.",
Subtitles::vx_c00223_p01_redu_v02,"Te encontraremos, enano.",
Subtitles::vx_c00396_p03_plr_v01,Pronto volveremos a celebrar el Día de Durin aquí. Con el mismísimo Durin.,
Subtitles::vx_c00396_p03_plr_v02,Pronto volveremos a celebrar el Día de Durin aquí. Con el mismísimo Durin.,
Subtitles::vx_c00396_p03_plr_v04,Pronto volveremos a celebrar el Día de Durin aquí. Con el mismísimo Durin.,
Subtitles::vx_c00396_p03_plr_v05,Pronto volveremos a celebrar el Día de Durin aquí. Con el mismísimo Durin.,
Subtitles::vx_c00396_p03_plr_v06,Pronto volveremos a celebrar el Día de Durin aquí. Con el mismísimo Durin.,
Subtitles::vx_c00396_p03_plr_v07,Pronto volveremos a celebrar el Día de Durin aquí. Con el mismísimo Durin.,
Subtitles::vx_c00396_p03_plr_v08,Pronto volveremos a celebrar el Día de Durin aquí. Con el mismísimo Durin.,
Subtitles::vx_c00391_p02_plr_v04,La encontraremos. Seguro que sí.,
Subtitles::vx_c00057_p03_natg_v01,Recuperaremos lo que es nuestro. Bolgakh lo verá.,
Subtitles::vx_c00057_p03_nato_v01,Recuperaremos lo que es nuestro. Bolgakh lo verá.,
Subtitles::vx_c00391_p02_plr_v08,Lo recuperaremos. Volverá a su vieja gloria.,
Subtitles::vx_c00612_p01_natg_v01,Les atacaremos de noche...,
Subtitles::vx_c00612_p01_natg_v02,Les atacaremos de noche...,
Subtitles::vx_c000743_p01_nato_v01,"Os atraparemos. La próxima vez, os sacaremos las tripas.",
Subtitles::vx_c00743_p01_deepo_v01,"Os atraparemos. La próxima vez, os sacaremos las tripas.",
Subtitles::vx_c00743_p01_gmen_v01,"Os atraparemos. La próxima vez, os sacaremos las tripas.",
Subtitles::vx_c00743_p01_gmen_v02,"Os atraparemos. La próxima vez, os sacaremos las tripas.",
Subtitles::vx_c00743_p01_gun_v02,"Os atraparemos. La próxima vez, os sacaremos las tripas.",
Subtitles::vx_c00743_p01_nato_v02,"Os atraparemos. La próxima vez, os sacaremos las tripas.",
Subtitles::vx_c00743_p01_redu_v01,"Os atraparemos. La próxima vez, os sacaremos las tripas.",
Subtitles::vx_c00743_p01_redu_v02,"Os atraparemos. La próxima vez, os sacaremos las tripas.",
Subtitles::vx_c00721_p02_nato_v02,"Los mataremos para ti, jefe.",
Subtitles::vx_c00389_p02_plr_v05,Haremos que Telchar se enorgullezca de nosotros.,
Subtitles::vx_c00357_p02_plr_v06,Restauraremos la fragua y haremos que se sientan orgullosos.,
Subtitles::vx_c00047_p02_plr_v03,Entraremos en el Pozo Oscuro cargados de tesoros.,
Subtitles::vx_c00059_p03_natg_v02,Recuperaremos lo que es nuestro y los mataremos a todos.,
Subtitles::vx_c00059_p03_nato_v02,Recuperaremos lo que es nuestro y los mataremos a todos.,
Subtitles::vx_c00383_p02_plr_v06,Nos encargaremos de este «rey».,
Subtitles::vx_c00056_p01_natg_v01,Creo que tenemos compañía.,
Subtitles::vx_c00056_p01_nato_v01,Creo que tenemos compañía.,
Subtitles::vx_c00348_p02_plr_v06,"Solo vamos de paso, gracias a Durin.",
Subtitles::vx_c00152_p01_gun_v01,Estamos atrapados. No podemos pasar por las maldiciones.,
Subtitles::vx_c00178_p02_redu_v02,¿Tenemos capitán nuevo?,
Subtitles::vx_c00585_p01_plr_v01,El arma está a punto de romperse.,
Subtitles::vx_c00585_p01_plr_v02,El arma está a punto de romperse.,
Subtitles::vx_c00585_p01_plr_v03,El arma está a punto de romperse.,
Subtitles::vx_c00585_p01_plr_v04,El arma está a punto de romperse.,
Subtitles::vx_c00585_p01_plr_v05,El arma está a punto de romperse.,
Subtitles::vx_c00585_p01_plr_v06,El arma está a punto de romperse.,
Subtitles::vx_c00585_p01_plr_v07,El arma está a punto de romperse.,
Subtitles::vx_c00585_p01_plr_v08,El arma está a punto de romperse.,
Subtitles::vx_c00546_p01_plr_v01,A las armas. Oigo enemigos.,
Subtitles::vx_c00546_p01_plr_v02,A las armas. Oigo enemigos.,
Subtitles::vx_c00546_p01_plr_v03,A las armas. Oigo enemigos.,
Subtitles::vx_c00546_p01_plr_v04,A las armas. Oigo enemigos.,
Subtitles::vx_c00546_p01_plr_v05,A las armas. Oigo enemigos.,
Subtitles::vx_c00546_p01_plr_v06,A las armas. Oigo enemigos.,
Subtitles::vx_c00546_p01_plr_v07,A las armas. Oigo enemigos.,
Subtitles::vx_c00546_p01_plr_v08,A las armas. Oigo enemigos.,
Subtitles::vx_c00442_p01_plr_v06,Bienvenidos a las montañas.,
Subtitles::vx_c00486_p01_plr_v08,Esta luz sí que me gusta.,
Subtitles::vx_c00512_p01_plr_v07,"Bueno, como nuevo.",
Subtitles::vx_c00385_p03_plr_v07,"Bueno, los orcos nos están haciendo un favor matándose entre ellos.",
Subtitles::vx_c00460_p01_plr_v04,Menudo hallazgo.,
Subtitles::vx_c00460_p01_plr_v05,Qué delicia.,
Subtitles::vx_c00391_p02_plr_v06,Qué final tan horrible para Náin... Tuvo que tomar decisiones difíciles.,
Subtitles::vx_c00362_p02_plr_v02,Cuántas habilidades ancestrales podríamos encontrar aquí.,
Subtitles::vx_c00176_p01_redu_v01,¿Qué hacen aquí los enanos? Pensaba que se habían ido todos.,
Subtitles::vx_c00735_p01_natg_v02,¿A qué estamos esperando? Ataquemos.,
Subtitles::vx_c00358_p02_plr_v05,¿Pero qué les habrán hecho esas lámparas?,
Subtitles::vx_c00350_p02_plr_v08,¿Qué clase de fuerza maligna no es siquiera merecedora de un nombre?,
Subtitles::vx_c00085_p03_plr_v05,¿Qué ha pasado con el resto del campamento?,
Subtitles::vx_c00391_p02_plr_v05,¿Y si está en manos de la dragona?,
Subtitles::vx_c00378_p02_plr_v04,¿Qué hace un dragón en Moria?,
Subtitles::vx_c00221_p01_deepg_v02,¿Qué pasa? ¿Qué pasa?,
Subtitles::vx_c00032_p02_plr_v03,¿Qué clase de armas legendarias se habrán forjado aquí?,
Subtitles::vx_c00460_p01_plr_v06,Qué suerte la mía.,
Subtitles::vx_c00360_p02_plr_v08,¿Qué otros conocimientos hemos olvidado?,
Subtitles::vx_c00485_p01_plr_v03,¿Qué secretos encontraremos en la oscuridad?,
Subtitles::vx_c00220_p01_gmen_v01,¿Qué ha sido eso?,
Subtitles::vx_c00220_p01_gmen_v02,¿Qué ha sido eso?,
Subtitles::vx_c00469_p01_plr_v01,¿Qué me mostrarás?,
Subtitles::vx_c00469_p01_plr_v02,¿Qué me mostrarás?,
Subtitles::vx_c00469_p01_plr_v03,¿Qué me mostrarás?,
Subtitles::vx_c00469_p01_plr_v04,¿Qué me mostrarás?,
Subtitles::vx_c00469_p01_plr_v05,¿Qué me mostrarás?,
Subtitles::vx_c00469_p01_plr_v06,¿Qué me mostrarás?,
Subtitles::vx_c00469_p01_plr_v07,¿Qué me mostrarás?,
Subtitles::vx_c00469_p01_plr_v08,¿Qué me mostrarás?,
Subtitles::vx_c00085_p03_plr_v01,¿Qué ha pasado con el resto del campamento?,
Subtitles::vx_c00085_p03_plr_v02,¿Qué ha pasado con el resto del campamento?,
Subtitles::vx_c00085_p03_plr_v03,¿Qué ha pasado con el resto del campamento?,
Subtitles::vx_c00085_p03_plr_v04,¿Qué ha pasado con el resto del campamento?,
Subtitles::vx_c00085_p03_plr_v07,¿Qué ha pasado con el resto del campamento?,
Subtitles::vx_c00085_p03_plr_v08,¿Qué ha pasado con el resto del campamento?,
Subtitles::vx_c00085_p03_plr_v06,¿Qué ha pasado con el resto del campamento?,
Subtitles::vx_c00221_p01_natg_v01,¿Qué es eso?,
Subtitles::vx_c00221_p01_natg_v02,¿Qué es eso?,
Subtitles::vx_c00457_p01_plr_v01,¿Qué es esto?,
Subtitles::vx_c00457_p01_plr_v02,¿Qué es esto?,
Subtitles::vx_c00457_p01_plr_v03,¿Qué es esto?,
Subtitles::vx_c00457_p01_plr_v04,¿Qué es esto?,
Subtitles::vx_c00457_p01_plr_v05,¿Qué es esto?,
Subtitles::vx_c00457_p01_plr_v07,¿Qué es esto?,
Subtitles::vx_c00457_p01_plr_v08,¿Qué es esto?,
Subtitles::vx_c00399_p02_plr_v04,"Sea cual sea el mal al que sigan, su tiempo llega a su fin.",
Subtitles::vx_c00358_p02_plr_v01,"Son orcos. Hacen esas cosas. // Sean cuales sean sus motivos, no pueden ser buenos.",
Subtitles::vx_c00358_p02_plr_v08,"Sean cuales sean sus motivos, no pueden ser buenos.",
Subtitles::vx_c00185_p01_gun_v01,¿Cuándo vamos a salir de aquí?,
Subtitles::vx_c00185_p01_gun_v02,¿Cuándo podremos volver a nuestra montaña?,
Subtitles::vx_c00736_p01_nato_v01,¿Cuándo vamos a atacar? Quiero comer carne de enano.,
Subtitles::vx_c00179_p01_redo_v02,¿Cuándo comemos? No puedo con el alma.,
Subtitles::vx_c00064_p01_plr_v01,¿Quién es esa tal «ella» de la que tanto se quejan los orcos?,
Subtitles::vx_c00064_p01_plr_v02,¿Quién es esa tal «ella» de la que tanto se quejan los orcos?,
Subtitles::vx_c00064_p01_plr_v03,¿Quién es esa tal «ella» de la que tanto se quejan los orcos?,
Subtitles::vx_c00064_p01_plr_v04,¿Quién es esa tal «ella» de la que tanto se quejan los orcos?,
Subtitles::vx_c00064_p01_plr_v05,¿Quién es esa tal «ella» de la que tanto se quejan los orcos?,
Subtitles::vx_c00064_p01_plr_v06,¿Quién es esa tal «ella» de la que tanto se quejan los orcos?,
Subtitles::vx_c00064_p01_plr_v07,¿Quién es esa tal «ella» de la que tanto se quejan los orcos?,
Subtitles::vx_c00064_p01_plr_v08,¿Quién es esa tal «ella» de la que tanto se quejan los orcos?,
Subtitles::vx_c00319_p01_nato_v01,¿Quién se ha comido a Borgnag? Moledlo a palos.,
Subtitles::vx_c00315_p01_nato_v02,¿Quién se ha comido a Dugrot? Va a saber lo que es bueno.,
Subtitles::vx_c00330_p01_gmen_v02,¿Quién le ha comido la cara a Dungmar? Que sufra.,
Subtitles::vx_c00063_p01_nato_v01,¿Quién se ha comido a Gorslug? Moledlo a palos.,
Subtitles::vx_c00326_p01_deepo_v01,¿Quién se ha comido a Grotmog? Moledlo a palos.,
Subtitles::vx_c00329_p01_nato_v01,¿Quién se ha comido a Grugnuh? Moledlo a palos.,
Subtitles::vx_c00318_p01_nato_v01,¿Quién se ha comido a Lugsnot? Moledlo a palos.,
Subtitles::vx_c00328_p01_nato_v01,¿Quién se ha comido a Morgrat? Moledlo a palos.,
Subtitles::vx_c00318_p01_gmen_v01,¿Quién se ha comido a Ratmuk? Enseñadle una lección.,
Subtitles::vx_c00324_p01_gun_v01,¿Quién se ha comido a Snargot? Que sufra lo indecible.,
Subtitles::vx_c00331_p01_gmen_v02,¿Quién se ha comido a Ugnur? Moledlo a palos.,
Subtitles::vx_c00320_p01_redu_v02,¿Quién le ha comido las piernas a Ungbog? Enseñadle una lección.,
Subtitles::vx_c00319_p01_gmen_v01,¿Quién le ha roto el cuello a Snorbag? Que sufra.,
Subtitles::vx_c00317_p01_nato_v02,¿Quién ha masacrado a Durgnakh? Matadlo.,
Subtitles::vx_c00325_p01_gun_v01,¿Quién ha masacrado a Grung? Reventadlo a golpes.,
Subtitles::vx_c00322_p01_redu_v02,¿Quién ha masacrado a Nagrot? Que le queden cicatrices.,
Subtitles::vx_c00056_p02_natg_v02,¿Quién?,
Subtitles::vx_c00056_p02_nato_v02,¿Quién?,
Subtitles::vx_c00326_p01_deepo_v02,¿Quién se ha dado un atracón de Blug? Matadlo.,
Subtitles::vx_c00335_p01_gun_v02,¿Quién se ha dado un atracón de Rishga? ¿Quién? Matadlo.,
Subtitles::vx_c00327_p01_deepo_v02,¿Quién ha destripado a Bognar? Que sufra.,
Subtitles::vx_c00328_p01_gmen_v01,¿Quién ha destripado a Grishvag? Reventadlo a golpes.,
Subtitles::vx_c00323_p01_redu_v02,¿Quién ha destripado a Slobrot? Que sufra.,
Subtitles::vx_c00334_p01_gun_v02,"¿Quién ha destripado a Rungrat, eh? ¿Quién? Que le queden cicatrices.",
Subtitles::vx_c00318_p01_gmen_v02,¿Quién ha matado a Argrut? Merece una buena somanta.,
Subtitles::vx_c00063_p01_nato_v02,¿Quién ha matado a Lobnakh? Merece una buena somanta.,
Subtitles::vx_c00321_p01_redu_v02,¿Quién ha matado a Mungburz? Merece una buena somanta.,
Subtitles::vx_c00316_p01_nato_v02,¿Quién ha matado a Uftlug? Merece una buena somanta.,
Subtitles::vx_c00339_p01_deepo_v02,¿Quién ha matado a Uftluk? Reventadlo a golpes.,
Subtitles::vx_c00332_p01_gun_v01,¿Quién ha matado a Ugnash? Merece una buena somanta.,
Subtitles::vx_c00324_p01_gun_v02,¿Quién ha despellejado a Lurg? Enseñadle una lección.,
Subtitles::vx_c00319_p01_gmen_v02,¿Quién ha despellejado a Motnagh? Que no sobreviva.,
Subtitles::vx_c00327_p01_deepo_v01,¿Quién ha despellejado a Nograshk? Merece una buena somanta.,
Subtitles::vx_c00338_p01_deepo_v02,¿Quién le ha rebanado el cuello a Scugma? Reventadlo a golpes.,
Subtitles::vx_c00325_p01_gun_v02,¿Quién le ha partido el pescuezo a Grotlug? Moledlo a palos.,
Subtitles::vx_c00336_p01_deepo_v01,¿Quién le ha partido las piernas a Mungrot? Que no sobreviva.,
Subtitles::vx_c00337_p01_deepo_v01,¿Quién ha apuñalado a Argnash? Dadle un buen susto.,
Subtitles::vx_c00329_p01_gmen_v01,¿Quién ha apuñalado a Nagrot? Matadlo.,
Subtitles::vx_c00333_p01_gun_v01,¿Quién ha apuñalado a Rustnakh? Matadlo.,
Subtitles::vx_c00064_p02_plr_v01,"Sea quién sea, los tiene aterrorizados.",
Subtitles::vx_c00358_p01_plr_v01,¿Por qué esos orcos solo destruyen lámparas de Durin?,
Subtitles::vx_c00358_p01_plr_v03,¿Por qué esos orcos solo destruyen lámparas de Durin?,
Subtitles::vx_c00358_p01_plr_v07,¿Por qué esos orcos solo destruyen lámparas de Durin?,
Subtitles::vx_c00358_p01_plr_v08,¿Por qué esos orcos solo destruyen lámparas de Durin?,
Subtitles::vx_c00358_p01_plr_v02,¿Por qué esos orcos solo destruyen lámparas de Durin?,
Subtitles::vx_c00358_p01_plr_v04,¿Por qué esos orcos solo destruyen lámparas de Durin?,
Subtitles::vx_c00358_p01_plr_v05,¿Por qué esos orcos solo destruyen lámparas de Durin?,
Subtitles::vx_c00358_p01_plr_v06,¿Por qué esos orcos solo destruyen lámparas de Durin?,
Subtitles::vx_c00360_p02_plr_v05,¿Cómo pudimos olvidar esto?,
Subtitles::vx_c00185_p02_gun_v01,¿Y por qué me lo preguntas a mí?,
Subtitles::vx_c00160_p01_gmen_v02,Por qué vendría yo aquí.,
Subtitles::vx_c00622_p01_natg_v01,¿Por qué tengo que hacer esto?,
Subtitles::vx_c00622_p01_natg_v02,¿Por qué tengo que hacer esto?,
Subtitles::vx_c00428_p01_plr_v08,¡¿Por qué hace tanto frío?!,
Subtitles::vx_c00488_p01_plr_v08,¡¿Por qué caen rayos dentro de la montaña?!,
Subtitles::vx_c00174_p01_redo_v01,"Sin Mordor, estamos condenados a pudrirnos en este pozo.",
Subtitles::vx_c00174_p01_redu_v01,"Sin Mordor, este pozo es todo lo que nos queda.",
Subtitles::vx_c00013_p07_plr_v05,"Con suerte, saldremos por la Puerta del Valle del Arroyo Sombrío. Hasta entonces, tendremos que enfrentarnos a la larga oscuridad de Moria.",
Subtitles::vx_c00013_p07_plr_v01,"Con suerte, saldremos por la Puerta del Valle del Arroyo Sombrío. Hasta entonces, tendremos que enfrentarnos a la larga oscuridad de Moria.",
Subtitles::vx_c00013_p07_plr_v02,"Con suerte, saldremos por la Puerta del Valle del Arroyo Sombrío. Hasta entonces, tendremos que enfrentarnos a la larga oscuridad de Moria.",
Subtitles::vx_c00013_p07_plr_v03,"Con suerte, saldremos por la Puerta del Valle del Arroyo Sombrío. Hasta entonces, tendremos que enfrentarnos a la larga oscuridad de Moria.",
Subtitles::vx_c00013_p07_plr_v04,"Con suerte, saldremos por la Puerta del Valle del Arroyo Sombrío. Hasta entonces, tendremos que enfrentarnos a la larga oscuridad de Moria.",
Subtitles::vx_c00013_p07_plr_v06,"Con suerte, saldremos por la Puerta del Valle del Arroyo Sombrío. Hasta entonces, tendremos que enfrentarnos a la larga oscuridad de Moria.",
Subtitles::vx_c00013_p07_plr_v07,"Con suerte, saldremos por la Puerta del Valle del Arroyo Sombrío. Hasta entonces, tendremos que enfrentarnos a la larga oscuridad de Moria.",
Subtitles::vx_c00013_p07_plr_v08,"Con suerte, saldremos por la Puerta del Valle del Arroyo Sombrío. Hasta entonces, tendremos que enfrentarnos a la larga oscuridad de Moria.",
Subtitles::vx_c00506_p01_plr_v02,Tomaaa. Canta esa canción.,
Subtitles::vx_c00500_p01_plr_v01,Yujuuu. Sí.,
Subtitles::vx_c00500_p01_plr_v05,Yujuuu. Sí.,
Subtitles::vx_c00500_p01_plr_v06,Yujuuu. Sí.,
Subtitles::vx_c00500_p01_plr_v07,Yujuuu. Sí.,
Subtitles::vx_c00500_p01_plr_v08,Yujuuu. Sí.,
Subtitles::vx_c00623_p01_redu_v01,Trabajad más rápido.,
Subtitles::vx_c00623_p01_redu_v02,Trabajad más rápido.,
Subtitles::vx_c00542_p01_plr_v01,Gusanos.,
Subtitles::vx_c00542_p01_plr_v02,Gusanos.,
Subtitles::vx_c00542_p01_plr_v03,Gusanos.,
Subtitles::vx_c00542_p01_plr_v05,Gusanos.,
Subtitles::vx_c00542_p01_plr_v06,Gusanos.,
Subtitles::vx_c00542_p01_plr_v07,Gusanos.,
Subtitles::vx_c00542_p01_plr_v08,Gusanos.,
Subtitles::vx_c00456_p01_plr_v02,Mirad este sitio.,
Subtitles::vx_c00264_p01_deepg_v02,Rompedlo todo.,
Subtitles::vx_c00264_p01_deepo_v01,Rompedlo todo.,
Subtitles::vx_c00264_p01_deepo_v02,Rompedlo todo.,
Subtitles::vx_c00264_p01_nato_v02,Rompedlo todo.,
Subtitles::vx_c00264_p01_shdw_v02,Rompedlo todo.,
Subtitles::vx_c00264_p01_natg_v01,Rompedlo. Rompedlo.,
Subtitles::vx_c00264_p01_natg_v02,Rompedlo. Rompedlo.,
Subtitles::vx_c00450_p01_plr_v07,"Sí, yo puedo arreglar esto.",
Subtitles::vx_c00263_p01_gun_v02,"Sí, ja, ja. Qué bien sienta destrozar las cosas de los enanos.",
Subtitles::vx_c00263_p01_gun_v01,"Oh, sí. Qué bien sienta destrozar las cosas de los enanos.",
Subtitles::vx_c00147_p02_redo_v02,Sí. Eso no son más que mentiras élficas.,
Subtitles::vx_c00147_p02_redu_v02,Sí. Eso no son más que mentiras élficas.,
Subtitles::vx_c00208_p01_tro_v01,Qué bien hueles.,
Subtitles::vx_c00454_p01_plr_v08,"Ay, un camino nuevo.",
Subtitles::vx_c00264_p01_gun_v02,Sí. Machacadlo todo.,
Subtitles::vx_c00089_p07_plr_v01,Dime.,
Subtitles::vx_c00089_p07_plr_v02,Dime.,
Subtitles::vx_c00089_p07_plr_v03,Dime.,
Subtitles::vx_c00089_p07_plr_v04,Dime.,
Subtitles::vx_c00089_p07_plr_v05,Dime.,
Subtitles::vx_c00089_p07_plr_v06,Dime.,
Subtitles::vx_c00089_p07_plr_v07,Dime.,
Subtitles::vx_c00089_p07_plr_v08,Dime.,
Subtitles::vx_c00104_p01_bolg_v01,Estúpidos enanos. Siempre habrá orcos en Moria.,
Subtitles::vx_c00243_p01_gun_v01,Malditos gusanos de Mordor.,
Subtitles::vx_c00243_p01_gun_v02,Malditos gusanos de Mordor.,
Subtitles::vx_c00130_p06_plr_v01,Estás destruyendo <Subtitle.Italic>Khazad-dûm</>.,
Subtitles::vx_c00130_p06_plr_v02,Estás destruyendo <Subtitle.Italic>Khazad-dûm</>.,
Subtitles::vx_c00130_p06_plr_v03,Estás destruyendo <Subtitle.Italic>Khazad-dûm</>.,
Subtitles::vx_c00130_p06_plr_v04,Estás destruyendo <Subtitle.Italic>Khazad-dûm</>.,
Subtitles::vx_c00130_p06_plr_v05,Estás destruyendo <Subtitle.Italic>Khazad-dûm</>.,
Subtitles::vx_c00130_p06_plr_v06,Estás destruyendo <Subtitle.Italic>Khazad-dûm</>.,
Subtitles::vx_c00130_p06_plr_v07,Estás destruyendo <Subtitle.Italic>Khazad-dûm</>.,
Subtitles::vx_c00130_p06_plr_v08,Estás destruyendo <Subtitle.Italic>Khazad-dûm</>.,
Subtitles::vx_c00558_p01_plr_v03,No ha pasado nada. Ponte en pie.,
Subtitles::vx_c00086_p02_rav_v01,Estás bien. ¿No hay maldiciones?,
Subtitles::vx_c00253_p01_tro_v01,Desgraciado. Vas a morir.,
Subtitles::vx_c00115_p01_king_v01,Arrodíllate ante mí o muere.,
Subtitles::vx_c00242_p01_redo_v02,¿Y vosotros os hacéis llamar orcos?,
Subtitles::vx_c00242_p01_redo_v01,¿Y vosotros os hacéis llamar orcos?,
Subtitles::vx_c00232_p01_gun_v02,No escaparéis.,
Subtitles::vx_c00061_p02_natg_v01,No me digas lo que tengo que hacer. No eres mi jefe.,
Subtitles::vx_c00061_p02_natg_v02,No me digas lo que tengo que hacer.,
Subtitles::vx_c00304_p01_drgn_v01,No puedes matarme.,
Subtitles::vx_c00133_p01_drgn_v01,¿Cómo os atrevéis a destruir a mis bestias? Os mataré.,
Subtitles::vx_c00124_p04_plr_v01,Has profanado la estirpe de los enanos y las mismísimas piedras de estas montañas. Te ordeno que te marches...,
Subtitles::vx_c00124_p04_plr_v02,Has profanado la estirpe de los enanos y las mismísimas piedras de estas montañas. Te ordeno que te marches...,
Subtitles::vx_c00124_p04_plr_v03,Has profanado la estirpe de los enanos y las mismísimas piedras de estas montañas. Te ordeno que te marches...,
Subtitles::vx_c00124_p04_plr_v04,Has profanado la estirpe de los enanos y las mismísimas piedras de estas montañas. Te ordeno que te marches...,
Subtitles::vx_c00124_p04_plr_v05,Has profanado la estirpe de los enanos y las mismísimas piedras de estas montañas. Te ordeno que te marches...,
Subtitles::vx_c00124_p04_plr_v06,Has profanado la estirpe de los enanos y las mismísimas piedras de estas montañas. Te ordeno que te marches...,
Subtitles::vx_c00124_p04_plr_v07,Has profanado la estirpe de los enanos y las mismísimas piedras de estas montañas. Te ordeno que te marches...,
Subtitles::vx_c00124_p04_plr_v08,Has profanado la estirpe de los enanos y las mismísimas piedras de estas montañas. Te ordeno que te marches...,
Subtitles::vx_c00372_p01_plr_v01,Este no es tu lugar.,
Subtitles::vx_c00372_p01_plr_v02,Este no es tu lugar.,
Subtitles::vx_c00372_p01_plr_v03,Este no es tu lugar.,
Subtitles::vx_c00372_p01_plr_v04,Este no es tu lugar.,
Subtitles::vx_c00372_p01_plr_v05,Este no es tu lugar.,
Subtitles::vx_c00372_p01_plr_v06,Este no es tu lugar.,
Subtitles::vx_c00372_p01_plr_v07,Este no es tu lugar.,
Subtitles::vx_c00372_p01_plr_v08,Este no es tu lugar.,
Subtitles::vx_c00245_p01_gun_v01,No tenéis nada que hacer en estas montañas.,
Subtitles::vx_c00245_p01_gun_v02,No tenéis nada que hacer en estas montañas.,
Subtitles::vx_c00186_p01_tro_v01,Parece que tienes piedras en vez de cerebro.,
Subtitles::vx_c00136_p01_drgn_v01,Lo habéis estropeado todo. Ahora conoceréis mi ira.,
Subtitles::vx_c00214_p01_tro_v01,Qué buena pinta tienes.,
Subtitles::vx_c00744_p01_plr_v03,Escoria orca. Os haré trizas.,
Subtitles::vx_c00744_p01_plr_v05,Escoria orca. Os haré trizas.,
Subtitles::vx_c00744_p01_plr_v01,Escoria orca. Os haré trizas.,
Subtitles::vx_c00744_p01_plr_v02,Escoria orca. Os haré trizas.,
Subtitles::vx_c00744_p01_plr_v04,Escoria orca. Os haré trizas.,
Subtitles::vx_c00744_p01_plr_v06,Escoria orca. Os haré trizas.,
Subtitles::vx_c00744_p01_plr_v07,Escoria orca. Os haré trizas.,
Subtitles::vx_c00744_p01_plr_v08,Escoria orca. Os haré trizas.,
Subtitles::vx_c00411_p04_rav_v01,"Croa, Sí que eres el señor de Moria. Te pega mucho.",
Subtitles::vx_c00121_p01_plr_v06,"Tú, cabezaescombro.",
Subtitles::vx_c00369_p01_plr_v01,Deberías haber muerto con Sauron.,
Subtitles::vx_c00369_p01_plr_v02,Deberías haber muerto con Sauron.,
Subtitles::vx_c00369_p01_plr_v03,Deberías haber muerto con Sauron.,
Subtitles::vx_c00369_p01_plr_v04,Deberías haber muerto con Sauron.,
Subtitles::vx_c00369_p01_plr_v05,Deberías haber muerto con Sauron.,
Subtitles::vx_c00369_p01_plr_v06,Deberías haber muerto con Sauron.,
Subtitles::vx_c00369_p01_plr_v07,Deberías haber muerto con Sauron.,
Subtitles::vx_c00369_p01_plr_v08,Deberías haber muerto con Sauron.,
Subtitles::vx_c00693_p01_plr_v01,Escoria llorica.,
Subtitles::vx_c00693_p01_plr_v02,Escoria llorica.,
Subtitles::vx_c00693_p01_plr_v03,Escoria llorica.,
Subtitles::vx_c00693_p01_plr_v04,Escoria llorica.,
Subtitles::vx_c00693_p01_plr_v05,Escoria llorica.,
Subtitles::vx_c00693_p01_plr_v06,Escoria llorica.,
Subtitles::vx_c00693_p01_plr_v07,Escoria llorica.,
Subtitles::vx_c00693_p01_plr_v08,Escoria llorica.,
Subtitles::vx_c00247_p01_gmen_v01,Estúpida bestia pedregosa.,
Subtitles::vx_c00247_p01_gmen_v02,Estúpida bestia pedregosa.,
Subtitles::vx_c00247_p01_redo_v01,Estúpida bestia pedregosa.,
Subtitles::vx_c00247_p01_redo_v02,Estúpida bestia pedregosa.,
Subtitles::vx_c00247_p01_deepg_v01,Bestia pedregosa.,
Subtitles::vx_c00134_p01_drgn_v01,"[rugido] ¡No! ¡No sobreviviréis a esto! [gemido]<lf><lf>// ¿Te crees muy duro, enano? La sombra es más poderosa de lo que te puedes imaginar.",
Subtitles::vx_c00136_p03_drgn_v01,¿Creéis que me habéis acorralado? ¡No tengo que volar para mataros! [rugido de ataque],
Subtitles::vx_c00608_p01_plr_v03,Morirás en esta montaña.,
Subtitles::vx_c00608_p01_plr_v05,Morirás en esta montaña.,
Subtitles::vx_c00093_p02_plr_v01,Morirás igual que él.,
Subtitles::vx_c00093_p02_plr_v02,Morirás igual que él.,
Subtitles::vx_c00093_p02_plr_v03,Morirás igual que él.,
Subtitles::vx_c00093_p02_plr_v04,Morirás igual que él.,
Subtitles::vx_c00093_p02_plr_v05,Morirás igual que él.,
Subtitles::vx_c00093_p02_plr_v06,Morirás igual que él.,
Subtitles::vx_c00093_p02_plr_v07,Morirás igual que él.,
Subtitles::vx_c00093_p02_plr_v08,Morirás igual que él.,
Subtitles::vx_c00367_p01_plr_v05,Morirás como los demás orcos.,
Subtitles::vx_c00235_p01_redo_v01,Moriréis.,
Subtitles::vx_c00235_p01_redo_v02,Moriréis.,
Subtitles::vx_c00299_p01_bolg_v01,Moriréis.,
Subtitles::vx_c00311_p01_drgn_v01,Moriréis.,
Subtitles::vx_c00571_p01_plr_v01,Moriréis.,
Subtitles::vx_c00571_p01_plr_v02,Moriréis.,
Subtitles::vx_c00571_p01_plr_v03,Moriréis.,
Subtitles::vx_c00571_p01_plr_v04,Moriréis.,
Subtitles::vx_c00571_p01_plr_v05,Moriréis.,
Subtitles::vx_c00571_p01_plr_v06,Moriréis.,
Subtitles::vx_c00571_p01_plr_v07,Moriréis.,
Subtitles::vx_c00571_p01_plr_v08,Moriréis.,
Subtitles::vx_c00248_p01_gun_v02,"Caerás, troll.",
Subtitles::vx_c00248_p01_natg_v01,"Caerás, troll.",
Subtitles::vx_c00248_p01_natg_v02,"Caerás, troll.",
Subtitles::vx_c00248_p01_gmen_v01,"Caerás, troll. Te lo aseguro.",
Subtitles::vx_c00248_p01_gmen_v02,"Caerás, troll. Te lo aseguro.",
Subtitles::vx_c00366_p01_plr_v07,Caerás igual que lo hizo Azog.,
Subtitles::vx_c00366_p01_plr_v01,Caerás igual que lo hizo Azog.,
Subtitles::vx_c00366_p01_plr_v02,Caerás igual que lo hizo Azog.,
Subtitles::vx_c00366_p01_plr_v03,Caerás igual que lo hizo Azog.,
Subtitles::vx_c00366_p01_plr_v04,Caerás igual que lo hizo Azog.,
Subtitles::vx_c00366_p01_plr_v05,Caerás igual que lo hizo Azog.,
Subtitles::vx_c00366_p01_plr_v06,Caerás igual que lo hizo Azog.,
Subtitles::vx_c00366_p01_plr_v08,Caerás igual que lo hizo Azog.,
Subtitles::vx_c00368_p01_plr_v01,"No te saldrás con la tuya, <Subtitle.Italic>Shazôn</>.",
Subtitles::vx_c00368_p01_plr_v02,"No te saldrás con la tuya, <Subtitle.Italic>Shazôn</>.",
Subtitles::vx_c00368_p01_plr_v03,"No te saldrás con la tuya, <Subtitle.Italic>Shazôn</>.",
Subtitles::vx_c00368_p01_plr_v04,"No te saldrás con la tuya, <Subtitle.Italic>Shazôn</>.",
Subtitles::vx_c00368_p01_plr_v05,"No te saldrás con la tuya, <Subtitle.Italic>Shazôn</>.",
Subtitles::vx_c00368_p01_plr_v06,"No te saldrás con la tuya, <Subtitle.Italic>Shazôn</>.",
Subtitles::vx_c00368_p01_plr_v07,"No te saldrás con la tuya, <Subtitle.Italic>Shazôn</>.",
Subtitles::vx_c00368_p01_plr_v08,"No te saldrás con la tuya, <Subtitle.Italic>Shazôn</>.",
Subtitles::vx_c00746_p01_plr_v03,No matarás a este enano.,
Subtitles::vx_c00704_p01_drgn_v01,"No llegaréis hasta mí. No podréis ponerme ni un dedo encima. Ja, ja, ja.",
Subtitles::vx_c00128_p01_drgn_v01,No ganaréis. No en mi nido.,
Subtitles::vx_c00608_p01_plr_v01,Morirás en esta montaña.,
Subtitles::vx_c00608_p01_plr_v02,Morirás en esta montaña.,
Subtitles::vx_c00608_p01_plr_v04,Morirás en esta montaña.,
Subtitles::vx_c00608_p01_plr_v06,Morirás en esta montaña.,
Subtitles::vx_c00608_p01_plr_v07,Morirás en esta montaña.,
Subtitles::vx_c00608_p01_plr_v08,Morirás en esta montaña.,
Subtitles::vx_c00367_p01_plr_v01,Morirás como los demás orcos.,
Subtitles::vx_c00367_p01_plr_v02,Morirás como los demás orcos.,
Subtitles::vx_c00367_p01_plr_v03,Morirás como los demás orcos.,
Subtitles::vx_c00367_p01_plr_v04,Morirás como los demás orcos.,
Subtitles::vx_c00367_p01_plr_v06,Morirás como los demás orcos.,
Subtitles::vx_c00367_p01_plr_v07,Morirás como los demás orcos.,
Subtitles::vx_c00367_p01_plr_v08,Morirás como los demás orcos.,
Subtitles::vx_c00606_p01_plr_v01,Caerás más rápido que Sauron.,
Subtitles::vx_c00606_p01_plr_v02,Caerás más rápido que Sauron.,
Subtitles::vx_c00606_p01_plr_v03,Caerás más rápido que Sauron.,
Subtitles::vx_c00606_p01_plr_v04,Caerás más rápido que Sauron.,
Subtitles::vx_c00606_p01_plr_v05,Caerás más rápido que Sauron.,
Subtitles::vx_c00606_p01_plr_v06,Caerás más rápido que Sauron.,
Subtitles::vx_c00606_p01_plr_v07,Caerás más rápido que Sauron.,
Subtitles::vx_c00606_p01_plr_v08,Caerás más rápido que Sauron.,
Subtitles::vx_c00746_p01_plr_v01,No matarás a este enano.,
Subtitles::vx_c00746_p01_plr_v02,No matarás a este enano.,
Subtitles::vx_c00746_p01_plr_v04,No matarás a este enano.,
Subtitles::vx_c00746_p01_plr_v06,No matarás a este enano.,
Subtitles::vx_c00746_p01_plr_v07,No matarás a este enano.,
Subtitles::vx_c00746_p01_plr_v08,No matarás a este enano.,
Subtitles::vx_c00746c00746_plr_v05_,No matarás a este enano.,
Subtitles::vx_c00229_p01_gmen_v01,Vas a morir.,
Subtitles::vx_c00229_p01_gmen_v02,Vas a morir.,
Subtitles::vx_c00229_p01_natg_v01,Vas a morir.,
Subtitles::vx_c00229_p01_natg_v02,Vas a morir.,
Subtitles::vx_c00234_p01_gmen_v01,Ni se te ocurra moverte.,
Subtitles::vx_c00234_p01_gmen_v02,Ni se te ocurra moverte.,
Subtitles::vx_c00229_p01_deepo_v01,Ya te tengo.,
Subtitles::vx_c00229_p01_deepo_v02,Ya te tengo.,
Subtitles::vx_c00229_p01_gun_v02,Ya te tengo.,
Subtitles::vx_c00229_p01_redu_v01,Ya te tengo.,
Subtitles::vx_c00229_p01_redu_v02,Ya te tengo.,
Subtitles::vx_c00558_p01_plr_v01,No ha pasado nada. Ponte en pie.,
Subtitles::vx_c00558_p01_plr_v02,No ha pasado nada. Ponte en pie.,
Subtitles::vx_c00558_p01_plr_v04,No ha pasado nada. Ponte en pie.,
Subtitles::vx_c00558_p01_plr_v05,No ha pasado nada. Ponte en pie.,
Subtitles::vx_c00558_p01_plr_v06,No ha pasado nada. Ponte en pie.,
Subtitles::vx_c00558_p01_plr_v07,No ha pasado nada. Ponte en pie.,
Subtitles::vx_c00558_p01_plr_v08,No ha pasado nada. Ponte en pie.,
Subtitles::vx_c00013_p05_plr_v01,"Cierto, es hora de buscar refugio antes de seguir adelante.",
Subtitles::vx_c00013_p05_plr_v02,"Cierto, es hora de buscar refugio antes de seguir adelante.",
Subtitles::vx_c00013_p05_plr_v03,"Cierto, es hora de buscar refugio antes de seguir adelante.",
Subtitles::vx_c00013_p05_plr_v04,"Cierto, es hora de buscar refugio antes de seguir adelante.",
Subtitles::vx_c00013_p05_plr_v05,"Cierto, es hora de buscar refugio antes de seguir adelante.",
Subtitles::vx_c00013_p05_plr_v06,"Cierto, es hora de buscar refugio antes de seguir adelante.",
Subtitles::vx_c00013_p05_plr_v07,"Cierto, es hora de buscar refugio antes de seguir adelante.",
Subtitles::vx_c00013_p05_plr_v08,"Cierto, es hora de buscar refugio antes de seguir adelante.",
Subtitles::vx_c000731_p01_nato_v01,Deberías estar patrullando.,
Subtitles::vx_c000731_p01_redo_v01,Deberías estar patrullando.,
Subtitles::vx_c000731_p01_redo_v02,Deberías estar patrullando.,
Subtitles::vx_c00731_p01_deepo_v01,Deberías estar patrullando.,
Subtitles::vx_c00731_p01_gmen_v01,Deberías estar patrullando.,
Subtitles::vx_c00731_p01_gmen_v02,Deberías estar patrullando.,
Subtitles::vx_c00731_p01_natg_v01,Deberías estar patrullando.,
Subtitles::vx_c00731_p01_natg_v02,Deberías estar patrullando.,
Subtitles::vx_c00731_p01_nato_v02,Deberías estar patrullando.,
Subtitles::vx_c00731_p01_redu_v01,Deberías estar patrullando.,
Subtitles::vx_c00731_p01_shdw_v02,Deberías estar patrullando.,
Subtitles::vx_c00731_p01_gun_v02,Deberías estar patrullando.,
Subtitles::vx_c00731_p01_redu_v02,Deberías estar patrullando.,
Subtitles::vx_c00232_p01_redo_v01,Estáis rodeados.,
Subtitles::vx_c00232_p01_redo_v02,Estáis rodeados.,
Subtitles::vx_c00232_p01_deepg_v01,Estáis atrapados.,
Subtitles::vx_c00232_p01_nato_v01,Estáis atrapados.,
Subtitles::vx_c00232_p01_nato_v02,Estáis atrapados.,
Subtitles::vx_c00233_p01_redu_v01,No tenéis adónde escapar.,
Subtitles::vx_c00233_p01_redu_v02,No tenéis adónde escapar.,
Subtitles::vx_c00154_p02_gun_v01,"¿Ah, sí? ¿Cuándo? Ni siquiera podemos salir de Moria.",
Subtitles::vx_c00524_p01_plr_v01,Qué rico. Justo lo que me apetecía.,
Subtitles::vx_c00524_p01_plr_v02,Qué rico. Justo lo que me apetecía.,
Subtitles::vx_c00524_p01_plr_v03,Qué rico. Justo lo que me apetecía.,
Subtitles::vx_c00524_p01_plr_v04,Qué rico. Justo lo que me apetecía.,
Subtitles::vx_c00524_p01_plr_v05,Qué rico. Justo lo que me apetecía.,
Subtitles::vx_c00524_p01_plr_v06,Qué rico. Justo lo que me apetecía.,
Subtitles::vx_c00524_p01_plr_v07,Qué rico. Justo lo que me apetecía.,
Subtitles::vx_c00524_p01_plr_v08,Qué rico. Justo lo que me apetecía.,
Subtitles::vx_c00420_p01_plr_v08,Perdón...,
UserInterface::ActionsDisplay.Hold,(Mantener pulsado),
UserInterface::FreeCam.Prompt.CameraLook,(Mantener pulsado) Dirección de la cámara,
UserInterface::CraftList.ShowPartialsCount,({0} de {1}),
UserInterface::Waypoint.HearthNameNumberFormat,Campamento ({Zone}{Number}),
UserInterface::Waypoint.HearthNameFormat,Campamento ({Zone}),
UserInterface::Tutorial.HUD.ActiveCountSingle,+{count} nuevo tutorial,
UserInterface::DedicatedServer.Popup.Permission.QuickBuild,- Puede construir plataformas de construcción rápida y escaleras de cuerda,
UserInterface::DedicatedServer.Popup.Permission.NoConstruction,- No puede construir edificios,
UserInterface::DedicatedServer.Popup.Permission.NoStorage,- No puede interactuar con el almacenamiento ni usar recursos de fabricación compartidos en la base,
UserInterface::DLC.BeornPack.ContentDescription,"<ContentsHeading>Incluye:</><lf>- Apariencia estética de abrigo de los beórnidas<lf>- Apariencia estética de puños de los beórnidas<lf>- Apariencia estética de gorro de cámara de los beórnidas<lf>- Apariencia estética de zapatillas de los beórnidas<lf>- Recetas de construcción de muros de la cabaña<lf>- Recetas de construcción de columnas y vigas de la cabaña<lf>- Recetas de construcción de techos de la cabaña<lf>- Recetas de construcción de suelos de la cabaña<lf>- Recetas de construcción de fogón de la cabaña<lf>- Receta de construcción de panal de abejas casero<lf>- Receta del plato Festín de la Carroca<lf>- Receta de té de Anduin<lf><lf>Nota: Las apariencias se desbloquean para todos los enanos y son solo estéticas.<lf>Las recetas para el arma, el escudo, el brebaje, la comida y de construcción aparecerán cuando estén disponibles los recursos necesarios.",
UserInterface::DLC.HolidayPack.ContentDescription,<ContentsHeading>Incluye:</><lf>  - Receta de sidra caliente con especias<lf>  - Receta de banquete de Yuletide<lf>  - Receta de ración de tarta de fruta de Yuletide<lf>  - Receta de construcción de montaña de regalos<lf>  - Receta de construcción de fogón de Yuletide<lf>  - Receta de construcción de mesa festiva<lf>  - Receta de construcción de guirnalda de luces<lf>  - Receta de construcción de cadena de luces<lf>  - Receta de construcción de candelabro sencillo<lf>  - Receta de construcción de candelabro<lf>  - Receta de construcción de candelabro sofisticado,
UserInterface::DLC.OrcHunter.ContentDescription,"<ContentsHeading>Incluye:</><lf>- Apariencia estética de manto de cazaorcos<lf>- Apariencia estética de gálea de cazaorcos<lf>- Apariencia estética de guantes de cazaorcos<lf>- Apariencia estética de botas de cazaorcos<lf>- Receta de fabricación de hacha de batalla de Aterrador<lf>- Recetas de construcción de calavera orca<lf>- Receta de construcción de alfombra de piel de huargo<lf>- Recetas de construcción de esqueleto de dragón de pared<lf>- Receta de construcción del trofeo de bestia alada<lf>- Recetas de construcción de muebles de piel de trol<lf>- Receta del brebaje de la stout A oscuras<lf><lf>Nota: Las apariencias se desbloquean para todos los enanos y son solo estéticas.<lf>Las recetas para el arma, el escudo, el brebaje, la comida y de construcción aparecerán cuando estén disponibles los recursos necesarios.",
UserInterface::DLC.EntPack.ContentDescription,<ContentsHeading>Incluye:</><lf>- Apariencia estética de Corteza<lf>- Escudo de artesanía ent<lf>- Espada grande de hierro<lf>- Receta de construcción de manantial eterno<lf>- Recetas de construcción de jardinera<lf>- Recetas de construcción de emparrado<lf>- Receta de brebaje de cerveza de Fangorn,
UserInterface::DLC.Rohan.ContentDescription,"<ContentsHeading>Incluye:</><lf>  - Apariencia estética de casco de Rohan<lf>  - Apariencia estética de armadura de Rohan<lf>  - Apariencia estética de guanteletes de Rohan<lf>  - Apariencia estética de botas de Rohan<lf>  - Receta de lanza rohirrim<lf>  - Receta de escudo rohirrim<lf>  - Recetas de construcción de estandarte y bandera rohirrim<lf>  - Receta de guiso Yerêg de Rohan<lf>  - Receta de hidromiel ahumada<lf> Nota: Las apariencias se desbloquean para todos los enanos y son solo estéticas.<lf> Las recetas para el arma, el escudo, la bebida y la comida aparecerán cuando estén disponibles los recursos necesarios.",
UserInterface::DLC.Rohan.ContentDescription.NoNote,<ContentsHeading>Incluye:</><lf>- Apariencia estética de casco de Rohan<lf>- Apariencia estética de armadura de Rohan<lf>- Apariencia estética de guanteletes de Rohan<lf>- Apariencia estética de botas de Rohan<lf>- Receta de lanza rohirrim<lf>- Receta de escudo rohirrim<lf>- Recetas de construcción de estandarte y bandera rohirrim<lf>- Receta de guiso Yerêg de Rohan<lf>- Receta de hidromiel ahumada,
UserInterface::MediaPlayer.GamepadSkipText,"<MediaPlayer>Pulsa </> <prompt actions=""Jump""/> <MediaPlayer>para omitir</>",
UserInterface::Chat.Pragma.Disconnected.Format,<{richTextFormat}>Sistema</> > {Text},
UserInterface::HUD.Notification.HordeAlert,¡Se acerca una horda!,
UserInterface::Sandbox.CreateWorld.Description.Campaign,"Una versión de Moria centrada en la historia y fiel al universo Tolkien, con algunos diseños y elementos aleatorios.<lf>Pensada para jugadores que quieran vivir una nueva aventura de El Señor de los Anillos.",
UserInterface::Sandbox.CreateWorld.Description.Sandbox,Una versión de Moria generada de forma más aleatoria y con apenas unos toques de narración.<lf>Pensada para jugadores expertos en supervivencia o que quieran crear una Moria más personalizada.,
UserInterface::PopUp.PremiumSubscription.Description.PS5,Necesitas una suscripción a PlayStation Plus para jugar en línea.,
UserInterface::PopUp.PremiumSubscription.Description.Xbox,Necesitas una suscripción a Xbox Game Pass para jugar en línea.,
UserInterface::HUD.Notification.PlayerJoin.8,¡Dichosos los ojos! Es {0}.,
UserInterface::CraftList.FilterButton.All,TODO,
UserInterface::Settings.Graphic.FSR2,FSR de AMD,
UserInterface::Menu.Text.AtYourService,A TU SERVICIO,
UserInterface::MapScreen.Waypoint.Above,Encima,
UserInterface::Waypoints.Filter.Above,Encima de mí,
UserInterface::Settings.Tab.Button.Accessibility,Accesibilidad,
UserInterface::Menu.NotInviteCode.Body,Error al adquirir el código de invitación al grupo,
UserInterface::Menu.Tetxt.Goals.ActiveObjectesHeading,Acciones y Eventos,
UserInterface::Menu.Text.Active,Activos,
UserInterface::Stats.Text.ActiveEfects,Efectos activos,
UserInterface::Button.AddToQueue,Añadir a la cola,
UserInterface::Cosmetics.Button.UnlockItem,Añadir al armario,
UserInterface::DLC.Text.PageHeader,Complementos y DLC,
UserInterface::DLC.Text.PageHeader.PS5,Complementos y DLC,
UserInterface::DLC.Text.PageHeader.Xbox,Complementos y DLC,
UserInterface::Button.AdjustBrightness,Ajusta el brillo,
UserInterface::FreeCam.Prompt.AdjustFocalPoint,Ajustar punto focal,
UserInterface::Settings.Graphic.BrightnessPrompt,Ajusta la barra de desplazamiento hasta que la imagen del medio apenas se vea,
UserInterface::Button.AdvancedJoinOptions,Opciones avanzadas para unirse,
UserInterface::ActionsDisplay.Aim,Apuntar,
UserInterface::Settings.Input.AimSensitivityHorizontal,Sensibilidad de la mira (horizontal),
UserInterface::Settings.Input.AimSensitivityVertical,Sensibilidad de la mira (vertical),
UserInterface::Button.Filter.All,Todo,
UserInterface::Waypoints.Filter.All,Todos,
UserInterface::Settings.Alert.InvalidKeyMap,Debes asignarle una tecla a todas las acciones.,
UserInterface::Settings.Game.Telemetry,Permitir telemetría,
UserInterface::LoadingScreen.Earthquake,Un terremoto sacude la montaña.,
UserInterface::PauseMenu.Tab.Lore,Apéndices,
UserInterface::Cosmetic.Button.Equipped,Aplicado/a,
UserInterface::Button.Apply,Aplicar,
UserInterface::Cosmetics.Button.Equip,Aplicar,
UserInterface::PopUp.Description.LeaveWorld,¿Seguro que quieres salir?,
UserInterface::PopUp.Description.RemoveWorld,¿Seguro que quieres borrar este mundo de forma permanente?,
UserInterface::PopUp.Description.QuitGame,¿Seguro que quieres cerrar?,
UserInterface::PopUp.RetireCharacter.Description,¿Seguro que quieres retirar a este personaje? Esta acción no se puede deshacer.,
UserInterface::Menu.Text.SureMsg,¿Seguro?,
UserInterface::PopUp.Heading.ConfirmationGeneric,¿Seguro?,
UserInterface::Cosmetics.SlotName.Chest,Armadura,
UserInterface::HUD.Text.Armor,Armadura,
UserInterface::Waypoints.Filter.SameDepth,A mi profundidad,
UserInterface::Menu.Text.LoginStatus.Authenticating,Autenticando...,
UserInterface::Settings.Graphic.DLSS.Auto,Automático,
UserInterface::Settings.Input.ControllerPrompts.Auto,Automático,
UserInterface::Cosmetics.Category.Unlocked,Disponible,
UserInterface::Button.Back,Volver,
UserInterface::Menu.Hint.Return,Volver,
UserInterface::Settings.Graphic.DLSS.Balanced,Equilibrado,
UserInterface::HUD.Text.BaseUnderSiege,Base asediada,
UserInterface::CharacterCreator.Beard,Barba,
UserInterface::CharacterCreator.BeardAdornments,Adornos de barba,
UserInterface::System.Sleep.AlreadyClaimed,Ya hay alguien durmiendo en esta cama,
UserInterface::CharacterCreator.Belly,Barriga,
UserInterface::MapScreen.Waypoint.Below,Debajo,
UserInterface::Waypoints.Filter.Below,Debajo de mí,
UserInterface::HUD.Text.Block,Bloquear,
UserInterface::Settings.Input.BlockAim,Bloquear/Apuntar,
UserInterface::HUD.Text.PerfectBlock,¡Bloqueo!,
UserInterface::Cosmetics.SlotName.Boots,Botas,
UserInterface::Crafting.BlockedText.BreweryFull,Cervecería llena,
UserInterface::Button.Brewing,Preparando brebaje…,
UserInterface::Settings.Graphic.Gamma,Brillo,
UserInterface::CharacterCreator.ChestIncrease,Ancho,
UserInterface::ControlPrompt.Build,Construir,
UserInterface::Settings.Input.Build,Construir,
UserInterface::HUD.Build.NeedBase,Construye cerca de un hogar,
UserInterface::HUD.Build.OnFloor,Construir en el suelo,
UserInterface::HUD.Build.FloorWall,Construir en el suelo o un muro,
UserInterface::HUD.Build.FloorWallWater,"Construir en el suelo, un muro o el agua",
UserInterface::HUD.Build.Wall,Construir en un muro,
UserInterface::DLC.BeornPack.Description,"Construye una cabaña de madera y disfruta de una taza de té junto al fogón mientras los enanos cuentan historias sobre la Carroca y las Tierras Salvajes. Este paquete, inspirado en Beorn, cuenta con bloques de madera nuevos y objetos cosméticos de lo más acogedores.",
UserInterface::DedicatedServer.PermissionDenied.BuildAction,No se pudo unir al juego. Verifique el código de invitación o los detalles del servidor e intente nuevamente.,
UserInterface::Build.HUD.Water,Construir en el agua,
UserInterface::Crafting.Requirement.StructureRequired,Construir: {0},
UserInterface::Settings.Heading.Construction,Construcción,
UserInterface::HUD.Notification.Recipe.ConstructionRecipeFound,Has encontrado un plano de construcción,
UserInterface::Build.Picker.Heading,Planos de construcción,
UserInterface::CharacterCreator.Bust,Busto,
UserInterface::Settings.Tab.Button.ButtonMapping,Mapeo,
UserInterface::Popup.Legal.Description,"Al pulsar «Confirmar» a continuación, aceptas los siguientes términos y condiciones:",
UserInterface::Menu.Text.SelectWorld,UNIRSE A UN MUNDO,
UserInterface::System.BuildVersion,LC#{Version},
UserInterface::Menu.Text.CreateNewWorld,CREAR NUEVO MUNDO,
UserInterface::ControlPrompt.CallOut,Indicar,
UserInterface::UI.Settings.Input.Callout,Indicar,
UserInterface::CallOut.Text.YellMode,Indicar un punto gritando,
UserInterface::WBP_CalloutHud.Target.Default,Indicación,
UserInterface::FreeCam.Prompt.CameraLook.Gamepad,Dirección de la cámara,
UserInterface::FreeCam.Prompt.CameraUpDown,Cámara hacia arriba/abajo,
UserInterface::FreeCam.Prompt.CameraForwardBack,Cámara hacia delante/atrás,
UserInterface::FreeCam.Prompt.CameraLeftRight,Cámara izquierda/derecha,
UserInterface::Sandbox.WorldType.Singular.Campaign,Campaña,
UserInterface::Sandbox.WorldType.Plural.Campaign,Campañas,
UserInterface::Waypoints.Filter.Camps,Campamentos,
UserInterface::Popup.JoinSession.LockedPlatform,No puedes unirte. La persona organizadora no acepta tu plataforma.,
UserInterface::Popup.JoinSession.Blocked,No puedes unirte a esta partida. Este juego incluye a un jugador que has bloqueado o que te ha bloqueado.,
UserInterface::Popup.JoinSession.Blocked.DedicatedServer,No se puede unir. Un administrador de este servidor lo ha bloqueado.,
UserInterface::Button.Cancel,Cancelar,
UserInterface::Button.Decline,Cancelar,
UserInterface::Button.CancelChanges,Cancelar cambios,
UserInterface::Button.CancelSearch,Cancelar búsqueda,
UserInterface::HUD.Sleep.CancelSleepPrompt,Cancelar sueño,
UserInterface::HUD.Build.InvalidPlacement,No se puede construir aquí,
UserInterface::HUD.Build.SystemFailure,No se ha podido construir. Inténtalo de nuevo.,
UserInterface::WBP_DeconstructTargeting.Text.NotDwarfTarget,No se puede deconstruir,
UserInterface::Teleport.Hint.NotInBase,No puedes viajar rápido fuera de una base,
UserInterface::Teleport.Hint.EnemyNearby,No puedes viajar rápido con los enemigos tan cerca,
UserInterface::System.Sleep.EnemiesNear,No puedes dormir con los enemigos tan cerca,
UserInterface::System.Sleep.Siege,No puedes dormir durante un asedio,
UserInterface::BugReport.Label.Category,Categoría,
UserInterface::ControlPrompt.ChangeDistance,Cambiar distancia,
UserInterface::ControlPrompt.ChangeHeight,Cambiar altura,
UserInterface::CharacterCreator.Chest,Pecho,
UserInterface::Waypoints.Header.FastTravel,Elige una ubicación a la que viajar,
UserInterface::Settings.Graphic.Quality.Cinematic,Cinematográfica,
UserInterface::Menu.Text.NewsFeed.PC.Details,Haz clic aquí para ver más detalles,
UserInterface::DedicatedServer.Explainer.Button,Haz clic para registrarte y consultar las instrucciones de configuración.,
UserInterface::Button.Close,Cerrar,
UserInterface::HUD.Text.Stats.Close,Cerrar,
UserInterface::Button.CloseInventory,Cerrar inventario,
UserInterface::Button.CloseRecipeViewer,Cerrar lista de recetas,
UserInterface::Button.CollapseAll,Contraer todo,
UserInterface::Hoover.CollectText,Recoger todo,
UserInterface::Settings.Graphic.MapColorSet.Variant1,Daltónico 1,
UserInterface::Settings.Graphic.MapColorSet.Variant2,Daltónico 2,
UserInterface::Settings.Graphic.Colorblind,Modo para daltónicos,
UserInterface::DifficultySliderName.Combat,Dificultad de los combates,
UserInterface::Menu.Text.Complete,Completados,
UserInterface::Button.Confirm,Confirmar,
UserInterface::Button.PopUp.Confirm,Confirmar,
UserInterface::AdvancedJoin.Description.LocalDedicatedServer,Conéctese directamente a un servidor dedicado alojado en este dispositivo.,
UserInterface::AdvancedJoin.Description.DirectJoin,Conéctese directamente a un servidor dedicado a través de una dirección IP o un nombre de dominio. Las contraseñas las establece opcionalmente el host del servidor.,
UserInterface::Menu.SessionSearchingLabel,Conectando,
UserInterface::Popup.GoToMainMenuReason.OssConnectionErrorText,Se ha interrumpido la conexión con los servicios en línea,
UserInterface::Button.ContinueOffline,Continuar sin conexión,
UserInterface::Settings.Tab.Button.Controller,Mando,
UserInterface::Settings.Input.ControllerPrompts.,Entradas del mando,
UserInterface::Settings.Tab.Button.Controls,Controles,
UserInterface::Button.CopyToClipboard,Copiar al portapapeles,
UserInterface::Cosmetics.OptionDetails.Subtitle,Opción estética,
UserInterface::Cosmetics.ItemDetails.Subtitle,Apariencia estética,
UserInterface::Cosmetics.ScreenSubTitle,Elemento estético,
UserInterface::Cosmetics.Button.Help,Los elementos estéticos se añaden al armario de todos los enanos creados por este jugador.,
UserInterface::Menu.Text.LoginFailed.Offline.PS5,No se ha podido conectar con PlayStation Network. Inténtalo de nuevo.,
UserInterface::Menu.Text.LoginFailed.Offline.Xbox,No se ha podido conectar con Xbox Live. Inténtalo de nuevo.,
UserInterface::DLC.Text.EmptyList,No se ha podido mostrar la lista de objetos del DLC. Comprueba la conexión e inténtalo de nuevo.,
UserInterface::Popup.JoinSession.SearchFailed,No se pudo encontrar el juego. Espere y vuelva a intentarlo.,
UserInterface::Popup.JoinSession.Failed,No se pudo unir al juego. Verifique el código de invitación o los detalles del servidor e intente nuevamente.,
UserInterface::Popup.JoinSession.GameFull,No has podido unirte: la partida está llena.,
UserInterface::Menu.HostFailed.PartySetup,No se ha podido crear una partida porque se ha producido un error al formar el grupo. Espera unos segundos y vuelve a intentarlo.,
UserInterface::DLC.HolidayPack.Description,"Acurrúcate junto al fuego y celebra el Yuletide bajo la montaña. Este paquete incluye recetas de comidas, elementos decorativos y opciones de iluminación para los enanos más festivos.",
UserInterface::Button.Craft,Fabricar,
UserInterface::Button.FieldCrafting,Fabricación,
UserInterface::PauseMenu.Tab.Crafting,Fabricación,
UserInterface::Sandbox.Button.CreateCampaign,Crear campaña,
UserInterface::Button.CreateNewCharacter,Crear nuevo enano,
UserInterface::Sandbox.Button.CreateSandbox,Crear mundo abierto,
UserInterface::Menu.Button.CreateNewWorld,Crear mundo,
UserInterface::Menu.Button.CreateWorld,Crear mundo,
UserInterface::Button.Credits,Créditos,
UserInterface::Settings.Input.Crouch,Agacharse,
UserInterface::Crafting.CurrentlyCrafting,Fabricación en proceso,
UserInterface::DifficultyPreset.Name.Custom,Personalizada,
UserInterface::Waypoints.Filter.Custom,Personalizado,
UserInterface::Button.CustomizeAppearance,Personalizar,
UserInterface::Button.Text.FTUECustomize,Personalizar tu enano,
UserInterface::AdvancedJoin.Heading.DirectJoin,UNIÓN DIRECTA,
UserInterface::Stations.Text.Label.Durability,DURABILIDAD,
UserInterface::CharacterCreator.Subtitle,PERSONALIZACIÓN DE ENANO,
UserInterface::HUD.Text.NightMessage,Ya se cierne sobre ti la oscuridad de la noche,
UserInterface::HUD.Text.DayMessage,Ya se atisba el amanecer,
UserInterface::HUD.Clock.TimeFormat,"Día {Day}, {TimePeriod}",
UserInterface::UI.Settings.Input.Deconstruct,Deconstruir,
UserInterface::WBP_DeconstructTargeting.Hint.Destroy,Deconstruir,
UserInterface::DedicatedServer.PermissionDenied.Deconstruct,No se permite la acción de deconstruir.,
UserInterface::Button.Default,Predeterminado,
UserInterface::DifficultySliderOptionName.Generic.Three,Predeterminada,
UserInterface::Settings.Graphic.MapColorSet.Default,Colores predeterminados,
UserInterface::Button.Delete,Eliminar,
UserInterface::Button.Remove,Eliminar,
UserInterface::PopUp.Heading.RemoveWorld,Eliminar mundo,
UserInterface::Button.Deposit,Almacenar similares,
UserInterface::FreeCam.Prompt.DepthOfField,Profundidad de campo,
UserInterface::BugReporter.SummaryHintText,"Explica qué es lo que no funciona, qué te gustaría que añadiésemos, etc.",
UserInterface::Button.Desktop,Escritorio,
UserInterface::HUD.Destroy,Destruido/a,
UserInterface::Settings.Graphic.Colorblind.Deuteranopia,Deuteranopia (verde),
UserInterface::HUD.Text.ReviveSelf,Morir y reaparecer,
UserInterface::Difficulty.Screen.Heading,Modo de dificultad,
UserInterface::DifficultyButton.CurrentDifficulty,Dificultad: {Preset},
UserInterface::Cosmetics.DisableAll,Desactivar elementos estéticos,
UserInterface::Button.PopUp.DisableTelemetry,Desactivar telemetría,
UserInterface::Button.Discard,Rechazar,
UserInterface::BugReport.Label.DiscordName,Nombre de usuario de Discord (opcional),
UserInterface::Waypoints.Confirm.FastTravel,¿Quieres viajar aquí?,
UserInterface::UI.Settings.Input.Dodge,Evadir,
UserInterface::SessionHistory.Label.Address,Dominio:,
UserInterface::Button.Drain,Drenar,
UserInterface::ActionsDisplay.Drink,Beber,
UserInterface::ActionsDisplay.Cheer,Beber/Cantar,
UserInterface::Button.Drop.Short,Soltar,
UserInterface::Button.DropAll,Soltar todo,
UserInterface::Button.Drop,Soltar objeto,
UserInterface::Menu.Text.Durability,Durabilidad,
UserInterface::CharacterCreator.Tab.HeadDetails,EDITAR DETALLES DE LA CABEZA,
UserInterface::CharacterCreator.Tab.Head,EDITAR CARACTERÍSTICAS DE LA CABEZA,
UserInterface::CharacterCreator.Tab.EditOrigin,EDITAR ORIGEN,
UserInterface::CharacterCreator.Tab.Personality,EDITAR PERSONALIDAD,
UserInterface::CharacterCreator.Tab.Physique,EDITAR COMPLEXIÓN,
UserInterface::ActionsDisplay.Eat,Comer,
UserInterface::Button.Eat,Comer,
UserInterface::Button.Edit,Editar,
UserInterface::BugReport.Label.Email,Correo electrónico (opcional),
UserInterface::DLC.Rohan.Description,¡Abraza el legado de los rohirrim con el paquete de Rohan! Transforma tu armadura para encarnar el poder de los legendarios señores de los caballos de Rohan y equípate con las nuevas recetas exclusivas.,
UserInterface::Settings.Input.Emotes1,Emoticono 1,
UserInterface::Settings.Input.Emotes2,Emoticono 2,
UserInterface::Settings.Input.Emotes3,Emoticono 3,
UserInterface::Settings.Input.Emotes4,Emoticono 4,
UserInterface::CharacterCreator.Emotes,Emoticonos,
UserInterface::Cosmetics.EnableAll,Activar elementos estéticos,
UserInterface::Settings.Game.MotionBlur,Activar desenfoque de movimiento,
UserInterface::Settings.Subtitles.Enable,Activar subtítulos,
UserInterface::DifficultySliderName.EnemyAggression,Agresividad de los enemigos,
UserInterface::HUD.Text.Energy,Energía,
UserInterface::DifficultySliderName.EnergyCostScale,Escala de coste de energía,
UserInterface::Menu.Text.EnterCode,Escribe el código,
UserInterface::AdvancedJoin.Label.DirectJoinIP,Ingrese el dominio y el puerto,
UserInterface::Menu.SessionKeyPrompt,Escribe el código de invitación,
UserInterface::AdvancedJoin.Label.Port,Ingrese el puerto,
UserInterface::Menu.Text.EnterPasswordHint,Introducir contraseña del servidor,
UserInterface::Menu.Text.EnterPasswordLabel,Introducir contraseña del servidor,
UserInterface::UI.Chat.EnterChatHint,Escribe un mensaje.,
UserInterface::DifficultySliderName.EnvironmentalHazards,Amenazas en el entorno,
UserInterface::Settings.Graphic.Quality.Epic,Épica,
UserInterface::Button.Equip,Equipar,
UserInterface::Settings.Input.EquipEpicSlot,Equipar obra maestra,
UserInterface::Settings.Input.EquipSlot1,Equipar espacio 1,
UserInterface::Settings.Input.EquipSlot2,Equipar espacio 2,
UserInterface::Settings.Input.EquipSlot3,Equipar espacio 3,
UserInterface::Settings.Input.EquipSlot4,Equipar espacio 4,
UserInterface::Settings.Input.EquipSlot5,Equipar espacio 5,
UserInterface::Settings.Input.EquipSlot6,Equipar espacio 6,
UserInterface::Settings.Input.EquipSlot7,Equipar espacio 7,
UserInterface::Settings.Input.EquipSlot8,Equipar espacio 8,
UserInterface::Popup.GoToMainMenuReason.ErrorReadingWorldSaveGameText,Error de lectura de datos guardados del mundo,
UserInterface::ControlPrompt.ExitBuildMode,Salir del modo Construir,
UserInterface::FreeCam.Prompt.Exit,Salir del modo de cámara libre,
UserInterface::ControlPrompt.ExitQuickBuild,Salir del modo Construcción rápida,
UserInterface::QuickBuild.Exit,Salir del modo Construcción rápida,
UserInterface::ControlPrompt.ExitToBuild,Salir al menú Construir,
UserInterface::Button.ExpandAll,Expandir todo,
UserInterface::WBP_Runecrafting_Screen.None.Discovered,Explora para descubrir runas de poder,
UserInterface::Stations.Text.NoRecipes,Explora para descubrir nuevas recetas de fabricación,
UserInterface::CharacterCreator.Eyes,Ojos,
UserInterface::Waypoints.Filter.Label,FILTRAR POR,
UserInterface::Button.EnableFreeCam,CÁMARA LIBRE,
UserInterface::Menu.Text.LoginFailed,Error al conectarse,
UserInterface::Menu.HostFailed.FailedCreateSession,Error al crear una sesión,
UserInterface::Menu.HostFailed.Header,Error al iniciar la partida,
UserInterface::Menu.NoInviteCode.Heading,Error al iniciar la partida,
UserInterface::DifficultySliderName.FaunaPatrolFrequency,Frecuencia de aparición de fauna,
UserInterface::BugReport.Heading,Formulario de comentarios e informes de errores,
UserInterface::BugReport.Label.Type,Tipo de comentario,
UserInterface::HUD.Notification.Item.Personal,Fabricación sobre el terreno,
UserInterface::FreeCam.Prompt.FieldOfView,Campo de visión,
UserInterface::ActionsDisplay.Fire,Disparar,
UserInterface::HUD.Text.Food,Comida,
UserInterface::Menu.Text.NewsFeed.Console.Details,Más información:,
UserInterface::Menu.Text.NewsFeed.TranslationExplainer,"Para su comodidad, el canal de noticias se ha traducido en tiempo real mediante Google Translate.",
UserInterface::Menu.Text.FoundSessions,Partidas encontradas,
UserInterface::Settings.Graphic.FrameRateLimit,Límite de la tasa de fotogramas,
UserInterface::FreeCam.Prompt.Heading,Controles de cámara libre,
UserInterface::Build.Free,¡Gratis!,
UserInterface::CharacterCreator.BustIncrease,Grande,
UserInterface::Settings.Graphic.Fullscreen.Fullscreen,Pantalla completa,
UserInterface::Settings.Graphic.Fullscreen,Modo pantalla completa,
UserInterface::Stations.Text.FullyRepaired,Objeto reparado completamente,
UserInterface::HUD.Text.FurnaceRequiresFuel,Se necesita combustible,
UserInterface::Popup.JoinSession.HostCancelled,El host ha cancelado la partida,
UserInterface::Settings.Input.MenuNext,Siguiente menú de juego,
UserInterface::Settings.Input.MenuPrev,Anterior menú de juego,
UserInterface::Pause.Blocks.Singing,No se puede pausar el juego mientras estás cantando,
UserInterface::Menu.SessionNotFound,No se ha encontrado ninguna partida,
UserInterface::Popup.JoinSession.GameNotFound,No se encontró el juego o el servidor. Verifique el código de invitación o los detalles del servidor e intente nuevamente.,
UserInterface::BugReport.Category.Gameplay,Jugabilidad,
UserInterface::Settings.Tab.Button.Gameplay,Jugabilidad,
UserInterface::Cosmetics.SlotName.Gloves,Guanteletes,
UserInterface::HUD.Notification.GoalComplete,Objetivo completado,
UserInterface::Menu.Text.Goals.Objectives,Objetivos,
UserInterface::PauseMenu.Tab.Goals,Objetivos,
UserInterface::Settings.Input.Goals,Objetivos,
UserInterface::Waypoints.Filter.Goals,Objetivos,
UserInterface::Button.GrabOne,Coger 1x,
UserInterface::Settings.Graphic.Quality,Calidad gráfica,
UserInterface::BugReport.Category.Graphical,Gráficos,
UserInterface::DLC.EntPack.Description,¡Inspírate en los grandes ents pastores de la Tierra Media con el paquete de artesanía ent! Atavíate con armaduras y cosméticos inspirados en estas criaturas y cosecha nuevas formas de decorar tu base.,
UserInterface::CharacterCreator.Hair,Pelo,
UserInterface::CharacterCreator.HairAdornments,Adornos de pelo,
UserInterface::DifficultyPreset.Name.D,Difícil,
UserInterface::CharacterCreator.Head,Cabeza,
UserInterface::HUD.Text.Health,Salud,
UserInterface::Cosmetics.SlotName.Head,Yelmo,
UserInterface::Button.Hide,Ocultar,
UserInterface::Settings.Game.StreamerMode,Ocultar código de invitación,
UserInterface::CharacterCreator.HipIncrease,Alta,
UserInterface::DifficultySliderOptionName.Generic.Four,Alta,
UserInterface::Settings.Graphic.Quality.High,Alta,
UserInterface::HUD.Text.Awareness.High,Peligro elevado,
UserInterface::CharacterCreator.ShouldersIncrease,Más altos,
UserInterface::CharacterCreator.Hip,Cadera,
UserInterface::Settings.Input.Gamepad.ToggleSprint,Mantener pulsado para correr (Mando),
UserInterface::Settings.Input.ToggleSprint,Mantener pulsado para correr (Teclado),
UserInterface::DifficultySliderName.HordeFrequency,Frecuencia de aparición de hordas,
UserInterface::Menu.HostFailed.Body.Generic,Error del host,
UserInterface::Popup.Heading.HostLeft,El host se ha ido,
UserInterface::Menu.Button.HostServer,Host en línea,
UserInterface::DedicatedServer.Explainer.Heading,Aloje un servidor dedicado,
UserInterface::PopUp.JoinSession.HostNameLabel,Anfitrión:,
UserInterface::DifficultySliderDescription.PatrolFrequency,La frecuencia con la que aparecen grupos de enemigos,
UserInterface::DifficultySliderDescription.SiegeFrequency,La frecuencia con la que los orcos<lf>atacan una base enana,
UserInterface::DifficultySliderDescription.EnemyAggression,La frecuencia con la que atacan los enemigos<lf>y la cantidad de enemigos que atacan a la vez,
UserInterface::DifficultySliderDescription.HordeFrequency,La frecuencia con la que los ruidos<lf>provocan la aparición de una horda,
UserInterface::Settings.Subtitles.Size.Huge,Enorme,
UserInterface::DifficultySliderName.HungerDrain,Índice de agotamiento por hambre,
UserInterface::DifficultyPreset.Description.D,Ideal para una compañía numerosa de enanos.<lf>Resulta difícil para una compañía pequeña y letal para un solo enano.,
UserInterface::DifficultyPreset.Description.B,Ideal para un solo enano.<lf>Resulta fácil para compañías pequeñas y muy fácil para las grandes.,
UserInterface::DifficultyPreset.Description.C,Ideal para una compañía pequeña de enanos.<lf>Resulta difícil para un solo enano y fácil para compañías grandes.,
UserInterface::DifficultyPreset.Description.A,Ideal para jugadores que quieren vivir la historia sin enfrentarse a demasiados peligros.<lf>Los combates y la supervivencia pueden resultar muy fáciles para compañías de enanos de cualquier tamaño.,
UserInterface::CharacterCreator.BellyDecrease,Menos,
UserInterface::JoinSession.IncorrectPassword,La contraseña es incorrecta. Inténtalo de nuevo.,
UserInterface::WBP_Runecrafting_Screen.Apply.Rune,Grabar runa,
UserInterface::WBP_Runecrafting_Screen.Inscribed.Notification,¡Has grabado este objeto: {0}!,
UserInterface::HUD.ConstructionHealthText,Integridad: {0} %,
UserInterface::UI.Settings.Input.Interact,Interactuar,
UserInterface::PopUp.Heading.InvalidName,El nombre no es válido,
UserInterface::Button.Inventory,Inventario,
UserInterface::PauseMenu.Tab.Inventory,Inventario,
UserInterface::Settings.Input.ToggleInventory,Inventario,
UserInterface::Settings.Input.GrabOne,Modificador de inventario (coger uno),
UserInterface::Settings.Input.QuickMove,Modificador del inventario,
UserInterface::Settings.Heading.Equipment,Inventario y objetos,
UserInterface::Settings.Input.InvertGamepadX,Invertir eje X del mando,
UserInterface::Settings.Input.InvertGamepadY,Invertir eje Y del mando,
UserInterface::Settings.Input.InvertMouseX,Invertir eje X del ratón,
UserInterface::Settings.Input.InvertMouseY,Invertir eje Y del ratón,
UserInterface::PopUp.HostSession.InviteCodeCopied,Se ha copiado el código de invitación,
UserInterface::WBP_EscapeMenu.Reconnecting.Title,Código de invitación no disponible,
UserInterface::Menu.SessionKeyText,Código de invitación: ,
UserInterface::Menu.HostSuccess.InviteCode,Código de invitación: {0},
UserInterface::HUD.Text.ItemAdded,Se ha añadido el objeto,
UserInterface::AdvancedJoin.Heading.LocalDedicatedServer,UNIRSE AL SERVIDOR ALOJADO LOCALMENTE,
UserInterface::Button.Join,Unirse,
UserInterface::Button.JoinGame,Unirse a la partida,
UserInterface::Menu.Button.JoinWorld,Unirse a otro mundo,
UserInterface::Button.JoinServer,Unirse al servidor,
UserInterface::Button.JoinSession,Unirse a la sesión,
UserInterface::Popup.JoinFriend.Header,Te estás uniendo a la partida de un amigo,
UserInterface::Button.JoiningServer,Uniéndose al servidor...,
UserInterface::Menu.Text.JoiningWorldLabel,Te estás uniendo a un mundo: {0},
UserInterface::Settings.Input.JumpKey,Saltar,
UserInterface::Menu.Text.ButtonKeepChanges,Conservar cambios,
UserInterface::Menu.Text.ResolutionHeader,¿Quieres mantener esta resolución?,
UserInterface::Settings.Tab.Button.KeyMapping,Asignación de teclas,
UserInterface::Settings.Subtitles.Mode.KhuzdulOnly,Solo khuzdul,
UserInterface::ActionsDisplay.Kick,Dar una patada,
UserInterface::Button.LeaveQuit,SALIR Y CERRAR,
UserInterface::Button.LeaveWorld,SALIR DEL MUNDO,
UserInterface::Menu.Text.LoadWorld,CARGAR UN MUNDO,
UserInterface::Settings.Game.Localization,Idioma,
UserInterface::Settings.Subtitles.Size.Large,Grande,
UserInterface::Menu.HostSuccess.LaunchGame,Iniciar la partida,
UserInterface::DedicatedServer.Explainer.Description,Aprenda a configurar su propio servidor dedicado,
UserInterface::Button.Leave,Salir,
UserInterface::PopUp.Heading.LeaveWorld,Salir del mundo,
UserInterface::Settings.Subtitles.Opacity,Opacidad del cuadro de texto,
UserInterface::HUD.Text.Light,Luz,
UserInterface::HUD.Text.Shadow,Luz,
UserInterface::Button.LoadWorld,Cargar mundo,
UserInterface::Bubble.Text.AreaLoading,Cargando,
UserInterface::Menu.Text.Loading,Cargando…,
UserInterface::ActionsDisplay.Look,Mirar,
UserInterface::Settings.Input.LookSensitivityHorizontal,Sensibilidad de la cámara (horizontal),
UserInterface::Settings.Input.LookSensitivityVertical,Sensibilidad de la cámara (vertical),
UserInterface::Button.Callout,¡Mira esto!,
UserInterface::CharacterCreator.WaistIncrease,Ancha,
UserInterface::BugReport.Category.Lore,Historia,
UserInterface::Settings.Input.Lore,Historia,
UserInterface::Popup.Heading.LostConnection,Se ha perdido la conexión con el host,
UserInterface::CharacterCreator.HipDecrease,Baja,
UserInterface::DifficultySliderOptionName.Generic.Two,Baja,
UserInterface::Settings.Graphic.Quality.Low,Baja,
UserInterface::CharacterCreator.ShouldersDecrease,Más bajos,
UserInterface::Button.MainMenu,Menú principal,
UserInterface::PauseMenu.Tab.Map,Mapa,
UserInterface::UI.Settings.Input.Map,Mapa,
UserInterface::Button.MarkAllRead,Marcar todo como leído,
UserInterface::Button.MarkAllSeen,Marcar todo como leído,
UserInterface::MapScreen.Button.MarkLocation,Marcar ubicación,
UserInterface::Button.MarkLocation,Marcar mi ubicación,
UserInterface::MapScreen.WaypointCreator.HintText,Nombre del hito,
UserInterface::Settings.Audio.MasterVolume,Volumen principal,
UserInterface::Menu.FullScreen.Text.WaypointLimitReached,Has alcanzado el límite de puntos de ruta. Elimina uno antes de añadir otro.,
UserInterface::MealWidget.MealReady,La comida está lista,
UserInterface::MealWidget.MealSpoiled,La comida está estropeada,
UserInterface::Stations.Text.BlockedDestination,La mesa del almuerzo necesita una limpieza,
UserInterface::Settings.Graphic.Quality.Medium,Media,
UserInterface::Settings.Subtitles.Size.Medium,Medio,
UserInterface::ActionsDisplay.Mine,Excavar,
UserInterface::HUD.Text.Mine,Excavar,
UserInterface::Settings.Game.MinimapNorth,Minimapa fijado en el norte,
UserInterface::DifficultySliderName.MiningDrops,Cantidad de mineral extraído,
UserInterface::Popup.JoinSession.VersionMismatch,Incompatible,
UserInterface::HUD.Text.Morale,Moral,
UserInterface::Button.GrabDrop,Mover,
UserInterface::Settings.Input.MoveBackward,Moverse hacia atrás,
UserInterface::Settings.Input.MoveForward,Moverse hacia delante,
UserInterface::Settings.Input.MoveLeft,Moverse hacia la izquierda,
UserInterface::Settings.Input.MoveRight,Moverse hacia la derecha,
UserInterface::ControlPrompt.MKB.Defaults.Heading.Movement,Movimientos e interacciones,
UserInterface::Settings.Heading.MovementInteraction,Movimientos e interacciones,
UserInterface::HUD.Notification.Recipe.MultiConstructionRecipeFound,Has encontrado varias recetas de construcción,
UserInterface::HUD.Notification.Recipe.MultiItemRecipeFound,Has encontrado varias recetas,
UserInterface::Settings.Audio.Music,Música,
UserInterface::Settings.Audio.BackgroundMute,Silenciar en segundo plano,
UserInterface::Waypoints.Filter.Mine,Mis puntos de ruta,
UserInterface::Menu.Button.MyWorlds,Mis mundos,
UserInterface::Menu.Text.Goals.Mysteries,Misterios,
UserInterface::Popup.Heading.ConfirmCharacter,PONLE UN NOMBRE AL ENANO,
UserInterface::Alert.Heading.NAT3,Error de conexión: NAT Tipo 3,
UserInterface::Menu.Text.CreateWorld.NameHintText,Nombre del mundo,
UserInterface::PopUp.CharacterConfirm.NameHintText,Introduce el nombre de tu personaje...,
UserInterface::HUD.Build.NotEnoughMaterials,Necesitas recursos,
UserInterface::HUD.Build.MissingStructure,Necesita una estructura próxima,
UserInterface::Crafting.BlockedText.ClearTable,Necesitas una mesa del almuerzo,
UserInterface::PopUp.NewEntitlement.Heading,¡Contenido nuevo desbloqueado!,
UserInterface::Cosmetics.Notification.Heading,Nuevo cosmético disponible,
UserInterface::HUD.Notification.NewGoal,Nuevo objetivo,
UserInterface::Menu.Text.NewWorldName,Nuevo nombre,
UserInterface::HUD.Notification.NewTutorial,Nuevo tutorial,
UserInterface::MapScreen.WaypointEditor.HintText,Nombre de nuevo punto de ruta,
UserInterface::Menu.Text.NewsFeed,Noticias,
UserInterface::HUD.Text.NoMatchingAmmoWithoutItemText,Sin munición,
UserInterface::HUD.Text.NoMatchingAmmoWithItemTextFormat,Sin munición ({0}),
UserInterface::HUD.Text.NoMatchingAmmoEquippedText,No tienes munición equipada,
UserInterface::HUD.Text.Awareness.None,Sin peligro,
UserInterface::Inventory.NoPack,Sin mochila,
UserInterface::Crafting.BlockedText.Generic,No hay espacio suficiente para fabricar,
UserInterface::Cosmetics.EmptyAvailableList,No hay aspectos cosméticos disponibles para aplicar. Agrega aspectos a tu guardarropa desde la pestaña Desbloqueables.,
UserInterface::Cosmetics.EmptyUnlockableList,No hay aspectos cosméticos desbloqueables. La armadura en tu inventario aparecerá aquí.,
UserInterface::CharacterCreator.BustDecrease,Pequeño,
UserInterface::WBP_Runecrafting_Screen.NotEnoughMaterials,No tienes suficientes recursos,
UserInterface::Cosmetics.Button.NothingEquipped,No hay nada seleccionado,
UserInterface::WBP_CalloutHud.Target.Nothing,Ningún objetivo,
UserInterface::WBP_DeconstructTargeting.Text.NoTarget,Ningún objetivo,
UserInterface::Settings.Subtitles.Mode.Off,NO,
UserInterface::Button.OK,Aceptar,
UserInterface::Settings.Subtitles.Mode.On,SÍ,
UserInterface::Settings.Graphic.Colorblind.Off,No,
UserInterface::Settings.Graphic.DLSS.Off,No,
UserInterface::Settings.Input.ControllerPrompts.Off,No,
UserInterface::Menu.OfflineText,Sin conexión,
UserInterface::Menu.Text.LoginStatus.Failed,Sin conexión,
UserInterface::Settings.Input.ControllerPrompts.On,Sí,
UserInterface::Menu.Text.LoginStatus.Success,En línea,
UserInterface::Menu.Text.LoginStatus.OssUnavailable,Servicios en línea no disponibles,
UserInterface::Menu.Text.NoMultiplayer,El juego en línea no está disponible actualmente para esta cuenta. Verifique su cuenta y vuelva a intentarlo.,
UserInterface::Menu.Text.LoginStatus.OssOffline,Servicios en línea inalcanzables,
UserInterface::Settings.Input.Chat,Abrir chat,
UserInterface::Settings.Input.FreeCam,Abrir cámara libre,
UserInterface::Settings.Input.MenuToggleLast,Abrir último menú de juego,
UserInterface::Button.OpenStorePage,Página de la tienda,
UserInterface::Cosmetics.Notification.Subtitle,Abre el armario para desbloquear.,
UserInterface::Menu.Text.WorldSeed.Hint,Opcional,
UserInterface::WBP_CalloutHud.Target.Ore,Mineral,
UserInterface::CharacterCreator.Origin,Origen,
UserInterface::BugReport.Category.Other,Otros,
UserInterface::System.Sleep.OthersWaitingOnYou,Otros jugadores están esperando a que te vayas a dormir,
UserInterface::CharacterCreator.BellyIncrease,Más,
UserInterface::Cosmetics.Category.UnlockedAlt,En propiedad,
UserInterface::Pause.Unavailable,PAUSA NO DISPONIBLE,
UserInterface::Pause.GamePaused,EN PAUSA,
UserInterface::Menu.Text.StartTextGamepad,PULSA CUALQUIER BOTÓN PARA CONTINUAR,
UserInterface::Menu.Text.StartText,PULSA CUALQUIER TECLA PARA CONTINUAR,
UserInterface::ControlPrompt.Pan,Desplazarse,
UserInterface::Menu.Text.EnterOptionalPasswordHint,Contraseña (opcional),
UserInterface::DifficultySliderName.PatrolFrequency,Frecuencia de aparición de patrullas enemigas,
UserInterface::FreeCam.CantPauseOnline,Pausa no disponible,
UserInterface::FreeCam.Prompt.PauseSimulation,Pausar/reanudar simulación,
UserInterface::BugReport.Category.Performance,Rendimiento,
UserInterface::Settings.Graphic.DLSS.Performance,Rendimiento,
UserInterface::CharacterCreator.Personality,Personalidad,
UserInterface::CharacterCreator.Physique,Complexión,
UserInterface::Settings.Input.Waypoint,Colocar punto de ruta en el mapa,
UserInterface::Button.Play,Jugar,
UserInterface::Button.PlayCampaignMode,Jugar a la campaña,
UserInterface::Button.PlayOffline,Jugar sin conexión,
UserInterface::Button.SelectExistingCharacter,Jugar como {CharName},
UserInterface::GenericPlayerName,Jugador,
UserInterface::Stats.Text.PlayerStats,Estadísticas de jugador,
UserInterface::Deconstruct.ErrorText.EnforcePlayerPlaced,Solo construcciones del jugador ,
UserInterface::HUD.Text.Party,Jugadores,
UserInterface::PopUp.JoinSession.PlayersLabel,Jugadores:,
UserInterface::Popup.JoinSession.InvalidPort,Ingrese un puerto válido.,
UserInterface::JoinSession.RequiresPassword,Introduce la contraseña del servidor para unirte.,
UserInterface::POIMarker.Name,Punto de interés,
UserInterface::WBP_MorGameStartIntroScreen.PreparingToJoin,Preparándolo todo para que te unas a la partida…,
UserInterface::Build.PressBWhilePlaying.Press,Pulsa,
UserInterface::ControlPrompt.Press,Pulsa,
UserInterface::Menu.Text.AssignKey,Pulsa la tecla…,
UserInterface::MediaPlayer.SkipText,Pulsa cualquier tecla para omitir,
UserInterface::PopUp.CancelMappingDescription,"Al pulsar «Confirmar», restaurarás las últimas asignaciones de acciones que hayas guardado.",
UserInterface::CharacterCreator.VoicePreview,Vista previa,
UserInterface::Popup.Legal.PrivacyPolicy,Política de privacidad,
UserInterface::Settings.Graphic.Colorblind.Protanopia,Protanopia (rojo),
UserInterface::ActionsDisplay.Punch,Dar un puñetazo,
UserInterface::DLC.Text.Purchased,Comprado,
UserInterface::Settings.Graphic.DLSS.Quality,Calidad,
UserInterface::Button.QueueFull,La cola está llena,
UserInterface::QuickBuild.QuickPrefix,C. rápida,
UserInterface::Settings.Input.QuickScaffold,Construir plataforma rápidamente,
UserInterface::Settings.Input.QuickRope,Construir cuerda rápidamente,
UserInterface::DedicatedServer.PermissionDenied.QuickBuild,No se permite la acción de compilación rápida.,
UserInterface::QuickBuild.QuickBuilding,Construcción rápida,
UserInterface::UI.Settings.Input.QuickDeconstruct,Deconstruir rápidamente,
UserInterface::HUD.Text.QuickMove,Mover rápido,
UserInterface::Button.Quit,Cerrar,
UserInterface::Button.QuitToDesktop,Cerrar e ir al escritorio,
UserInterface::PopUp.Heading.QuitToDesktop,Cerrar e ir al escritorio,
UserInterface::Stations.Text.Ready,LISTA,
UserInterface::Stations.Text.RepairStationHeader,ESTACIÓN DE REPARACIÓN,
UserInterface::Menu..Text.ReportBug,INFORMAR DE UN ERROR,
UserInterface::RecipeRequirements.Upper,REQUISITOS,
UserInterface::Button.Random,Aleatorio,
UserInterface::CharacterCreator.Button.Randomize,Aleatorio,
UserInterface::Popup.JoinSession.ReadytoJoin,Todo listo para unirte,
UserInterface::Menu.HostSuccess.Heading,Todo listo para iniciar la partida,
UserInterface::HUD.Notification.Recipe.FragmentFound,Has encontrado un fragmento de receta,
UserInterface::Button.RecipeViewer,Lista de recetas,
UserInterface::Stations.Text.RecipeNotFullyDiscovered,Aún no has descubierto la receta,
UserInterface::Stations.Text.Recipes,Recetas,
UserInterface::Chat.Pragma.InviteCodeChanged.Text,"Te has vuelto a conectar al servicio en línea. Se ha creado un nuevo código de invitación, que encontrarás en el menú Pausa.",
UserInterface::WPB_EscapeMenu.Reconnecting.Body,Volviendo a conectarse al servicio en línea...,
UserInterface::HUD.Notification.PlayerJoin.6,¡Llegan refuerzos! ¡{0} se unido al grupo!,
UserInterface::Cosmetics.Button.RemoveCosmetic,Quitar,
UserInterface::Cosmetic.ListItem.RemoveCosmetic,Quitar elemento estético,
UserInterface::Menu.Hint.Rename,Renombrar,
UserInterface::DedicatedServer.Explainer.Nitrado.Heading,Alquile un servidor de Nitrado,
UserInterface::Stations.Text.Repair,Reparar,
UserInterface::Stations.Text.RepairedItem,Objeto reparado: {0},
UserInterface::Menu.Text.ReportBug,Informar de un error,
UserInterface::Stations.Text.RequiredStation,Estructura necesaria,
UserInterface::UI_WBP_Recipe_Requirements.RequiredItems,Requisitos,
UserInterface::HUD.Text.Interact.RequiresTool,Se necesita {0},
UserInterface::Stations.Text.Requires,Se necesita {0},
UserInterface::Menu.Hint.ResetDefault,Volver a los valores predeterminados,
UserInterface::Settings.Graphic.Resolution,Resolución,
UserInterface::Stations.Text.Materials,Recursos,
UserInterface::ActionsDisplay.Restore,Restaurar,
UserInterface::DedicatedServer.PermissionsFormat,Permisos limitados para el jugador:<lf>{serverPermissions}<cf>{serverRules},
UserInterface::Button.Retire,Retirar,
UserInterface::PopUp.RetireCharacter,Retirando personaje,
UserInterface::Button.Retry,Reintentar,
UserInterface::Button.Resume,Volver a la partida,
UserInterface::Menu.Text.ButtonRevert,Revertir,
UserInterface::Menu.Text.ResolutionRevert,Restableciendo la resolución anterior en,
UserInterface::HUD.Text.ReviveOther,Revivir,
UserInterface::CharacterCreator.RotateCharacter,Rotar,
UserInterface::ControlPrompt.Rotate,Rotar,
UserInterface::Settings.Input.RotateConstruction,Rotar construcción,
UserInterface::Settings.Input.RotateConstructionCcw,Rotar construcción (izquierda),
UserInterface::Stations.Text.Runes,Runas de poder,
UserInterface::Menu.Text.Seed,SEMILLA,
UserInterface::Menu.Text.SelectChar,SELECCIONAR ENANO,
UserInterface::Button.Settings,CONFIGURACIÓN,
UserInterface::Sandbox.WorldType.Singular.Sandbox,Mundo abierto,
UserInterface::Sandbox.Button.PlaySandboxMode,Modo de mundo abierto,
UserInterface::Sandbox.WorldType.Plural.Sandbox,Mundos abiertos,
UserInterface::Button.Save,Guardar,
UserInterface::CharacterCreator.Button.ConfirmCharacter,Guardar,
UserInterface::PopUp.SaveChanges,¿Quieres guardar los cambios?,
UserInterface::BugReport.Category.SaveData,Datos de guardado,
UserInterface::Menu.Hint.SaveAndReturn,Guardar y volver,
UserInterface::Menu.Text.SaveNotExist,El archivo de guardado no existe,
UserInterface::Button.PopUp.Saved,Partida guardada,
UserInterface::CharacterCreator.Scars,Cicatrices,
UserInterface::ControlPrompt.Scroll,Desplazar,
UserInterface::ControlPrompt.ScrollStats,Scroll Estadísticas,
UserInterface::Button.Search,Conectar,
UserInterface::AxeHunt.SearchText,Registra la zona para encontrar el fragmento del hacha,
UserInterface::Menu.Text.SearchRecipes,Busca recetas…,
UserInterface::Menu.SessionSearching,Conectando…,
UserInterface::Menu.Hint.Select,Seleccionar,
UserInterface::Build.SelectBuildRecipe,Selecciona una receta de construcción,
UserInterface::WBP_Runecrafting_Screen.Select.Rune,Seleccionar runa,
UserInterface::WBP_Runecrafting_Screen.Select.Item,Selecciona una runa y un objeto,
UserInterface::HUD.Controls.Deconstruct.Description,Selecciona un bloque para deconstruir,
UserInterface::Build.Picker.SelectRecipe,Selecciona una receta,
UserInterface::Stations.Text.SelectRecipe,Selecciona una receta para fabricar,
UserInterface::Stations.Text.SelectItem,Selecciona un objeto para reparar,
UserInterface::WBP_Tint_Screen.SelectItem,Selecciona un objeto para teñirlo.,
UserInterface::DifficultyPreset.Description.Custom,Personaliza las opciones de dificultad a continuación. ,
UserInterface::Build.SelectConstruction,Selecciona algo para construir,
UserInterface::PopUp.ResetToDefault.Description,"Al seleccionar «Confirmar», todos los ajustes volverán a sus valores predeterminados.",
UserInterface::Settings.Heading.Sensitivity,Sensibilidad,
UserInterface::SessionHistory.Heading,Historial de sesiones,
UserInterface::Popup.GoToMainMenuReason.PragmaTamperedText,Se ha detectado una desviación del servicio de sesión,
UserInterface::Menu.Text.LoginStatus.PragmaOffline,Servicios de sesión inalcanzables,
UserInterface::Settings,Configuración,
UserInterface::BugReport.Label.Severity,Gravedad (1: baja -> 5: crítica),
UserInterface::CharacterCreator.ChestDecrease,Estrecho,
UserInterface::CharacterCreator.Shoulders,Hombros,
UserInterface::Button.Show,Mostrar,
UserInterface::DifficultySliderName.SiegeFrequency,Frecuencia de asedio,
UserInterface::HUD.Notification.PlayerJoin.9,"Entonemos una canción, pues {0} acaba de llegar.",
UserInterface::CharacterCreator.Skin,Piel,
UserInterface::Settings.Subtitles.Size.Small,Pequeño,
UserInterface::DifficultyPreset.Name.B,En solitario,
UserInterface::HUD.Text.Awareness.Low,Peligro bajo,
UserInterface::ControlPrompt.SortInventory,Filtrar inventario,
UserInterface::Settings.Audio.SoundEffects,Efectos de sonido,
UserInterface::Button.SpeedUp,Acelerar,
UserInterface::HUD.Text.SplitStack,Dividir pila,
UserInterface::UI.Settings.Input.Sprint,Correr,
UserInterface::DLC.OrcHunter.Description,"Sigue de cerca el mal que deambula por la montaña y haz trofeos con sus huesos con el paquete de cazaorcos. Incluye una armadura cosmética terrorífica, un arma y un brebaje. Talla la nueva runa de trofeos de caza para hacer trofeos y decoraciones tétricas con los caídos.",
UserInterface::HUD.Text.Stamina,Resistencia,
UserInterface::DifficultySliderName.StaminaRegen,Regeneración de resistencia,
UserInterface::Button.StartBrewing,Preparar brebaje,
UserInterface::Stations.Text.Station,Estación,
UserInterface::Stations.Text.Stations,Estaciones,
UserInterface::HUD.Text.Stats,Estadísticas,
UserInterface::Popup.JoinSession.StatusLabel,Estado:,
UserInterface::Menu.Text.StorageGeneric,Almacenamiento,
UserInterface::Inventory.ContainerSlotsUsed,Almacenamiento lleno,
UserInterface::DifficultyPreset.Name.A,Historia,
UserInterface::HUD.RequiresStrongerToolText.FallbackTier,Pico superior,
UserInterface::CharacterCreator.Style,Estilo,
UserInterface::Button.Submit,Enviar,
UserInterface::Settings.Subtitles.Size,Tamaño de subtítulos,
UserInterface::Settings.Heading.Subtitles,Subtítulos,
UserInterface::BugReporter.Label.Summary,Resume el error,
UserInterface::DifficultySliderName.SurvivalDifficulty,Dificultad de supervivencia,
UserInterface::ControlPrompt.SwapQuickBuildChoice,Cambio rápido de elección de edificio,
UserInterface::ActionsDisplay.Swing,Blandir,
UserInterface::Difficulty.Popup.Custom.Description,Cambiar a una dificultad preestablecida borrará sus opciones personalizadas.,
UserInterface::PauseMenu.Tab.Options,Sistema,
UserInterface::Button.TakeAll,Coger todo,
UserInterface::CharacterCreator.Tattoos,Tatuajes,
UserInterface::PopUp.Telemetry.Heading,Aviso de telemetría,
UserInterface::Popup.Legal.Heading,Términos y condiciones,
UserInterface::Popup.Legal.ToS,Condiciones del servicio,
UserInterface::BugReport.Category.Text,Textos,
UserInterface::DLC.BeornPack.Title,Paquete de la cabaña de Beorn,
UserInterface::HUD.Notification.KhazadstoneGet,¡La compañía tiene la piedra khazâd!,
UserInterface::DLC.EntPack.Title,Paquete de artesanía ent,
UserInterface::DLC.OrcHunter.Title,Juramento de cazaorcos,
UserInterface::DLC.Rohan.Title,Paquete de Rohan,
UserInterface::HUD.Text.SiegeComplete,Ha terminado el asedio,
UserInterface::DLC.HolidayPack.Title,Paquete de Yuletide,
UserInterface::DifficultySliderDescription.Combat,El daño base que inflige y sufre el enemigo,
UserInterface::DifficultySliderDescription.WorldDrops,La tasa de aparición de recompensas<lf>por derrotar orcos y enemigos,
UserInterface::HUD.Notification.HordeDone.Loss,La horda te ha derrotado,
UserInterface::HUD.Notification.HordeActive,¡Ha llegado la horda!,
UserInterface::Popup.GoToMainMenuReason.BlockedKickedText,El anfitrión te ha echado del juego.,
UserInterface::Popup.Description.HostLeft,El host de la partida se ha ido.,
UserInterface::HUD.Notification.PlayerJoin.7,Las montañas le dan la bienvenida a {0}.,
UserInterface::PopUp.Description.InvalidCharacterName,El nombre de tu enano debe contener al menos un carácter que no sea un espacio en blanco.,
UserInterface::PopUp.Description.InvalidWorldName,El nombre de tu mundo debe contener al menos un carácter que no sea un espacio en blanco.,
UserInterface::DifficultySliderDescription.SurvivalDifficulty,"La potencia de varias bonificaciones,<lf>la velocidad con la que los enanos sucumben a la desesperación<lf>y la tasa de pérdida de resistencia, energía y hambre",
UserInterface::Chat.Pragma.Disconnected.Text,"No se ha podido restablecer la conexión con el servicio en línea. Si quieres que otros jugadores se unan a tu partida, sal y reinicia tu mundo.",
UserInterface::PopUp.CharacterConfirm.TipDescription,Puedes personalizar el nombre y el aspecto de tu enano siempre que quieras desde el menú Selección de enano.,
UserInterface::Sandbox.FTUEModal.Description,Un primer vistazo experimental a una nueva forma de jugar.<lf><lf>- Enormes variaciones no lineales en el diseño del mundo<lf>- Narrativa simplificada para que puedas contar tu propia historia<lf>- Nuevas formas de desbloquear recetas de fabricación<lf>- Nuevas armas y armaduras por descubrir<lf><lf>¡Gracias por probarlo! No olvides unirte al Discord de Return to Moria para enviarnos tus comentarios.,
UserInterface::BugReport.Description,"Utiliza esta herramienta para enviarnos tus comentarios e informar de errores que encuentres durante el juego. Cuando pulses «Enviar», recibiremos una captura de pantalla de tu posición actual. Si necesitas salir de esta página para reubicarte, ¡no te preocupes! La información que hayas escrito en el formulario no se borrará hasta que lo envíes.",
UserInterface::ActionsDisplay.Throw,Tirar,
UserInterface::ControlPrompt.Throw,Tirar,
UserInterface::UI.Settings.Input.Throw,Tirar objeto,
UserInterface::Throw.Text.ThrowMode,Tirar un objeto,
UserInterface::WeaponTier.Format,Nivel {n},
UserInterface::CharacterCreator.WaistDecrease,Estrecha,
UserInterface::Cosmetic.Prompt.Tint,Pigmentos,
UserInterface::Stations.Text.Tints,Pigmentos,
UserInterface::Settings.Input.Tips,Consejos,
UserInterface::Popup.Telemetry.Description,"Para mejorar tu experiencia de juego, recopilaremos datos anónimos, como métricas de rendimiento y patrones de uso. Si decides retirar tu consentimiento, puedes hacerlo en cualquier momento desde la pestaña Legal, en Configuración.",
UserInterface::ControlPrompt.ToggleCameraHeight,Activar/desactivar altura de la cámara,
UserInterface::UI.Settings.Input.ToggleCameraHeight,Activar/desactivar altura de la cámara,
UserInterface::Prompt.TogglePlayerVisibility,Alternar visibilidad de enanos,
UserInterface::Prompt.ToggleHUDVisibility,Alternar visibilidad de HUD,
UserInterface::Settings.Input.ToggleAimTargetLock,Activar/desactivar bloqueo de objetivo,
UserInterface::WBP_CalloutHud.Distance.TooFarAway,Demasiado lejos,
UserInterface::System.Sleep.Cold,Tienes demasiado frío para dormir,
UserInterface::System.Sleep.NotTimeYet,Es demasiado pronto para ir a dormir,
UserInterface::System.Sleep.Starving,Tienes demasiada hambre para dormir,
UserInterface::System.Sleep.Cooldown,Es demasiado pronto para volver a dormir,
UserInterface::Button.Teleport,Viajar,
UserInterface::HUD.Text.Teleport,Viajar,
UserInterface::Waypoints.Text.FastTravelDescription,Ubicación de viaje rápido,
UserInterface::Waypoints.Filter.FastTravel,Ubicaciones de viaje rápido,
UserInterface::Settings.Graphic.Colorblind.Tritanopia,Tritanopia (azul),
UserInterface::HUD.Notification.TutorialComplete,Tutorial completado,
UserInterface::Settings.Audio.UISoundEffects,Efectos de la IU,
UserInterface::Settings.Graphic.DLSS.UltraPerformance,Ultrarrendimiento,
UserInterface::Settings.Graphic.DLSS.UltraQuality,Ultracalidad,
UserInterface::Menu.Text.LoginFailed.DescriptionGeneric,"No se ha podido conectar con los servicios en línea. Por favor, inténtelo de nuevo más tarde.<lf>",
UserInterface::Menu.Text.LoginFailed.DescriptionPragma,"No se puede conectar a los servicios de sesión. Por favor, inténtelo de nuevo más tarde.",
UserInterface::JoinSession.VersionMismatchVerbose,No has podido unirte: el anfitrión tiene una versión diferente. Actualiza el juego e inténtalo de nuevo.,
UserInterface::Popup.JoinSession.InvalidHostname,No se puede resolver el dominio y el puerto.,
UserInterface::PopUp.Heading.CouldNotStartGame,No se ha podido iniciar el juego,
UserInterface::Menu.Text.UnassignedKey,Sin asignar,
UserInterface::Menu.Text.LoginStatus.Unavailable,No disponible,
UserInterface::HUD.Text.SiegePOI,Bajo asedio,
UserInterface::Button.Store,Desequipar,
UserInterface::Cosmetics.Category.Locked,Desbloqueable,
UserInterface::Button.Use,Usar,
UserInterface::Settings.Input.AttackMine,Usar/Atacar/Excavar,
UserInterface::Popup.JoinSession.VersionMatchLabel,Compatibilidad de versión:,
UserInterface::HUD.Text.VersionNumber,Número de versión,
UserInterface::DifficultySliderOptionName.Generic.Five,Muy alto,
UserInterface::DifficultySliderOptionName.Generic.One,Muy bajo,
UserInterface::Settings.Input.Vibrate,Vibración,
UserInterface::HUD.Notification.HordeDone,¡Victoria!,
UserInterface::Settings.Tab.Button.Video,Vídeo,
UserInterface::CharacterCreator.Voice,Voz,
UserInterface::Settings.Audio.Voice,Voz,
UserInterface::Settings.Heading.Levels,Niveles de volumen,
UserInterface::DifficultySliderDescription.MiningDrops,La cantidad de mineral que produce cada veta,
UserInterface::Menu.Text.WorldName,NOMBRE DEL MUNDO,
UserInterface::Menu.Text.WorldSeed,SEMILLA DEL MUNDO,
UserInterface::Menu.Text.WorldSelection,SELECCIÓN DE MUNDO,
UserInterface::CharacterCreator.Waist,Cintura,
UserInterface::Popup.JoinSession.WaitingForHost,Esperando al host,
UserInterface::System.Sleep.WaitingOnOthers,Esperando a que los demás se vayan a dormir,
UserInterface::Cosmetics.ScreenTitle,Armario,
UserInterface::PopUp.ClosedBeta.Heading,Aviso,
UserInterface::MapScreen.WayOut,Salida,
UserInterface::Menu.FullScreen.Text.WaypointNotCreated,No se ha podido crear el punto de ruta. Elimina uno antes de añadir otro.,
UserInterface::Waypoints.Header.Waypoints,Puntos de ruta,
UserInterface::Crash.DefaultMessage,Sentimos mucho que se haya producido un error. Nuestro objetivo es evitar problemas como este en el futuro. Explícanos en detalle qué estabas haciendo cuando ocurrió el error para que podamos reproducirlo y solucionarlo cuanto antes.<lf><lf>Nos comprometemos a proteger tus datos personales y te recomendamos que no incluyas información personal que permita identificarte en este informe de errores.<lf><lf>¡Gracias por ayudarnos a mejorar Return to Moria!,
UserInterface::Crash.CorruptedFile,"Hemos detectado un problema, probablemente debido a un archivo corrupto o ausente. Comprueba la integridad de los archivos del juego o reinstálalo. Si el error persiste, explícanos en detalle qué estabas haciendo cuando ocurrió para que podamos reproducirlo y solucionarlo cuanto antes.<lf><lf>Nos comprometemos a proteger tus datos personales y te recomendamos que no incluyas información personal que permita identificarte en este informe de errores.<lf><lf>¡Gracias por ayudarnos a mejorar Return to Moria!",
UserInterface::Sandbox.FTUEModal.Heading,¡Te damos la bienvenida a la vista previa de la versión alfa del modo Mundo abierto!,
UserInterface::Settings.Graphic.Fullscreen.Windowed,Ventana,
UserInterface::Settings.Graphic.Fullscreen.WindowedFullscreen,Ventana a pantalla completa,
UserInterface::DifficultySliderName.WorldDrops,Tasa de aparición de objetos,
UserInterface::PopUp.JoinSession.WorldNameLabel,Nombre del mundo:,
UserInterface::Menu.Text.WorldType,Tipo de mundo:,
UserInterface::Menu.Text.LoginFailed.NotSignedIn.Xbox,No te has conectado a Xbox Live. Inicia sesión con tu cuenta e inténtalo de nuevo.,
UserInterface::Menu.Text.LoginFailed.NotSignedIn.PS5,No te has conectado a PlayStation Network. Inicia sesión con tu cuenta e inténtalo de nuevo.,
UserInterface::Popup.JoinSession.NotDedicatedServer,Solo puede unirse directamente a servidores dedicados.,
UserInterface::Settings.Graphic.BrightnessReminder,Puedes reajustarlo en cualquier momento en la configuración del juego,
UserInterface::WBP_Runecrafting_Screen.None.Inscribable,No tienes ningún objeto que se pueda grabar,
UserInterface::Alert.Description.NAT3,Es posible que tengas problemas para organizar partidas o unirte a ellas. Ponte en contacto con tu proveedor de internet o actualiza la configuración de tu router y vuelve a intentarlo más tarde.,
UserInterface::PopUp.CancelCreator.Description,Perderás todos los cambios que le hayas hecho a tu personaje y no se hayan guardado.,
UserInterface::BugReport.SubmitConfirmation,Se ha enviado tu comentario o error. ¡Gracias por tu ayuda!,
UserInterface::Popup.GoToMainMenuReason.RejectedPlatform,El anfitrión no acepta tu plataforma.,
UserInterface::HUD.Notification.ItemBroken,Tu {ItemName} se ha roto,
UserInterface::HUD.Notification.TorchBroken,Tu {ItemName} se ha apagado,
UserInterface::Popup.JoinFriend.Description,Abandonarás la partida actual y volverás a la pantalla de selección de personaje. ¿Seguro que quieres continuar?,
UserInterface::Menu.Text.ResolutionSeconds,segundos,
UserInterface::ControlPrompt.toView,para obtener más información,
UserInterface::Notification.ReadEntry,para leer la entrada,
UserInterface::FreeCam.PressBack,para desactivar el modo de cámara libre.,
UserInterface::ControlPrompt.forBuildMenu,para seleccionar un plano de construcción,
UserInterface::Tutorial.HUD.ViewActiveText,para ver todos los tutoriales,
UserInterface::Build.PressBWhilePlaying.WhilePlaying,durante el juego para el modo Construir.,
UserInterface::Stations.Text.RepairCountFormat,{0} ({1} reparaciones),
UserInterface::HUD.RequiresStrongerToolText,Se necesita: {0},
UserInterface::WBP_CalloutHud.Distance.Yards,A {0} yardas,
UserInterface::HUD.DepthText,{0} brazas de profundidad,
UserInterface::HUD.Notification.MapStoneDiscovered,¡{0} ha encontrado una piedra cartográfica!,
UserInterface::HUD.Notification.PlayerJoin.3,{0} ha vuelto a Moria.,
UserInterface::HUD.Notification.PlayerJoin.1,{0} se ha unido a la compañía.,
UserInterface::HUD.Notification.PlayerLeave.1,{0} ha abandonado la compañía.,
UserInterface::HUD.Notification.PlayerLeave.2,{0} ha abandonado la compañía.,
UserInterface::HUD.Notification.PlayerLeave.3,{0} ha abandonado la compañía.,
UserInterface::HUD.Notification.PlayerLeave.4,{0} ha abandonado la compañía.,
UserInterface::HUD.Notification.PlayerLeave.5,{0} ha abandonado la compañía.,
UserInterface::HUD.Notification.PlayerLeave.6,{0} ha abandonado la compañía.,
UserInterface::Crafting.CraftTimeSeconds,{0} segundos,
UserInterface::HUD.Notification.PlayerJoin.5,{0} ha despertado de su letargo.,
UserInterface::HUD.POI.Distance,{0} yardas,
UserInterface::Menu.Text.PercentDurability,{0} % de durabilidad,
UserInterface::HUD.Notification.PlayerJoin.2,¡{0} a tu servicio!,
UserInterface::Crafting.GetMissingStructuresList,{0} {1},
UserInterface::Format.DescriptionComma,{0} {1},
UserInterface::HUD.Notification.PlayerJoin.4,La barba de {0} crece.,
UserInterface::Sandbox.CreateWorld.DefaultWorldName,Mundo abierto de {CharacterName},
UserInterface::Menu.Text.DefaultWorldName,Mundo de {CharacterName},
UserInterface::HUD.Notification.Recipe.FullRecipeFound,Has encontrado una receta de {Const},
UserInterface::MapScreen.WaypointDepthText,{Depth} brazas por {Above/Below},
UserInterface::HUD.Interact.ObjectNeedsHearth,{DisplayName} (sin actividad; no hay un hogar cerca),
UserInterface::MapScreen.PlayerNameYou,{Name} (tú),
UserInterface::Menu.SessionFound,Se ha encontrado la partida de {Name},
UserInterface::Inventory.Text.ContainerOfItem,{container} de {item},
UserInterface::MapScreen.PlayerListDepth,{value} brazas de profundidad,
World::Landmarks.Ch2.Gamestart,Lugar del accidente,
World::Landmarks.Ch5.BoneHoard.AncientDoor,Puerta ancestral,
World::Waypoint.Sandbox.Tomb,Secreto ancestral,
World::Waypoint.BalinCamp.21stHall,Puesto Avanzado de Balin,
World::Landmarks.Ch4.BalinsTomb.Icon,Tumba de Balin,
World::Landmarks.Ch5.BalrogsNest,Guarida del balrog,
World::Landmarks.Ch3.FloodedForge,Fragua de Belegost ,
World::Landmarks.Ch4.BridgeOfKhazadDum,Puente de Khazad-dûm,
World::Zones.Names.sb_City_D,Salones Radiantes,
World::Waypoint.Ch2.PlatformTutorial,Construir aquí,
World::Waypoint.DefaultBaseFormat,Campamento ({0}),
World::Waypoint.DefaultBaseFormatMultiple,Campamento {1} ({0}),
World::Zones.Names.sb_LowerDeeps_B,Profundidades de las cavernas,
World::Zones.Names.sb_DestroyedCity_A_Desolation,Ruinas del Salón de la Cámara,
World::Landmarks.Ch4.Chamber.Icon,Cámara de Mazarbul,
World::Landmarks.Ch5.Crossroads,Encrucijada,
World::Landmarks.Ch3.CrystalDescent,Descenso de cristal,
World::Zones.Names.CrystalDescent,El descenso de cristal,
World::Zones.Names.SB_Descent_A,Descenso de cristal,
World::Zones.Names.sb_DarkestDeeps_C,Sima oscura,
World::Zones.Names.sb_DarkestDeeps_D,Grieta oscura,
World::Zones.Names.sb_DarkestDeeps_E,Fisura oscura,
World::Zones.Names.DarkestDeeps1,Pozo de la Mina Oscura,
World::Zones.Names.DarkestDeeps1.Banner,Pozo de la Mina Oscura,
World::Zones.Names.DarkestDeeps2,Pozo de la Mina Oscura,
World::Zones.Names.DarkestDeeps2.Banner,Pozo de la Mina Oscura,
World::Zones.Names.DarkestDeeps3,Pozo de la Mina Oscura,
World::Zones.Names.DarkestDeeps3.Banner,Pozo de la Mina Oscura,
World::Zones.Names.DarkestDeeps4,Pozo de la Mina Oscura,
World::Zones.Names.DarkestDeeps4.Banner,Pozo de la Mina Oscura,
World::Zones.Names.DarkestDeeps7,Pozo de la Mina Oscura,
World::Zones.Names.DarkestDeeps7.Banner,Pozo de la Mina Oscura,
World::Zones.Names.DarkestDeeps8,Pozo de la Mina Oscura,
World::Zones.Names.DarkestDeeps8.Banner,Pozo de la Mina Oscura,
World::Zones.Names.sb_DarkestDeeps_C.Banner,Sima minera oscura,
World::Zones.Names.sb_DarkestDeeps_D.Banner,Grieta minera oscura,
World::Zones.Names.sb_DarkestDeeps_E.Banner,Fisura minera oscura,
World::Zones.Names.sb_DarkestDeeps_A.Banner,Agujero minero oscuro,
World::Zones.Names.sb_DarkestDeeps_B,Cantera oscura,
World::Zones.Names.sb_DarkestDeeps_B.Banner,Cantera oscura,
World::Zones.Names.sb_DarkestDeeps_A,Agujero oscuro,
World::Zones.Names.DwarrowdelfRampage,La desolación del Flagelo de Durin,
World::Landmarks.Ch6.DimrillGate,Puerta del Valle del Arrollo Sombrío,
World::Zones.Names.EasternGate.Icon,Puerta del Valle del Arrollo Sombrío,
World::Landmarks.Ch2.EntranceHall,Puertas de Durin,
World::Waypoint.Sandbox.Dragon,Guarida de la dragona,
World::Landmarks.Ch3.Drainworks,Bombas de drenaje,
World::Waypoint.Sandbox.Statue,Monumento de Durin,
World::Zones.Names.sb_DestroyedCity_C,Ruinas de la capital de Durin,
World::Landmarks.Ch4.DurinsCapitol,La Gran Fragua y el trono de Durin I,
World::Landmarks.Ch4.DurinsForge,Fragua de Durin,
World::Zones.Names.TheHighway,Camino de Durin,
World::Zones.Names.TheHighway.Banner,Camino de Durin,
World::Zones.Names.sb_Suburban_B_Highway,Camino de Durin,
World::Chapter4.Name,Pozo Oscuro,
World::Landmarks.Ch4.PosterNexus,Pozo Oscuro,
World::Zones.Names.EasternBastion,El bastión oriental,
World::Zones.Names.sb_City_A_EasternBastion,El bastión oriental,
World::Zones.Names.SB_Elevator_A,Escalera oriental,
World::Landmarks.Ch3.EasternStairs.Icon,Escaleras orientales,
World::Zones.Names.SB_Elevator_I,Octava escalera,
World::Zones.Names.sb_ElvenQuarter_C,Jardines élficos,
World::Zones.Names.sb_ElvenQuarter_C.Banner,Jardines élficos,
World::Zones.Names.ElvenQuarter,El barrio élfico,
World::Zones.Names.sb_ElvenQuarter_B,Refugio élfico,
World::Zones.Names.sb_ElvenQuarter_B.Banner,Refugio élfico,
World::Zones.Names.sb_ElvenQuarter_A,Talleres élficos,
World::Zones.Names.sb_ElvenQuarter_A.Banner,Talleres élficos,
World::Zones.Names.GundabadOrcTown1.Banner,Campamento de los orcos de Gundabad,
World::Zones.Names.SB_Elevator_F,Quinta escalera,
World::Zones.Names.EasternGate,La Puerta del Valle del Arrollo Sombrío,
World::Zones.Names.sb_Mines_B,Primeras minas,
World::Zones.Names.SB_Elevator_B,Primera escalera,
World::Zones.Names.sb_LowerDeeps_A_Drainworks,Abismos Inundados,
World::Landmarks.Ch5.BalrogsNest_DragonFight,Sigue a la dragona,
World::Zones.Names.SB_Descent_B,Descenso olvidado,
World::Zones.Names.SB_Elevator_E,Cuarta escalera,
World::Waypoint.BalinCamp.Desolation,Puesto Avanzado de Frár,
World::Zones.Names.EasternBastion.Khuzdul,"Gadan Si'ar",
World::Zones.Names.sb_City_A_EasternBastion.Khuzdul,Unmir Ganâd,
World::Landmarks.Ch2.BlockedHighwayWestMines,Puerta al Camino de Durin,
World::Landmarks.Ch2.BlockedHighwayWestTown,Puerta al Camino de Durin,
World::Landmarks.Ch4.BlockedHighwayEast,Puerta al Camino de Durin,
World::Landmarks.Ch3.HeadwaterNexus,Extensión de la gruta,
World::Zones.Names.GundabadOrcTown1,Campamento de los orcos de Gundabad,
World::Zones.Names.GundabadOrcTown1.Icon,Campamento en Gundabad,
World::Zones.Names.sb_DestroyedCity_B,Ruinas de la gran mansión,
World::Zones.Names.sb_DestroyedCity_D,Ruinas del bastión interior,
World::Zones.Names.sb_Mines_A_WesternMines,Minas de hierro,
World::Waypoint.IronOre.Westgate,Veta de hierro,
World::Zones.Names.sb_Mines_D,Minas del Rey,
World::Zones.Names.sb_AngryCaverns_C,Última defensa,
World::Zones.Names.LowerDeeps,Los abismos inferiores,
World::Zones.Names.LowerDeeps.Icon,Abismos inferiores,
World::Waypoint.BalinCamp.WestMines,Puesto Avanzado de Lóni ,
World::Zones.Names.sb_City_C,Salones de la mansión,
World::Waypoint.DefaultMapStoneFormat,Piedra cartográfica ({0}),
World::Waypoint.DefaultMapStoneFormatMultiple,Piedra cartográfica {1} ({0}),
World::Zones.Names.sb_Suburban_C,Puerta del mercado,
World::Zones.Names.sb_Suburban_C.Banner,Puerta del mercado,
World::Waypoints.MineHoist,Montacargas de la mina,
World::Zones.Names.WesternMines,Las Minas de Moria,
World::Landmarks.Ch5.MithrilForge,Fragua de mithril,
World::Landmarks.Ch5.MineTown,Mina de mithril,
World::Zones.Names.sb_AngryCaverns_B,Mina de mithril,
World::Zones.Names.MithrilLode1,Pozo de la mina de mithril,
World::Zones.Names.MithrilLode1.Banner,Pozo de la mina de mithril,
World::Zones.Names.MithrilLode2,Pozo de la mina de mithril,
World::Zones.Names.MithrilLode2.Banner,Pozo de la mina de mithril,
World::Zones.Names.MithrilLode3,Pozo de la mina de mithril,
World::Zones.Names.MithrilLode3.Banner,Pozo de la mina de mithril,
World::Zones.Names.MithrilLode4,Pozo de la mina de mithril,
World::Zones.Names.MithrilLode4.Banner,Pozo de la mina de mithril,
World::Waypoint.Sandbox.Altar,Muznâkan,
World::Landmarks.Ch5.NainsGrave.Icon,La última batalla de Náin,
World::Zones.Names.SB_Descent_C,Descenso sin nombre,
World::Landmarks.Ch2.ElvenForge.Icon,Fragua de Narvi,
World::Zones.Names.SB_Elevator_J,Novena escalera,
World::Landmarks.Ch4.NogrodForge,Fragua de Nogrod,
World::Zones.Names.DeepGoblinTown1,Madriguera de los orcos de las profundidades,
World::Zones.Names.DeepGoblinTown1.Icon,Madriguera orca,
World::Zones.Names.DeepGoblinTown3,Madriguera de los orcos de las profundidades,
World::Landmarks.Ch2.BolgsonsThrone,Orcópolis,
World::Zones.Names.NativeOrcTown2,Orcópolis,
World::Zones.Names.NativeOrcTown2.Banner,Orcópolis,
World::Waypoint.BalinCamp.Westgate,Puesto Avanzado de Ori,
World::Zones.Names.sb_LowerDeeps_C,Abismos del Peregrino,
World::Landmarks.Ch3.Library,Biblioteca de los Peregrinos,
World::Landmarks.Ch3.EasternStairs,Ruta de los peregrinos,
World::Landmarks.Ch3.EasternStairs.FloodedForge,Ruta de los peregrinos,
World::Waypoint.POI,Punto de interés,
World::Waypoint.Sandbox.Ranger,Campamento de exploradores,
World::Zones.Names.RedEyeOrcTown1,Fortaleza de los orcos de ojos rojos,
World::Zones.Names.RedEyeOrcTown1.Icon,Fortaleza de la tribu de los ojos rojos,
World::Zones.Names.AngryCaverns,Caradhras el Cruel,
World::Zones.Names.AngryCaverns.Icon,Caradhras,
World::Zones.Names.sb_AngryCaverns_A,Mina de Cuerno Rojo,
World::Zones.Names.sb_DestroyedCity_C.Banner,Ruinas de la capital de Durin,
World::Zones.Names.sb_DestroyedCity_A_Desolation.Banner,Ruinas de los Salones de la Cámara,
World::Zones.Names.sb_DestroyedCity_B.Banner,Ruinas de las grandes mansiones,
World::Zones.Names.sb_DestroyedCity_D.Banner,Ruinas del bastión interior,
World::Waypoint.DurinsAxe.GundabadOrcTown,Registra la zona,
World::Waypoint.DurinsAxe.Mines,Registra la zona,
World::Waypoint.DurinsAxe.PosterNexus,Registra la zona,
World::Waypoint.DurinsAxe.TrollCave,Registra la zona,
World::Waypoint.DurinsAxe.Westgate,Registra la zona,
World::Zones.Names.SB_Elevator_C,Segunda escalera,
World::Zones.Names.SB_Elevator_H,Séptima escalera,
World::Zones.Names.GhashOrcTown1,Los dominios de los orcos de la sombra,
World::Zones.Names.GhashOrcTown1.Icon,Dominios de los orcos de la sombra,
World::landmarks.Ch2.MinesShortcut,Atajo a las minas,
World::Zones.Names.SB_Elevator_G,Sexta escalera,
World::Zones.Names.sb_Mines_C,Minas espirales,
World::Zones.Names.sb_Suburban_D,Puerta de piedra,
World::Zones.Names.sb_Suburban_D.Banner,Puerta de piedra,
World::Zones.Names.RedEyeOrcTown1.Banner,Fortaleza de los orcos de ojos rojos,
World::Landmarks.Ch3.Abyss,El Abismo Negro,
World::Landmarks.Ch5.BoneHoard,El Tesoro de Huesos,
World::Landmarks.Ch4.BridgeOfKhazadDum.Banner,El puente de Khazad-dûm,
World::Zones.Names.sb_City_D.Banner,Los Salones Radiantes,
World::Zones.Names.sb_LowerDeeps_B.Banner,Las profundidades de las cavernas,
World::Landmarks.Ch4.ChamberofMazarbul,La Cámara de Mazarbul,
World::Zones.Names.DwarrowdelfCity.Banner,Pozo Oscuro,
World::Landmarks.Ch5.Crossroads.Banner,La encrucijada de Zirakzigil,
World::Zones.Names.CrystalDescent.Banner,El Descenso de Cristal,
World::Zones.Names.SB_Descent_A.Banner,El descenso de cristal,
World::Landmarks.Ch4.BalrogsWake.Icon,La Desolación,
World::Zones.Names.DwarrowdelfRampage.Banner,La Desolación,
World::Zones.Names.EasternGate.Banner,La Puerta del Valle del Arrollo Sombrío,
World::Zones.Names.GhashOrcTown1.Banner,Los dominios de los orcos de la sombra,
World::Landmarks.Ch2.EntranceHall.Banner,Las Puertas de Durin,
World::Zone.Names.EasternBastion.Banner,El bastión oriental,
World::Zones.Names.EasternBastion.Banner,El bastión oriental,
World::Zones.Names.sb_City_A_EasternBastion.Banner,El bastión oriental,
World::Zones.Names.SB_Elevator_A.Banner,La escalera oriental,
World::Zones.Names.SB_Elevator_I.Banner,La octava escalera,
World::Zones.Names.ElvenQuarter.Banner,El Barrio Élfico,
World::Zones.Names.SB_Elevator_F.Banner,La quinta escalera,
World::Chapter.Sandbox.Deep1.Name,El primer abismo,
World::Chapter.Sandbox.Level1.Name,El primer piso,
World::Zones.Names.sb_Mines_B.Banner,Las primeras minas,
World::Zones.Names.SB_Elevator_B.Banner,La primera escalera,
World::Zones.Names.sb_LowerDeeps_A_Drainworks.Banner,Los Abismos Inundados,
World::Zones.Names.SB_Descent_B.Banner,El descenso olvidado,
World::Chapter.Sandbox.Deep4.Name,El cuarto abismo,
World::Chapter.Sandbox.Level4.Name,El cuarto piso,
World::Zones.Names.SB_Elevator_E.Banner,La cuarta escalera,
World::Landmarks.Ch3.FloodedForge.Banner,La Gran Fragua de Belegost,
World::Landmarks.Ch3.Drainworks.Banner,Las grandes bombas de drenaje de los abismos inferiores,
World::Landmarks.CH4.DurinsCapitol.Banner,La Gran Fragua y el trono de Durin I,
World::Landmarks.Ch2.ElvenForge,La Gran Fragua de Narvi,
World::Landmarks.Ch4.NogrodForge.Banner,La Gran Fragua de Nogrod,
World::Landmarks.Ch5.MithrilForge.Banner,La Gran Fragua de Mithril,
World::Zones.Names.sb_Mines_D.Banner,Las Minas del Rey,
World::Zones.Names.sb_AngryCaverns_C.Banner,La última defensa,
World::Chapter3.Name,Los abismos inferiores,
World::Zones.Names.LowerDeeps.Banner,Abismos inferiores,
World::Zones.Names.sb_City_C.Banner,Los salones de la mansión,
World::Zones.Names.WesternMines.Banner,Las Minas de Moria,
World::Landmarks.Ch5.MineTown.Banner,La mina de mithril,
World::Zones.Names.sb_AngryCaverns_B.Banner,La mina de mithril,
World::Zones.Names.SB_Descent_C.Banner,El descenso sin nombre,
World::Zones.Names.SB_Elevator_J.Banner,La novena escalera,
World::Zones.Names.sb_Mines_A_WesternMines.Banner,Las antiguas minas de hierro,
World::Zones.Names.sb_LowerDeeps_C.Banner,Los Abismos del Peregrino,
World::Landmarks.Ch3.Library.Banner,La Biblioteca de los Peregrinos,
World::Zones.Names.AngryCaverns.Banner,Caradhras el Cruel,
World::Zones.Names.sb_AngryCaverns_A.Banner,La mina de Cuerno Rojo,
World::Chapter.Sandbox.Deep2.Name,El segundo abismo,
World::Chapter.Sandbox.Level2.Name,El segundo piso,
World::Zones.Names.SB_Elevator_C.Banner,La segunda escalera,
World::Zones.Names.SecretTombOfKings.Banner,La tumba secreta de los reyes,
World::Zones.Names.SB_Elevator_H.Banner,La séptima escalera,
World::Zones.Names.SB_Elevator_G.Banner,La sexta escalera,
World::Zones.Names.sb_Mines_C.Banner,Las minas espirales,
World::Chapter.Sandbox.Deep3.Name,El tercer abismo,
World::Chapter.Sandbox.Level3.Name,El tercer piso,
World::Zones.Names.SB_Elevator_D.Banner,La tercera escalera,
World::Landmarks.Ch4.UpperArmory,Las armerías superiores del Tercer Nivel,
World::Zones.Names.sb_City_B_Dwarrowdelf.Banner,Los salones superiores,
World::Landmarks.Ch5.BrokenSeal.Banner,Pozo de las Sombras,
World::Zones.Names.BalrogsNest.Banner,Pozo de las Sombras,
World::Chapter2.Name,Los salones occidentales,
World::Zones.Names.SB_Elevator_D,Tercera escalera,
World::Waypoint.Ch2.BlockedHighwayWestMines,Al Camino de Durin,
World::Waypoint.Ch2.BlockedHighwayWestTown,Al Camino de Durin,
World::Landmarks.Ch2.MinesDirtPlug,A las minas,
World::Landmarks.Ch3.ValleyOfDeadKings,Tumba de los reyes,
World::Zones.Names.SecretTombOfKings,La tumba secreta de los reyes,
World::Landmarks.Ch4.21stHall,Sala vigesimoprimera del ala norte,
World::Landmarks.Ch4.UpperArmory.Icon,Armerías superiores,
World::Zones.Names.DwarrowdelfCity,La ciudad de Pozo Oscuro,
World::Zones.Names.sb_City_B_Dwarrowdelf,Salones superiores,
World::Zones.Names.DeepGoblinTown1.Banner,Guarida de los Orcos de las Profundidades,
World::Zones.Names.DeepGoblinTown3.Banner,Guarida de los Orcos de las Profundidades,
World::Landmarks.Ch5.BrokenSeal,Pozo de las Sombras,
World::Zones.Names.BalrogsNest,Pozo de las Sombras,
World::Zones.Names.sb_Dragon_A,Pozo de las Sombras,
World::Landmarks.Ch2.MinesHeroShot,Minas occidentales,
World::Zones.Names.WesternTown,Puertas del Oeste,
World::Zones.Names.WesternTown.Banner,Puertas del Oeste,
World::Zones.Names.sb_Suburban_A_Westgate,Puertas del Oeste,
World::Waypoint.POI.PS5,Marca de {PSNName},
World::Waypoint.BalinCamp.UpperArmouries,Puesto Avanzado de Óin,
